Workbook

Sheet BASE DE DATOS
A1: dias laborales 2026 | B1: Preparacion | C1: Articulo | D1: Centro | E1: Volumen anual | F1: Piezas por minuto | G1: Piezas por hora | H1: piezas por dia(16h) | I1: piezas por dia(24h) | J1: Piezas por dia con OEE-24H | K1: Piezas por dia con OEE-16H | L1: piezas por semana (5dias)-24H | M1: piezas por semana (5dias)-16H | N1: %OEE
A2: 238 | B2: 0 | C2: 420321 | D2: 506 | E2: =VLOOKUP(C2,Hoja1!A2:B440,2,0) -> 220000 | F2: =G2/60 -> 83.333333 | G2: 5000 | H2: =G2*16 -> 80000 | I2: =G2*24 -> 120000 | J2: =I2*N2 -> 69288 | K2: =H2*N2 -> 46192 | L2: =I2*5 -> 600000 | M2: =H2*5 -> 400000 | N2: 0.5774
A3: 238 | B3: 0 | C3: 420323 | D3: 506 | E3: 80000 | F3: =G3/60 -> 50 | G3: 3000 | H3: =G3*16 -> 48000 | I3: =G3*24 -> 72000 | J3: =I3*N3 -> 43200 | K3: =H3*N3 -> 28800 | L3: =I3*5 -> 360000 | M3: =H3*5 -> 240000 | N3: 0.6
A4: 238 | B4: 0 | C4: 420324 | D4: 504 | E4: =VLOOKUP(C4,Hoja1!A4:B442,2,0) -> 362000 | F4: =G4/60 -> 48.333333 | G4: 2900 | H4: =G4*16 -> 46400 | I4: =G4*24 -> 69600 | J4: =I4*N4 -> 32426.64 | K4: =H4*N4 -> 21617.76 | L4: =I4*5 -> 348000 | M4: =H4*5 -> 232000 | N4: 0.4659
A5: 238 | B5: 0 | C5: 421016 | D5: 504 | E5: 40000 | F5: =G5/60 -> 70 | G5: 4200 | H5: =G5*16 -> 67200 | I5: =G5*24 -> 100800 | J5: =I5*N5 -> 88230.24 | K5: =H5*N5 -> 58820.16 | L5: =I5*5 -> 504000 | M5: =H5*5 -> 336000 | N5: 0.8753
A6: 238 | B6: 0 | C6: 421019 | D6: 506 | E6: =VLOOKUP(C6,Hoja1!A6:B444,2,0) -> 12000 | F6: =G6/60 -> 100 | G6: 6000 | H6: =G6*16 -> 96000 | I6: =G6*24 -> 144000 | J6: =I6*N6 -> 65462.4 | K6: =H6*N6 -> 43641.6 | L6: =I6*5 -> 720000 | M6: =H6*5 -> 480000 | N6: 0.4546
A7: 238 | B7: 0 | C7: 421109C | D7: 507 | E7: =VLOOKUP(C7,Hoja1!A7:B445,2,0) -> 3520000 | F7: =G7/60 -> 58.333333 | G7: 3500 | H7: =G7*16 -> 56000 | I7: =G7*24 -> 84000 | J7: =I7*N7 -> 63000 | K7: =H7*N7 -> 42000 | L7: =I7*5 -> 420000 | M7: =H7*5 -> 280000 | N7: 0.75
A8: 238 | B8: 0 | C8: 421175 | D8: 506 | E8: =VLOOKUP(C8,Hoja1!A8:B446,2,0) -> 0 | F8: =G8/60 -> 100 | G8: 6000 | H8: =G8*16 -> 96000 | I8: =G8*24 -> 144000 | J8: =I8*N8 -> 37828.8 | K8: =H8*N8 -> 25219.2 | L8: =I8*5 -> 720000 | M8: =H8*5 -> 480000 | N8: 0.2627
A9: 238 | B9: 0 | C9: 421404D | D9: 505 | E9: =VLOOKUP(C9,Hoja1!A9:B447,2,0) -> 180000 | F9: =G9/60 -> 50 | G9: 3000 | H9: =G9*16 -> 48000 | I9: =G9*24 -> 72000 | J9: =I9*N9 -> 46080 | K9: =H9*N9 -> 30720 | L9: =I9*5 -> 360000 | M9: =H9*5 -> 240000 | N9: 0.64
A10: 238 | B10: 0 | C10: 421429F | D10: 506 | E10: =VLOOKUP(C10,Hoja1!A10:B448,2,0) -> 1411200 | F10: =G10/60 -> 116.68333 | G10: 7001 | H10: =G10*16 -> 112016 | I10: =G10*24 -> 168024 | J10: =I10*N10 -> 117868.84 | K10: =H10*N10 -> 78579.224 | L10: =I10*5 -> 840120 | M10: =H10*5 -> 560080 | N10: 0.7015
A11: 238 | B11: 0 | C11: 421613A | D11: 505 | E11: =VLOOKUP(C11,Hoja1!A11:B449,2,0) -> 735000 | F11: =G11/60 -> 60 | G11: 3600 | H11: =G11*16 -> 57600 | I11: =G11*24 -> 86400 | J11: =I11*N11 -> 56160 | K11: =H11*N11 -> 37440 | L11: =I11*5 -> 432000 | M11: =H11*5 -> 288000 | N11: 0.65
A12: 238 | B12: 0 | C12: 421895B | D12: 502 | E12: =VLOOKUP(C12,Hoja1!A12:B450,2,0) -> 30000 | F12: =G12/60 -> 66.666667 | G12: 4000 | H12: =G12*16 -> 64000 | I12: =G12*24 -> 96000 | J12: =I12*N12 -> 39264 | K12: =H12*N12 -> 26176 | L12: =I12*5 -> 480000 | M12: =H12*5 -> 320000 | N12: 0.409
A13: 238 | B13: 0 | C13: 422060 | D13: 505 | E13: =VLOOKUP(C13,Hoja1!A13:B451,2,0) -> 0 | F13: =G13/60 -> 50 | G13: 3000 | H13: =G13*16 -> 48000 | I13: =G13*24 -> 72000 | J13: =I13*N13 -> 18993.6 | K13: =H13*N13 -> 12662.4 | L13: =I13*5 -> 360000 | M13: =H13*5 -> 240000 | N13: 0.2638
A14: 238 | B14: 0 | C14: 422086 | D14: 504 | E14: =VLOOKUP(C14,Hoja1!A14:B452,2,0) -> 1012000 | F14: =G14/60 -> 50 | G14: 3000 | H14: =G14*16 -> 48000 | I14: =G14*24 -> 72000 | J14: =I14*N14 -> 51033.6 | K14: =H14*N14 -> 34022.4 | L14: =I14*5 -> 360000 | M14: =H14*5 -> 240000 | N14: 0.7088
A15: 238 | B15: 0 | C15: 422087E | D15: 502 | E15: =VLOOKUP(C15,Hoja1!A15:B453,2,0) -> 792000 | F15: =G15/60 -> 58.333333 | G15: 3500 | H15: =G15*16 -> 56000 | I15: =G15*24 -> 84000 | J15: =I15*N15 -> 37800 | K15: =H15*N15 -> 25200 | L15: =I15*5 -> 420000 | M15: =H15*5 -> 280000 | N15: 0.45
A16: 238 | B16: 0 | C16: 422125A | D16: 504 | E16: =VLOOKUP(C16,Hoja1!A16:B454,2,0) -> 708000 | F16: =G16/60 -> 58.333333 | G16: 3500 | H16: =G16*16 -> 56000 | I16: =G16*24 -> 84000 | J16: =I16*N16 -> 50400 | K16: =H16*N16 -> 33600 | L16: =I16*5 -> 420000 | M16: =H16*5 -> 280000 | N16: 0.6
A17: 238 | B17: 0 | C17: 422125MAS | D17: 504 | E17: =VLOOKUP(C17,Hoja1!A17:B455,2,0) -> 20000 | F17: =G17/60 -> 58.333333 | G17: 3500 | H17: =G17*16 -> 56000 | I17: =G17*24 -> 84000 | J17: =I17*N17 -> 50400 | K17: =H17*N17 -> 33600 | L17: =I17*5 -> 420000 | M17: =H17*5 -> 280000 | N17: 0.6
A18: 238 | B18: 0 | C18: 422136 | D18: 505 | E18: =VLOOKUP(C18,Hoja1!A18:B456,2,0) -> 234000 | F18: =G18/60 -> 83.333333 | G18: 5000 | H18: =G18*16 -> 80000 | I18: =G18*24 -> 120000 | J18: =I18*N18 -> 72000 | K18: =H18*N18 -> 48000 | L18: =I18*5 -> 600000 | M18: =H18*5 -> 400000 | N18: 0.6
A19: 238 | B19: 0 | C19: 422151E | D19: 504 | E19: 20000 | F19: =G19/60 -> 50 | G19: 3000 | H19: =G19*16 -> 48000 | I19: =G19*24 -> 72000 | J19: =I19*N19 -> 43200 | K19: =H19*N19 -> 28800 | L19: =I19*5 -> 360000 | M19: =H19*5 -> 240000 | N19: 0.6
A20: 238 | B20: 0 | C20: 422449 | D20: 504 | E20: =VLOOKUP(C20,Hoja1!A20:B458,2,0) -> 1500000 | F20: =G20/60 -> 50 | G20: 3000 | H20: =G20*16 -> 48000 | I20: =G20*24 -> 72000 | J20: =I20*N20 -> 52891.2 | K20: =H20*N20 -> 35260.8 | L20: =I20*5 -> 360000 | M20: =H20*5 -> 240000 | N20: 0.7346
A21: 238 | B21: 0 | C21: 422661B | D21: 505 | E21: =VLOOKUP(C21,Hoja1!A21:B459,2,0) -> 0 | F21: =G21/60 -> 75 | G21: 4500 | H21: =G21*16 -> 72000 | I21: =G21*24 -> 108000 | J21: =I21*N21 -> 18662.4 | K21: =H21*N21 -> 12441.6 | L21: =I21*5 -> 540000 | M21: =H21*5 -> 360000 | N21: 0.1728
A22: 238 | B22: 0 | C22: 451383 | D22: 506 | E22: =VLOOKUP(C22,Hoja1!A22:B460,2,0) -> 254000 | F22: =G22/60 -> 80 | G22: 4800 | H22: =G22*16 -> 76800 | I22: =G22*24 -> 115200 | J22: =I22*N22 -> 78462.72 | K22: =H22*N22 -> 52308.48 | L22: =I22*5 -> 576000 | M22: =H22*5 -> 384000 | N22: 0.6811
A23: 238 | B23: 0 | C23: 451384 | D23: 504 | E23: =VLOOKUP(C23,Hoja1!A23:B461,2,0) -> 66000 | F23: =G23/60 -> 50 | G23: 3000 | H23: =G23*16 -> 48000 | I23: =G23*24 -> 72000 | J23: =I23*N23 -> 64562.4 | K23: =H23*N23 -> 43041.6 | L23: =I23*5 -> 360000 | M23: =H23*5 -> 240000 | N23: 0.8967
A24: 238 | B24: 0 | C24: 451558 | D24: 506 | E24: =VLOOKUP(C24,Hoja1!A24:B462,2,0) -> 66000 | F24: =G24/60 -> 20 | G24: 1200 | H24: =G24*16 -> 19200 | I24: =G24*24 -> 28800 | J24: =I24*N24 -> 20420.64 | K24: =H24*N24 -> 13613.76 | L24: =I24*5 -> 144000 | M24: =H24*5 -> 96000 | N24: 0.70905
A25: 238 | B25: 0 | C25: 422749D | D25: 506 | E25: =VLOOKUP(C25,Hoja1!A25:B463,2,0) -> 328000 | F25: =G25/60 -> 50 | G25: 3000 | H25: =G25*16 -> 48000 | I25: =G25*24 -> 72000 | J25: =I25*N25 -> 28800 | K25: =H25*N25 -> 19200 | L25: =I25*5 -> 360000 | M25: =H25*5 -> 240000 | N25: 0.4
A26: 238 | B26: 0 | C26: 422016 | D26: 522 | E26: =VLOOKUP(C26,Hoja1!A26:B464,2,0) -> 3780000 | F26: =G26/60 -> 50 | G26: 3000 | H26: =G26*16 -> 48000 | I26: =G26*24 -> 72000 | J26: =I26*N26 -> 32400 | K26: =H26*N26 -> 21600 | L26: =I26*5 -> 360000 | M26: =H26*5 -> 240000 | N26: 0.45
A27: 238 | B27: 0 | C27: 453195 | D27: 522 | E27: =VLOOKUP(C27,Hoja1!A27:B465,2,0) -> 344000 | F27: =G27/60 -> 16.666667 | G27: 1000 | H27: =G27*16 -> 16000 | I27: =G27*24 -> 24000 | J27: =I27*N27 -> 10800 | K27: =H27*N27 -> 7200 | L27: =I27*5 -> 120000 | M27: =H27*5 -> 80000 | N27: 0.45
A28: 238 | B28: 0 | C28: 421654 | D28: 521 | E28: =VLOOKUP(C28,Hoja1!A28:B466,2,0) -> 12064000 | F28: 130 | G28: =F28*60 -> 7800 | H28: =G28*16 -> 124800 | I28: =G28*24 -> 187200 | J28: =I28*N28 -> 131040 | K28: =H28*N28 -> 87360 | L28: =I28*5 -> 936000 | M28: =H28*5 -> 624000 | N28: 0.7
A29: 238 | B29: 0 | C29: 421809B | D29: 502 | E29: =VLOOKUP(C29,Hoja1!A29:B467,2,0) -> 7700000 | F29: 100 | G29: =F29*60 -> 6000 | H29: =G29*16 -> 96000 | I29: =G29*24 -> 144000 | J29: =I29*N29 -> 76708.8 | K29: =H29*N29 -> 51139.2 | L29: =I29*5 -> 720000 | M29: =H29*5 -> 480000 | N29: 0.5327
A30: 238 | B30: 0 | C30: 422413A | D30: 523 | E30: 1840000 | F30: 80 | G30: =F30*60 -> 4800 | H30: =G30*16 -> 76800 | I30: =G30*24 -> 115200 | J30: =I30*N30 -> 74880 | K30: =H30*N30 -> 49920 | L30: =I30*5 -> 576000 | M30: =H30*5 -> 384000 | N30: 0.65
A31: 238 | B31: 0 | C31: 421728I | D31: 521 | E31: 608000 | F31: 122 | G31: =F31*60 -> 7320 | H31: =G31*16 -> 117120 | I31: =G31*24 -> 175680 | J31: =I31*N31 -> 70272 | K31: =H31*N31 -> 46848 | L31: =I31*5 -> 878400 | M31: =H31*5 -> 585600 | N31: 0.4
A32: 238 | B32: 0 | C32: 421653L | D32: 520 | E32: =VLOOKUP(C32,Hoja1!A32:B470,2,0) -> 23312000 | F32: 140 | G32: =F32*60 -> 8400 | H32: =G32*16 -> 134400 | I32: =G32*24 -> 201600 | J32: =I32*N32 -> 151200 | K32: =H32*N32 -> 100800 | L32: =I32*5 -> 1008000 | M32: =H32*5 -> 672000 | N32: 0.75
A33: 238 | B33: 0 | C33: 421979B | D33: 550 | E33: =VLOOKUP(C33,Hoja1!A33:B471,2,0) -> 7200000 | F33: 300 | G33: =F33*60 -> 18000 | H33: =G33*16 -> 288000 | I33: =G33*24 -> 432000 | J33: =I33*N33 -> 216000 | K33: =H33*N33 -> 144000 | L33: =I33*5 -> 2160000 | M33: =H33*5 -> 1440000 | N33: 0.5
A34: 238 | B34: 0 | C34: 422185 | D34: 550 | E34: =VLOOKUP(C34,Hoja1!A34:B472,2,0) -> 290000 | F34: 50 | G34: =F34*60 -> 3000 | H34: =G34*16 -> 48000 | I34: =G34*24 -> 72000 | J34: =I34*N34 -> 33782.4 | K34: =H34*N34 -> 22521.6 | L34: =I34*5 -> 360000 | M34: =H34*5 -> 240000 | N34: 0.4692
A35: 238 | B35: 0 | C35: 422468A | D35: 550 | E35: =VLOOKUP(C35,Hoja1!A35:B473,2,0) -> 96000 | F35: 50 | G35: =F35*60 -> 3000 | H35: =G35*16 -> 48000 | I35: =G35*24 -> 72000 | J35: =I35*N35 -> 38138.4 | K35: =H35*N35 -> 25425.6 | L35: =I35*5 -> 360000 | M35: =H35*5 -> 240000 | N35: 0.5297
A36: 238 | B36: 0 | C36: 422089A | D36: 500 | E36: =VLOOKUP(C36,Hoja1!A36:B474,2,0) -> 1194000 | F36: 100 | G36: =F36*60 -> 6000 | H36: =G36*16 -> 96000 | I36: =G36*24 -> 144000 | J36: =I36*N36 -> 79200 | K36: =H36*N36 -> 52800 | L36: =I36*5 -> 720000 | M36: =H36*5 -> 480000 | N36: 0.55
A37: 238 | B37: 0 | C37: 422003 | D37: 550 | E37: =VLOOKUP(C37,Hoja1!A37:B475,2,0) -> 864000 | F37: 83 | G37: =F37*60 -> 4980 | H37: =G37*16 -> 79680 | I37: =G37*24 -> 119520 | J37: =I37*N37 -> 59760 | K37: =H37*N37 -> 39840 | L37: =I37*5 -> 597600 | M37: =H37*5 -> 398400 | N37: 0.5
A38: 238 | B38: 0 | C38: 422054B | D38: 550 | E38: =VLOOKUP(C38,Hoja1!A38:B476,2,0) -> 1908000 | F38: 83 | G38: =F38*60 -> 4980 | H38: =G38*16 -> 79680 | I38: =G38*24 -> 119520 | J38: =I38*N38 -> 59676.336 | K38: =H38*N38 -> 39784.224 | L38: =I38*5 -> 597600 | M38: =H38*5 -> 398400 | N38: 0.4993
A39: 238 | B39: 0 | C39: 422470 | D39: 550 | E39: =VLOOKUP(C39,Hoja1!A39:B477,2,0) -> 216000 | F39: 100 | G39: =F39*60 -> 6000 | H39: =G39*16 -> 96000 | I39: =G39*24 -> 144000 | J39: =I39*N39 -> 65188.8 | K39: =H39*N39 -> 43459.2 | L39: =I39*5 -> 720000 | M39: =H39*5 -> 480000 | N39: 0.4527
A40: 238 | B40: 0 | C40: 422216D | D40: 550 | E40: =VLOOKUP(C40,Hoja1!A40:B478,2,0) -> 0 | F40: 83 | G40: =F40*60 -> 4980 | H40: =G40*16 -> 79680 | I40: =G40*24 -> 119520 | J40: =I40*N40 -> 20736.72 | K40: =H40*N40 -> 13824.48 | L40: =I40*5 -> 597600 | M40: =H40*5 -> 398400 | N40: 0.1735
A41: 238 | B41: 0 | C41: 422440B | D41: 500 | E41: =VLOOKUP(C41,Hoja1!A41:B479,2,0) -> 400000 | F41: 100 | G41: =F41*60 -> 6000 | H41: =G41*16 -> 96000 | I41: =G41*24 -> 144000 | J41: =I41*N41 -> 34156.8 | K41: =H41*N41 -> 22771.2 | L41: =I41*5 -> 720000 | M41: =H41*5 -> 480000 | N41: 0.2372
A42: 238 | B42: 0 | C42: 422088 | D42: 500 | E42: =VLOOKUP(C42,Hoja1!A42:B480,2,0) -> 912000 | F42: 83 | G42: =F42*60 -> 4980 | H42: =G42*16 -> 79680 | I42: =G42*24 -> 119520 | J42: =I42*N42 -> 49815.936 | K42: =H42*N42 -> 33210.624 | L42: =I42*5 -> 597600 | M42: =H42*5 -> 398400 | N42: 0.4168
A43: 238 | B43: 0 | C43: 421910A | D43: 500 | E43: =VLOOKUP(C43,Hoja1!A43:B481,2,0) -> 1920000 | F43: 80 | G43: =F43*60 -> 4800 | H43: =G43*16 -> 76800 | I43: =G43*24 -> 115200 | J43: =I43*N43 -> 57600 | K43: =H43*N43 -> 38400 | L43: =I43*5 -> 576000 | M43: =H43*5 -> 384000 | N43: 0.5
A44: 238 | B44: 0 | C44: 422007 | D44: 500 | E44: =VLOOKUP(C44,Hoja1!A44:B482,2,0) -> 580000 | F44: 100 | G44: =F44*60 -> 6000 | H44: =G44*16 -> 96000 | I44: =G44*24 -> 144000 | J44: =I44*N44 -> 72000 | K44: =H44*N44 -> 48000 | L44: =I44*5 -> 720000 | M44: =H44*5 -> 480000 | N44: 0.5
A45: 238 | B45: 0 | C45: 422420 | D45: 500 | E45: =VLOOKUP(C45,Hoja1!A45:B483,2,0) -> 40000 | F45: 83 | G45: =F45*60 -> 4980 | H45: =G45*16 -> 79680 | I45: =G45*24 -> 119520 | J45: =I45*N45 -> 84859.2 | K45: =H45*N45 -> 56572.8 | L45: =I45*5 -> 597600 | M45: =H45*5 -> 398400 | N45: 0.71
A46: 238 | B46: 0 | C46: 422480 | D46: 500 | E46: =VLOOKUP(C46,Hoja1!A46:B484,2,0) -> 106500 | F46: 50 | G46: =F46*60 -> 3000 | H46: =G46*16 -> 48000 | I46: =G46*24 -> 72000 | J46: =I46*N46 -> 36000 | K46: =H46*N46 -> 24000 | L46: =I46*5 -> 360000 | M46: =H46*5 -> 240000 | N46: 0.5
A47: 238 | B47: 0 | C47: 422481 | D47: 500 | E47: =VLOOKUP(C47,Hoja1!A47:B485,2,0) -> 28000 | F47: 50 | G47: =F47*60 -> 3000 | H47: =G47*16 -> 48000 | I47: =G47*24 -> 72000 | J47: =I47*N47 -> 36000 | K47: =H47*N47 -> 24000 | L47: =I47*5 -> 360000 | M47: =H47*5 -> 240000 | N47: 0.5
A48: 238 | B48: 0 | C48: 422297 | D48: 500 | E48: =VLOOKUP(C48,Hoja1!A48:B486,2,0) -> 2080000 | F48: 400 | G48: =F48*60 -> 24000 | H48: =G48*16 -> 384000 | I48: =G48*24 -> 576000 | J48: =I48*N48 -> 432000 | K48: =H48*N48 -> 288000 | L48: =I48*5 -> 2880000 | M48: =H48*5 -> 1920000 | N48: 0.75
A49: 238 | B49: 0 | C49: 422144A | D49: 500 | E49: =VLOOKUP(C49,Hoja1!A49:B487,2,0) -> 258000 | F49: 83 | G49: =F49*60 -> 4980 | H49: =G49*16 -> 79680 | I49: =G49*24 -> 119520 | J49: =I49*N49 -> 59760 | K49: =H49*N49 -> 39840 | L49: =I49*5 -> 597600 | M49: =H49*5 -> 398400 | N49: 0.5
A50: 238 | B50: 0 | C50: 421867 | D50: 550 | E50: =VLOOKUP(C50,Hoja1!A50:B488,2,0) -> 756000 | F50: 80 | G50: =F50*60 -> 4800 | H50: =G50*16 -> 76800 | I50: =G50*24 -> 115200 | J50: =I50*N50 -> 72610.56 | K50: =H50*N50 -> 48407.04 | L50: =I50*5 -> 576000 | M50: =H50*5 -> 384000 | N50: 0.6303
A51: 238 | B51: 0 | C51: 422262 | D51: 500 | E51: =VLOOKUP(C51,Hoja1!A51:B489,2,0) -> 64000 | F51: 100 | G51: =F51*60 -> 6000 | H51: =G51*16 -> 96000 | I51: =G51*24 -> 144000 | J51: =I51*N51 -> 25228.8 | K51: =H51*N51 -> 16819.2 | L51: =I51*5 -> 720000 | M51: =H51*5 -> 480000 | N51: 0.1752
A52: 238 | B52: 0 | C52: 422459 | D52: 500 | E52: =VLOOKUP(C52,Hoja1!A52:B490,2,0) -> 80000 | F52: 400 | G52: =F52*60 -> 24000 | H52: =G52*16 -> 384000 | I52: =G52*24 -> 576000 | J52: =I52*N52 -> 432000 | K52: =H52*N52 -> 288000 | L52: =I52*5 -> 2880000 | M52: =H52*5 -> 1920000 | N52: 0.75
A53: 238 | B53: 0 | C53: 421075A | D53: 501 | E53: =VLOOKUP(C53,Hoja1!A53:B491,2,0) -> 1081470 | F53: 58 | G53: =F53*60 -> 3480 | H53: =G53*16 -> 55680 | I53: =G53*24 -> 83520 | J53: =I53*N53 -> 41760 | K53: =H53*N53 -> 27840 | L53: =I53*5 -> 417600 | M53: =H53*5 -> 278400 | N53: 0.5
A54: 238 | B54: 0 | C54: 421686 | D54: 501 | E54: =VLOOKUP(C54,Hoja1!A54:B492,2,0) -> 30000 | F54: 50 | G54: =F54*60 -> 3000 | H54: =G54*16 -> 48000 | I54: =G54*24 -> 72000 | J54: =I54*N54 -> 34884 | K54: =H54*N54 -> 23256 | L54: =I54*5 -> 360000 | M54: =H54*5 -> 240000 | N54: 0.4845
A55: 238 | B55: 0 | C55: 422443 | D55: 523 | E55: 4548000 | F55: 120 | G55: 4000 | H55: =G55*16 -> 64000 | I55: =G55*24 -> 96000 | J55: =I55*N55 -> 76800 | K55: =H55*N55 -> 51200 | L55: =I55*5 -> 480000 | M55: =H55*5 -> 320000 | N55: 0.8
A56: 238 | B56: 0 | C56: 422444 | D56: 523 | E56: 4548000 | F56: 120 | G56: 4000 | H56: =G56*16 -> 64000 | I56: =G56*24 -> 96000 | J56: =I56*N56 -> 76800 | K56: =H56*N56 -> 51200 | L56: =I56*5 -> 480000 | M56: =H56*5 -> 320000 | N56: 0.8
A57: 238 | B57: 0 | C57: 422097 | D57: 523 | E57: 9574162 | F57: 120 | G57: 8500 | H57: =G57*16 -> 136000 | I57: =G57*24 -> 204000 | J57: =I57*N57 -> 163200 | K57: =H57*N57 -> 108800 | L57: =I57*5 -> 1020000 | M57: =H57*5 -> 680000 | N57: 0.8
A58: 238 | B58: 0 | C58: 422769 | D58: 523 | E58: 158800 | F58: =G58/60 -> 66.666667 | G58: 4000 | H58: =G58*16 -> 64000 | I58: =G58*24 -> 96000 | J58: =I58*N58 -> 76800 | K58: =H58*N58 -> 51200 | L58: =I58*5 -> 480000 | M58: =H58*5 -> 320000 | N58: 0.8
A59: 238 | B59: 0 | C59: 400208 | D59: 142 | E59: =IFERROR(VLOOKUP(C59,Hoja1!A$2:B492,2,0),"0") -> 688600 | F59: =G59/60 -> 133.33333 | G59: =VLOOKUP(C59,Hoja2!A:C,3,0) -> 8000 | H59: =G59*16 -> 128000 | I59: =G59*24 -> 192000 | J59: =I59*N59 -> 140874.61 | K59: =H59*N59 -> 93916.405 | L59: =I59*5 -> 960000 | M59: =H59*5 -> 640000 | N59: =IFERROR(VLOOKUP(D59,Hoja2!B:D,3,0),"100%") -> 0.73372192
A60: 238 | B60: 0 | C60: 400211 | D60: 142 | E60: =IFERROR(VLOOKUP(C60,Hoja1!A$2:B497,2,0),"0") -> 644600 | F60: =G60/60 -> 133.33333 | G60: =VLOOKUP(C60,Hoja2!A:C,3,0) -> 8000 | H60: =G60*16 -> 128000 | I60: =G60*24 -> 192000 | J60: =I60*N60 -> 140874.61 | K60: =H60*N60 -> 93916.405 | L60: =I60*5 -> 960000 | M60: =H60*5 -> 640000 | N60: =IFERROR(VLOOKUP(D60,Hoja2!B:D,3,0),"100%") -> 0.73372192
A61: 238 | B61: 0 | C61: 400213 | D61: 142 | E61: =IFERROR(VLOOKUP(C61,Hoja1!A$2:B502,2,0),"0") -> 83600 | F61: =G61/60 -> 133.33333 | G61: =VLOOKUP(C61,Hoja2!A:C,3,0) -> 8000 | H61: =G61*16 -> 128000 | I61: =G61*24 -> 192000 | J61: =I61*N61 -> 140874.61 | K61: =H61*N61 -> 93916.405 | L61: =I61*5 -> 960000 | M61: =H61*5 -> 640000 | N61: =IFERROR(VLOOKUP(D61,Hoja2!B:D,3,0),"100%") -> 0.73372192
A62: 238 | B62: 0 | C62: 400213R | D62: 142 | E62: =IFERROR(VLOOKUP(C62,Hoja1!A$2:B507,2,0),"0") -> 83600 | F62: =G62/60 -> 116.66667 | G62: =VLOOKUP(C62,Hoja2!A:C,3,0) -> 7000 | H62: =G62*16 -> 112000 | I62: =G62*24 -> 168000 | J62: =I62*N62 -> 123265.28 | K62: =H62*N62 -> 82176.854 | L62: =I62*5 -> 840000 | M62: =H62*5 -> 560000 | N62: =IFERROR(VLOOKUP(D62,Hoja2!B:D,3,0),"100%") -> 0.73372192
A63: 238 | B63: 0 | C63: 400279 | D63: 124 | E63: =IFERROR(VLOOKUP(C63,Hoja1!A$2:B512,2,0),"0") -> 0 | F63: =G63/60 -> 100 | G63: =VLOOKUP(C63,Hoja2!A:C,3,0) -> 6000 | H63: =G63*16 -> 96000 | I63: =G63*24 -> 144000 | J63: =I63*N63 -> 109521.13 | K63: =H63*N63 -> 73014.085 | L63: =I63*5 -> 720000 | M63: =H63*5 -> 480000 | N63: =IFERROR(VLOOKUP(D63,Hoja2!B:D,3,0),"100%") -> 0.76056338
A64: 238 | B64: 0 | C64: 400291R | D64: 142 | E64: =IFERROR(VLOOKUP(C64,Hoja1!A$2:B517,2,0),"0") -> 110000 | F64: =G64/60 -> 116.66667 | G64: =VLOOKUP(C64,Hoja2!A:C,3,0) -> 7000 | H64: =G64*16 -> 112000 | I64: =G64*24 -> 168000 | J64: =I64*N64 -> 123265.28 | K64: =H64*N64 -> 82176.854 | L64: =I64*5 -> 840000 | M64: =H64*5 -> 560000 | N64: =IFERROR(VLOOKUP(D64,Hoja2!B:D,3,0),"100%") -> 0.73372192
A65: 238 | B65: 0 | C65: 400292 | D65: 142 | E65: =IFERROR(VLOOKUP(C65,Hoja1!A$2:B522,2,0),"0") -> 24200 | F65: =G65/60 -> 133.33333 | G65: =VLOOKUP(C65,Hoja2!A:C,3,0) -> 8000 | H65: =G65*16 -> 128000 | I65: =G65*24 -> 192000 | J65: =I65*N65 -> 140874.61 | K65: =H65*N65 -> 93916.405 | L65: =I65*5 -> 960000 | M65: =H65*5 -> 640000 | N65: =IFERROR(VLOOKUP(D65,Hoja2!B:D,3,0),"100%") -> 0.73372192
A66: 238 | B66: 0 | C66: 400293 | D66: 142 | E66: =IFERROR(VLOOKUP(C66,Hoja1!A$2:B527,2,0),"0") -> 1414600 | F66: =G66/60 -> 166.66667 | G66: =VLOOKUP(C66,Hoja2!A:C,3,0) -> 10000 | H66: =G66*16 -> 160000 | I66: =G66*24 -> 240000 | J66: =I66*N66 -> 176093.26 | K66: =H66*N66 -> 117395.51 | L66: =I66*5 -> 1200000 | M66: =H66*5 -> 800000 | N66: =IFERROR(VLOOKUP(D66,Hoja2!B:D,3,0),"100%") -> 0.73372192
A67: 238 | B67: 0 | C67: 400296 | D67: 142 | E67: =IFERROR(VLOOKUP(C67,Hoja1!A$2:B532,2,0),"0") -> 338800 | F67: =G67/60 -> 166.66667 | G67: =VLOOKUP(C67,Hoja2!A:C,3,0) -> 10000 | H67: =G67*16 -> 160000 | I67: =G67*24 -> 240000 | J67: =I67*N67 -> 176093.26 | K67: =H67*N67 -> 117395.51 | L67: =I67*5 -> 1200000 | M67: =H67*5 -> 800000 | N67: =IFERROR(VLOOKUP(D67,Hoja2!B:D,3,0),"100%") -> 0.73372192
A68: 238 | B68: 0 | C68: 400298 | D68: 142 | E68: =IFERROR(VLOOKUP(C68,Hoja1!A$2:B537,2,0),"0") -> 145200 | F68: =G68/60 -> 166.66667 | G68: =VLOOKUP(C68,Hoja2!A:C,3,0) -> 10000 | H68: =G68*16 -> 160000 | I68: =G68*24 -> 240000 | J68: =I68*N68 -> 176093.26 | K68: =H68*N68 -> 117395.51 | L68: =I68*5 -> 1200000 | M68: =H68*5 -> 800000 | N68: =IFERROR(VLOOKUP(D68,Hoja2!B:D,3,0),"100%") -> 0.73372192
A69: 238 | B69: 0 | C69: 400299 | D69: 142 | E69: =IFERROR(VLOOKUP(C69,Hoja1!A$2:B542,2,0),"0") -> 169400 | F69: =G69/60 -> 166.66667 | G69: =VLOOKUP(C69,Hoja2!A:C,3,0) -> 10000 | H69: =G69*16 -> 160000 | I69: =G69*24 -> 240000 | J69: =I69*N69 -> 176093.26 | K69: =H69*N69 -> 117395.51 | L69: =I69*5 -> 1200000 | M69: =H69*5 -> 800000 | N69: =IFERROR(VLOOKUP(D69,Hoja2!B:D,3,0),"100%") -> 0.73372192
A70: 238 | B70: 0 | C70: 400303 | D70: 142 | E70: =IFERROR(VLOOKUP(C70,Hoja1!A$2:B547,2,0),"0") -> 24200 | F70: =G70/60 -> 100 | G70: =VLOOKUP(C70,Hoja2!A:C,3,0) -> 6000 | H70: =G70*16 -> 96000 | I70: =G70*24 -> 144000 | J70: =I70*N70 -> 105655.96 | K70: =H70*N70 -> 70437.304 | L70: =I70*5 -> 720000 | M70: =H70*5 -> 480000 | N70: =IFERROR(VLOOKUP(D70,Hoja2!B:D,3,0),"100%") -> 0.73372192
A71: 238 | B71: 0 | C71: 400311 | D71: 142 | E71: =IFERROR(VLOOKUP(C71,Hoja1!A$2:B552,2,0),"0") -> 1573000 | F71: =G71/60 -> 166.66667 | G71: =VLOOKUP(C71,Hoja2!A:C,3,0) -> 10000 | H71: =G71*16 -> 160000 | I71: =G71*24 -> 240000 | J71: =I71*N71 -> 176093.26 | K71: =H71*N71 -> 117395.51 | L71: =I71*5 -> 1200000 | M71: =H71*5 -> 800000 | N71: =IFERROR(VLOOKUP(D71,Hoja2!B:D,3,0),"100%") -> 0.73372192
A72: 238 | B72: 0 | C72: 400312 | D72: 406 | E72: =IFERROR(VLOOKUP(C72,Hoja1!A$2:B557,2,0),"0") -> 59400 | F72: =G72/60 -> 66.666667 | G72: =VLOOKUP(C72,Hoja2!A:C,3,0) -> 4000 | H72: =G72*16 -> 64000 | I72: =G72*24 -> 96000 | J72: =I72*N72 -> 51618.141 | K72: =H72*N72 -> 34412.094 | L72: =I72*5 -> 480000 | M72: =H72*5 -> 320000 | N72: =IFERROR(VLOOKUP(D72,Hoja2!B:D,3,0),"100%") -> 0.53768897
A73: 238 | B73: 0 | C73: 400312R | D73: 406 | E73: =IFERROR(VLOOKUP(C73,Hoja1!A$2:B562,2,0),"0") -> 72600 | F73: =G73/60 -> 66.666667 | G73: =VLOOKUP(C73,Hoja2!A:C,3,0) -> 4000 | H73: =G73*16 -> 64000 | I73: =G73*24 -> 96000 | J73: =I73*N73 -> 51618.141 | K73: =H73*N73 -> 34412.094 | L73: =I73*5 -> 480000 | M73: =H73*5 -> 320000 | N73: =IFERROR(VLOOKUP(D73,Hoja2!B:D,3,0),"100%") -> 0.53768897
A74: 238 | B74: 0 | C74: 400314 | D74: 401 | E74: =IFERROR(VLOOKUP(C74,Hoja1!A$2:B567,2,0),"0") -> 83600 | F74: =G74/60 -> 38.333333 | G74: =VLOOKUP(C74,Hoja2!A:C,3,0) -> 2300 | H74: =G74*16 -> 36800 | I74: =G74*24 -> 55200 | J74: =I74*N74 -> 30013.303 | K74: =H74*N74 -> 20008.869 | L74: =I74*5 -> 276000 | M74: =H74*5 -> 184000 | N74: =IFERROR(VLOOKUP(D74,Hoja2!B:D,3,0),"100%") -> 0.54371926
A75: 238 | B75: 0 | C75: 402079 | D75: 136 | E75: =IFERROR(VLOOKUP(C75,Hoja1!A$2:B576,2,0),"0") -> 0 | F75: =G75/60 -> 66.666667 | G75: =VLOOKUP(C75,Hoja2!A:C,3,0) -> 4000 | H75: =G75*16 -> 64000 | I75: =G75*24 -> 96000 | J75: =I75*N75 -> 70182.974 | K75: =H75*N75 -> 46788.649 | L75: =I75*5 -> 480000 | M75: =H75*5 -> 320000 | N75: =IFERROR(VLOOKUP(D75,Hoja2!B:D,3,0),"100%") -> 0.73107264
A76: 238 | B76: 0 | C76: 403076 | D76: 207 | E76: =IFERROR(VLOOKUP(C76,Hoja1!A$2:B578,2,0),"0") -> 1102200 | F76: =G76/60 -> 30 | G76: =VLOOKUP(C76,Hoja2!A:C,3,0) -> 1800 | H76: =G76*16 -> 28800 | I76: =G76*24 -> 43200 | J76: =I76*N76 -> 39124.225 | K76: =H76*N76 -> 26082.817 | L76: =I76*5 -> 216000 | M76: =H76*5 -> 144000 | N76: =IFERROR(VLOOKUP(D76,Hoja2!B:D,3,0),"100%") -> 0.90565336
A77: 238 | B77: 0 | C77: 403085 | D77: 214 | E77: =IFERROR(VLOOKUP(C77,Hoja1!A$2:B582,2,0),"0") -> 266200 | F77: =G77/60 -> 30 | G77: =VLOOKUP(C77,Hoja2!A:C,3,0) -> 1800 | H77: =G77*16 -> 28800 | I77: =G77*24 -> 43200 | J77: =I77*N77 -> 39648.105 | K77: =H77*N77 -> 26432.07 | L77: =I77*5 -> 216000 | M77: =H77*5 -> 144000 | N77: =IFERROR(VLOOKUP(D77,Hoja2!B:D,3,0),"100%") -> 0.91778021
A78: 238 | B78: 0 | C78: 403092 | D78: 207 | E78: =IFERROR(VLOOKUP(C78,Hoja1!A$2:B586,2,0),"0") -> 0 | F78: =G78/60 -> 21.666667 | G78: =VLOOKUP(C78,Hoja2!A:C,3,0) -> 1300 | H78: =G78*16 -> 20800 | I78: =G78*24 -> 31200 | J78: =I78*N78 -> 28256.385 | K78: =H78*N78 -> 18837.59 | L78: =I78*5 -> 156000 | M78: =H78*5 -> 104000 | N78: =IFERROR(VLOOKUP(D78,Hoja2!B:D,3,0),"100%") -> 0.90565336
A79: 238 | B79: 0 | C79: 403106 | D79: 207 | E79: =IFERROR(VLOOKUP(C79,Hoja1!A$2:B590,2,0),"0") -> 0 | F79: =G79/60 -> 10 | G79: =VLOOKUP(C79,Hoja2!A:C,3,0) -> 600 | H79: =G79*16 -> 9600 | I79: =G79*24 -> 14400 | J79: =I79*N79 -> 13041.408 | K79: =H79*N79 -> 8694.2722 | L79: =I79*5 -> 72000 | M79: =H79*5 -> 48000 | N79: =IFERROR(VLOOKUP(D79,Hoja2!B:D,3,0),"100%") -> 0.90565336
A80: 238 | B80: 0 | C80: 403109 | D80: 207 | E80: =IFERROR(VLOOKUP(C80,Hoja1!A$2:B595,2,0),"0") -> 132000 | F80: =G80/60 -> 13.333333 | G80: =VLOOKUP(C80,Hoja2!A:C,3,0) -> 800 | H80: =G80*16 -> 12800 | I80: =G80*24 -> 19200 | J80: =I80*N80 -> 17388.544 | K80: =H80*N80 -> 11592.363 | L80: =I80*5 -> 96000 | M80: =H80*5 -> 64000 | N80: =IFERROR(VLOOKUP(D80,Hoja2!B:D,3,0),"100%") -> 0.90565336
A81: 238 | B81: 0 | C81: 403110 | D81: 207 | E81: =IFERROR(VLOOKUP(C81,Hoja1!A$2:B600,2,0),"0") -> 110000 | F81: =G81/60 -> 10 | G81: =VLOOKUP(C81,Hoja2!A:C,3,0) -> 600 | H81: =G81*16 -> 9600 | I81: =G81*24 -> 14400 | J81: =I81*N81 -> 13041.408 | K81: =H81*N81 -> 8694.2722 | L81: =I81*5 -> 72000 | M81: =H81*5 -> 48000 | N81: =IFERROR(VLOOKUP(D81,Hoja2!B:D,3,0),"100%") -> 0.90565336
A82: 238 | B82: 0 | C82: 403577 | D82: 207 | E82: =IFERROR(VLOOKUP(C82,Hoja1!A$2:B605,2,0),"0") -> 0 | F82: =G82/60 -> 10 | G82: =VLOOKUP(C82,Hoja2!A:C,3,0) -> 600 | H82: =G82*16 -> 9600 | I82: =G82*24 -> 14400 | J82: =I82*N82 -> 13041.408 | K82: =H82*N82 -> 8694.2722 | L82: =I82*5 -> 72000 | M82: =H82*5 -> 48000 | N82: =IFERROR(VLOOKUP(D82,Hoja2!B:D,3,0),"100%") -> 0.90565336
A83: 238 | B83: 0 | C83: 403584 | D83: 213 | E83: =IFERROR(VLOOKUP(C83,Hoja1!A$2:B609,2,0),"0") -> 24200 | F83: =G83/60 -> 10 | G83: =VLOOKUP(C83,Hoja2!A:C,3,0) -> 600 | H83: =G83*16 -> 9600 | I83: =G83*24 -> 14400 | J83: =I83*N83 -> 12846.444 | K83: =H83*N83 -> 8564.2958 | L83: =I83*5 -> 72000 | M83: =H83*5 -> 48000 | N83: =IFERROR(VLOOKUP(D83,Hoja2!B:D,3,0),"100%") -> 0.89211414
A84: 238 | B84: 0 | C84: 403763 | D84: 207 | E84: =IFERROR(VLOOKUP(C84,Hoja1!A$2:B614,2,0),"0") -> 0 | F84: =G84/60 -> 20 | G84: =VLOOKUP(C84,Hoja2!A:C,3,0) -> 1200 | H84: =G84*16 -> 19200 | I84: =G84*24 -> 28800 | J84: =I84*N84 -> 26082.817 | K84: =H84*N84 -> 17388.544 | L84: =I84*5 -> 144000 | M84: =H84*5 -> 96000 | N84: =IFERROR(VLOOKUP(D84,Hoja2!B:D,3,0),"100%") -> 0.90565336
A85: 238 | B85: 0 | C85: 403844 | D85: 207 | E85: =IFERROR(VLOOKUP(C85,Hoja1!A$2:B618,2,0),"0") -> 0 | F85: =G85/60 -> 13.333333 | G85: =VLOOKUP(C85,Hoja2!A:C,3,0) -> 800 | H85: =G85*16 -> 12800 | I85: =G85*24 -> 19200 | J85: =I85*N85 -> 17388.544 | K85: =H85*N85 -> 11592.363 | L85: =I85*5 -> 96000 | M85: =H85*5 -> 64000 | N85: =IFERROR(VLOOKUP(D85,Hoja2!B:D,3,0),"100%") -> 0.90565336
A86: 238 | B86: 0 | C86: 403901 | D86: 213 | E86: =IFERROR(VLOOKUP(C86,Hoja1!A$2:B624,2,0),"0") -> 327800 | F86: =G86/60 -> 20 | G86: =VLOOKUP(C86,Hoja2!A:C,3,0) -> 1200 | H86: =G86*16 -> 19200 | I86: =G86*24 -> 28800 | J86: =I86*N86 -> 25692.887 | K86: =H86*N86 -> 17128.592 | L86: =I86*5 -> 144000 | M86: =H86*5 -> 96000 | N86: =IFERROR(VLOOKUP(D86,Hoja2!B:D,3,0),"100%") -> 0.89211414
A87: 238 | B87: 0 | C87: 403970 | D87: 217 | E87: =IFERROR(VLOOKUP(C87,Hoja1!A$2:B628,2,0),"0") -> 0 | F87: =G87/60 -> 41.666667 | G87: =VLOOKUP(C87,Hoja2!A:C,3,0) -> 2500 | H87: =G87*16 -> 40000 | I87: =G87*24 -> 60000 | J87: =I87*N87 -> 51822.021 | K87: =H87*N87 -> 34548.014 | L87: =I87*5 -> 300000 | M87: =H87*5 -> 200000 | N87: =IFERROR(VLOOKUP(D87,Hoja2!B:D,3,0),"100%") -> 0.86370035
A88: 238 | B88: 0 | C88: 403978A | D88: 221 | E88: =IFERROR(VLOOKUP(C88,Hoja1!A$2:B633,2,0),"0") -> 121000 | F88: =G88/60 -> 16.666667 | G88: =VLOOKUP(C88,Hoja2!A:C,3,0) -> 1000 | H88: =G88*16 -> 16000 | I88: =G88*24 -> 24000 | J88: =I88*N88 -> 20748.426 | K88: =H88*N88 -> 13832.284 | L88: =I88*5 -> 120000 | M88: =H88*5 -> 80000 | N88: =IFERROR(VLOOKUP(D88,Hoja2!B:D,3,0),"100%") -> 0.86451774
A89: 238 | B89: 0 | C89: 403980A | D89: 217 | E89: =IFERROR(VLOOKUP(C89,Hoja1!A$2:B637,2,0),"0") -> 0 | F89: =G89/60 -> 36.666667 | G89: =VLOOKUP(C89,Hoja2!A:C,3,0) -> 2200 | H89: =G89*16 -> 35200 | I89: =G89*24 -> 52800 | J89: =I89*N89 -> 45603.378 | K89: =H89*N89 -> 30402.252 | L89: =I89*5 -> 264000 | M89: =H89*5 -> 176000 | N89: =IFERROR(VLOOKUP(D89,Hoja2!B:D,3,0),"100%") -> 0.86370035
A90: 238 | B90: 0 | C90: 403981 | D90: 213 | E90: =IFERROR(VLOOKUP(C90,Hoja1!A$2:B641,2,0),"0") -> 0 | F90: =G90/60 -> 26.666667 | G90: =VLOOKUP(C90,Hoja2!A:C,3,0) -> 1600 | H90: =G90*16 -> 25600 | I90: =G90*24 -> 38400 | J90: =I90*N90 -> 34257.183 | K90: =H90*N90 -> 22838.122 | L90: =I90*5 -> 192000 | M90: =H90*5 -> 128000 | N90: =IFERROR(VLOOKUP(D90,Hoja2!B:D,3,0),"100%") -> 0.89211414
A91: 238 | B91: 0 | C91: 403988 | D91: 221 | E91: =IFERROR(VLOOKUP(C91,Hoja1!A$2:B645,2,0),"0") -> 0 | F91: =G91/60 -> 12 | G91: =VLOOKUP(C91,Hoja2!A:C,3,0) -> 720 | H91: =G91*16 -> 11520 | I91: =G91*24 -> 17280 | J91: =I91*N91 -> 14938.867 | K91: =H91*N91 -> 9959.2443 | L91: =I91*5 -> 86400 | M91: =H91*5 -> 57600 | N91: =IFERROR(VLOOKUP(D91,Hoja2!B:D,3,0),"100%") -> 0.86451774
A92: 238 | B92: 0 | C92: 403993 | D92: 221 | E92: =IFERROR(VLOOKUP(C92,Hoja1!A$2:B649,2,0),"0") -> 0 | F92: =G92/60 -> 8.3333333 | G92: =VLOOKUP(C92,Hoja2!A:C,3,0) -> 500 | H92: =G92*16 -> 8000 | I92: =G92*24 -> 12000 | J92: =I92*N92 -> 10374.213 | K92: =H92*N92 -> 6916.1419 | L92: =I92*5 -> 60000 | M92: =H92*5 -> 40000 | N92: =IFERROR(VLOOKUP(D92,Hoja2!B:D,3,0),"100%") -> 0.86451774
A93: 238 | B93: 0 | C93: 403994 | D93: 221 | E93: =IFERROR(VLOOKUP(C93,Hoja1!A$2:B652,2,0),"0") -> 290400 | F93: =G93/60 -> 21.666667 | G93: =VLOOKUP(C93,Hoja2!A:C,3,0) -> 1300 | H93: =G93*16 -> 20800 | I93: =G93*24 -> 31200 | J93: =I93*N93 -> 26972.953 | K93: =H93*N93 -> 17981.969 | L93: =I93*5 -> 156000 | M93: =H93*5 -> 104000 | N93: =IFERROR(VLOOKUP(D93,Hoja2!B:D,3,0),"100%") -> 0.86451774
A94: 238 | B94: 0 | C94: 403996 | D94: 221 | E94: =IFERROR(VLOOKUP(C94,Hoja1!A$2:B656,2,0),"0") -> 204600 | F94: =G94/60 -> 20 | G94: =VLOOKUP(C94,Hoja2!A:C,3,0) -> 1200 | H94: =G94*16 -> 19200 | I94: =G94*24 -> 28800 | J94: =I94*N94 -> 24898.111 | K94: =H94*N94 -> 16598.741 | L94: =I94*5 -> 144000 | M94: =H94*5 -> 96000 | N94: =IFERROR(VLOOKUP(D94,Hoja2!B:D,3,0),"100%") -> 0.86451774
A95: 238 | B95: 0 | C95: 404003 | D95: 214 | E95: =IFERROR(VLOOKUP(C95,Hoja1!A$2:B660,2,0),"0") -> 2699400 | F95: =G95/60 -> 33.333333 | G95: =VLOOKUP(C95,Hoja2!A:C,3,0) -> 2000 | H95: =G95*16 -> 32000 | I95: =G95*24 -> 48000 | J95: =I95*N95 -> 44053.45 | K95: =H95*N95 -> 29368.967 | L95: =I95*5 -> 240000 | M95: =H95*5 -> 160000 | N95: =IFERROR(VLOOKUP(D95,Hoja2!B:D,3,0),"100%") -> 0.91778021
A96: 238 | B96: 0 | C96: 404003B | D96: 221 | E96: =IFERROR(VLOOKUP(C96,Hoja1!A$2:B664,2,0),"0") -> 37400 | F96: =G96/60 -> 30 | G96: =VLOOKUP(C96,Hoja2!A:C,3,0) -> 1800 | H96: =G96*16 -> 28800 | I96: =G96*24 -> 43200 | J96: =I96*N96 -> 37347.166 | K96: =H96*N96 -> 24898.111 | L96: =I96*5 -> 216000 | M96: =H96*5 -> 144000 | N96: =IFERROR(VLOOKUP(D96,Hoja2!B:D,3,0),"100%") -> 0.86451774
A97: 238 | B97: 0 | C97: 404006 | D97: 221 | E97: =IFERROR(VLOOKUP(C97,Hoja1!A$2:B668,2,0),"0") -> 59400 | F97: =G97/60 -> 18.333333 | G97: =VLOOKUP(C97,Hoja2!A:C,3,0) -> 1100 | H97: =G97*16 -> 17600 | I97: =G97*24 -> 26400 | J97: =I97*N97 -> 22823.268 | K97: =H97*N97 -> 15215.512 | L97: =I97*5 -> 132000 | M97: =H97*5 -> 88000 | N97: =IFERROR(VLOOKUP(D97,Hoja2!B:D,3,0),"100%") -> 0.86451774
A98: 238 | B98: 0 | C98: 404014 | D98: 213 | E98: =IFERROR(VLOOKUP(C98,Hoja1!A$2:B672,2,0),"0") -> 13200 | F98: =G98/60 -> 10 | G98: =VLOOKUP(C98,Hoja2!A:C,3,0) -> 600 | H98: =G98*16 -> 9600 | I98: =G98*24 -> 14400 | J98: =I98*N98 -> 12846.444 | K98: =H98*N98 -> 8564.2958 | L98: =I98*5 -> 72000 | M98: =H98*5 -> 48000 | N98: =IFERROR(VLOOKUP(D98,Hoja2!B:D,3,0),"100%") -> 0.89211414
A99: 238 | B99: 0 | C99: 404015 | D99: 221 | E99: =IFERROR(VLOOKUP(C99,Hoja1!A$2:B677,2,0),"0") -> 72600 | F99: =G99/60 -> 20 | G99: =VLOOKUP(C99,Hoja2!A:C,3,0) -> 1200 | H99: =G99*16 -> 19200 | I99: =G99*24 -> 28800 | J99: =I99*N99 -> 24898.111 | K99: =H99*N99 -> 16598.741 | L99: =I99*5 -> 144000 | M99: =H99*5 -> 96000 | N99: =IFERROR(VLOOKUP(D99,Hoja2!B:D,3,0),"100%") -> 0.86451774
A100: 238 | B100: 0 | C100: 404018 | D100: 217 | E100: =IFERROR(VLOOKUP(C100,Hoja1!A$2:B681,2,0),"0") -> 107800 | F100: =G100/60 -> 10 | G100: =VLOOKUP(C100,Hoja2!A:C,3,0) -> 600 | H100: =G100*16 -> 9600 | I100: =G100*24 -> 14400 | J100: =I100*N100 -> 12437.285 | K100: =H100*N100 -> 8291.5233 | L100: =I100*5 -> 72000 | M100: =H100*5 -> 48000 | N100: =IFERROR(VLOOKUP(D100,Hoja2!B:D,3,0),"100%") -> 0.86370035
...

Sheet DEMANDA
P1: Articulo | Q1: Demanda Anual
P2: 400208 | Q2: 688600
P3: 400211 | Q3: 644600
P4: 400213 | Q4: 83600
P5: 400213R | Q5: 83600
P6: 400256 | Q6: 0
P7: 400279 | Q7: 0
P8: 400282 | Q8: 0
P9: 400291R | Q9: 110000
P10: 400292 | Q10: 24200
P11: 400293 | Q11: 1414600
P12: 400296 | Q12: 338800
P13: 400298 | Q13: 145200
... P441: Total general | Q441: 1.6101527e+08

Sheet Hoja1
A1: Articulo | B1: Volumen anual | C1: Articulo | D1: STOCK MEDIO OBJETIVO
A2: 400208 | B2: 688600 | C2: 421653L | D2: 1263417
A3: 400211 | B3: 644600 | C3: 421654 | D3: 742000
A4: 400213 | B4: 83600 | C4: 451860I | D4: 1118880
A5: 400213R | B5: 83600 | C5: 421979B | D5: 393000
A6: 400256 | B6: 0 | C6: 421809B | D6: 1120000
A7: 400279 | B7: 0 | C7: 421109C | D7: 366000
A8: 400282 | B8: 0 | C8: 422016 | D8: 216000
A9: 400291R | B9: 110000 | C9: 453298 | D9: 245000
A10: 400292 | B10: 24200 | C10: 422297 | D10: 460000
A11: 400293 | B11: 1414600 | C11: 421910A | D11: 121000
A12: 400296 | B12: 338800 | C12: 422054B | D12: 127000
A13: 400298 | B13: 145200 | C13: 451381A | D13: 132000
A14: 400299 | B14: 169400 | C14: 421429F | D14: 235200
A15: 400301 | B15: 13200 | C15: 422444 | D15: 98000
A16: 400303 | B16: 24200 | C16: 422443 | D16: 98000
A17: 400303B | B17: 0 | C17: 421075A | D17: 108000
A18: 400304 | B18: 13200 | C18: 453322A | D18: 111000
A19: 400307 | B19: 0 | C19: 422088 | D19: 96000
A20: 400309 | B20: 48400 | C20: 452920C | D20: 129000
A21: 400311 | B21: 1573000 | C21: 422125A | D21: 164000
A22: 400312 | B22: 59400 | C22: 422003 | D22: 104000
A23: 400312R | B23: 72600 | C23: 453074 | D23: 30600
A24: 400314 | B24: 83600 | C24: 422089A | D24: 126000
A25: 400990 | B25: 0 | C25: 422087E | D25: 198000
A26: 401451/CO | B26: 0 | C26: 422086 | D26: 128000
A27: 402035E/CO | B27: 0 | C27: 422414A | D27: 90000
A28: 402336A | B28: 9220.26 | C28: 422413A | D28: 89000
A29: 402372/CO | B29: 0 | C29: 450829 | D29: 75375
A30: 402373/CO | B30: 0 | C30: 421613A | D30: 117500
A31: 403076 | B31: 1102200 | C31: 422007 | D31: 85000
A32: 403085 | B32: 266200 | C32: 453378 | D32: 79200
A33: 403092 | B33: 0 | C33: 421867 | D33: 99000
A34: 403107 | B34: 0 | C34: 422440B | D34: 110000
A35: 403109 | B35: 132000 | C35: 453257 | D35: 26100
A36: 403110 | B36: 110000 | C36: 421728I | D36: 0
A37: 403372 | B37: 0 | C37: 421904I | D37: 0
A38: 403388 | B38: 0 | C38: 422449 | D38: 85000
A39: 403577 | B39: 0 | C39: 420321 | D39: 0
A40: 403584 | B40: 24200 | C40: 453195 | D40: 89600
A41: 403763 | B41: 0 | C41: 422144A | D41: 43500
A42: 403844 | B42: 0 | C42: 422048A | D42: 0
A43: 403901 | B43: 327800 | C43: 452466 | D43: 0
A44: 403970 | B44: 0 | C44: 420324 | D44: 0
A45: 403978A | B45: 121000 | C45: 451383 | D45: 0
A46: 403980 | B46: 37400 | C46: 453385A | D46: 0
A47: 403980A | B47: 0 | C47: 413240 | D47: 33000
A48: 403987 | B48: 0 | C48: 451928B | D48: 0
A49: 403988 | B49: 0 | C49: 452295S | D49: 52000
A50: 403993 | B50: 0 | C50: 422136 | D50: 52200
A51: 403994 | B51: 290400 | C51: 422185 | D51: 60750
A52: 403996 | B52: 204600 | C52: 412203 | D52: 30925
A53: 403998 | B53: 0 | C53: 453055 | D53: 55000
A54: 404003 | B54: 2699400 | C54: 422470 | D54: 27000
A55: 404003B | B55: 37400 | C55: 422262 | D55: 36000
A56: 404004A | B56: 48400 | C56: 412206 | D56: 0
A57: 404006 | B57: 59400 | C57: 422749D | D57: 60800
A58: 404011 | B58: 0 | C58: 453526 | D58: 0
A59: 404014 | B59: 13200 | C59: 453487B | D59: 0
A60: 404015 | B60: 72600 | C60: 400312R | D60: 0
A61: 404018 | B61: 107800 | C61: 422420 | D61: 0
A62: 404020 | B62: 642400 | C62: 450601B | D62: 0
A63: 404033 | B63: 459800 | C63: 422480 | D63: 9500
A64: 404034A | B64: 83600 | C64: 453449 | D64: 27300
A65: 404041 | B65: 61600 | C65: 453333 | D65: 26000
A66: 404043 | B66: 0 | C66: 453363 | D66: 0
A67: 404051 | B67: 24200 | C67: 453719 | D67: 22000
A68: 404053 | B68: 338800 | C68: 422468A | D68: 40000
A69: 404055 | B69: 338800 | C69: 421098B | D69: 0
A70: 404430 | B70: 0 | C70: 421686 | D70: 0
A71: 404438 | B71: 0 | C71: 413481S | D71: 21000
A72: 404448 | B72: 0 | C72: 453656A | D72: 0
A73: 404648/HUN | B73: 708000 | C73: 421060A | D73: 0
A74: 404670A | B74: 0 | C74: 453215 | D74: 0
A75: 404672/CO | B75: 456000 | C75: 421100 | D75: 0
A76: 404676 | B76: 96000 | C76: 411490 | D76: 0
A77: 405680A | B77: 203600 | C77: 451384 | D77: 0
A78: 405714 | B78: 0 | C78: 452920L | D78: 0
A79: 406445 | B79: 0 | C79: 400314 | D79: 12000
A80: 406449 | B80: 0 | C80: 421019 | D80: 0
A81: 406453 | B81: 0 | C81: 453479 | D81: 0
A82: 406457 | B82: 0 | C82: 453640 | D82: 0
A83: 406460 | B83: 0 | C83: 420323 | D83: 0
A84: 406465 | B84: 0 | C84: 452357E | D84: 0
A85: 406469 | B85: 0 | C85: 453645 | D85: 0
A86: 406473A | B86: 0 | C86: 421099A | D86: 0
A87: 406492 | B87: 0 | C87: 413240C | D87: 0
A88: 406503 | B88: 0 | C88: 453488A | D88: 0
A89: 406505 | B89: 0 | C89: 453379A | D89: 8800
A90: 406508 | B90: 0 | C90: 422185A | D90: 0
A91: 406513 | B91: 0 | C91: 451570P | D91: 0
A92: 406518 | B92: 0 | C92: 422481 | D92: 4000
A93: 406546 | B93: 0 | C93: 422004 | D93: 0
A94: 406717 | B94: 0 | C94: 453423 | D94: 0
A95: 406884 | B95: 0 | C95: 422769 | D95: 270
A96: 406970 | B96: 0
A97: 407010 | B97: 0
A98: 407034 | B98: 0
A99: 407040 | B99: 0
A100: 407062/CO | B100: 0
...

Sheet Hoja2
A1: 400208 | B1: 142 | C1: 8000 | D1: =VLOOKUP(B1,E:F,2,0) -> 0.73372192 | E1: 102 | F1: 0.9
A2: 400208 | B2: 798 | C2: 8000 | D2: =VLOOKUP(B2,E:F,2,0) -> 0.98201054 | E2: 103 | F2: 0.9
A3: 400208 | B3: 910 | C3: 8000 | D3: =VLOOKUP(B3,E:F,2,0) -> 0.98980878 | E3: 104 | F3: 0.9
A4: 400208 | B4: 2000 | C4: 246000 | D4: =VLOOKUP(B4,E:F,2,0) -> 0.93535876 | E4: 105 | F4: 0.9
A5: 400208 | B5: 750 | C5: 5000 | D5: =VLOOKUP(B5,E:F,2,0) -> 0.82058595 | E5: 106 | F5: 0.9
A6: 400211 | B6: 142 | C6: 8000 | D6: =VLOOKUP(B6,E:F,2,0) -> 0.73372192 | E6: 107 | F6: 0.9
A7: 400211 | B7: 798 | C7: 8000 | D7: =VLOOKUP(B7,E:F,2,0) -> 0.98201054 | E7: 108 | F7: 0.9
A8: 400211 | B8: 910 | C8: 8000 | D8: =VLOOKUP(B8,E:F,2,0) -> 0.98980878 | E8: 109 | F8: 0.84156537
A9: 400211 | B9: 2000 | C9: 222000 | D9: =VLOOKUP(B9,E:F,2,0) -> 0.93535876 | E9: 122 | F9: 0.72509989
A10: 400211 | B10: 750 | C10: 5000 | D10: =VLOOKUP(B10,E:F,2,0) -> 0.82058595 | E10: 123 | F10: 0.9
A11: 400213 | B11: 142 | C11: 8000 | D11: =VLOOKUP(B11,E:F,2,0) -> 0.73372192 | E11: 124 | F11: 0.76056338
A12: 400213 | B12: 798 | C12: 8000 | D12: =VLOOKUP(B12,E:F,2,0) -> 0.98201054 | E12: 125 | F12: 0.51487675
... A15: 400213 | B15: 750 | C15: 5000 | D15: =VLOOKUP(B15,E:F,2,0) -> 0.82058595 | E15: 134 | F15: 0.9
A16: 400213R | B16: 142 | C16: 7000 | D16: =VLOOKUP(B16,E:F,2,0) -> 0.73372192 | E16: 135 | F16: 0.9
A17: 400213R | B17: 798 | C17: 7000 | D17: =VLOOKUP(B17,E:F,2,0) -> 0.98201054 | E17: 136 | F17: 0.73107264
A18: 400213R | B18: 910 | C18: 7000 | D18: =VLOOKUP(B18,E:F,2,0) -> 0.98980878 | E18: 137 | F18: 0.9
A19: 400213R | B19: 2000 | C19: 261000 | D19: =VLOOKUP(B19,E:F,2,0) -> 0.93535876 | E19: 139 | F19: 0.88259634
A20: 400213R | B20: 750 | C20: 5000 | D20: =VLOOKUP(B20,E:F,2,0) -> 0.82058595 | E20: 140 | F20: 0.9
A21: 400279 | B21: 124 | C21: 6000 | D21: =VLOOKUP(B21,E:F,2,0) -> 0.76056338 | E21: 141 | F21: 0.72618274
A22: 400279 | B22: 798 | C22: 6000 | D22: =VLOOKUP(B22,E:F,2,0) -> 0.98201054 | E22: 142 | F22: 0.73372192
A23: 400279 | B23: 910 | C23: 6000 | D23: =VLOOKUP(B23,E:F,2,0) -> 0.98980878 | E23: 205 | F23: 0.9
A24: 400279 | B24: 2700 | C24: 10000 | D24: =VLOOKUP(B24,E:F,2,0) -> 0.95856378 | E24: 206 | F24: 0.9
A25: 400279 | B25: 750 | C25: 5000 | D25: =VLOOKUP(B25,E:F,2,0) -> 0.82058595 | E25: 207 | F25: 0.90565336
A26: 400291R | B26: 142 | C26: 7000 | D26: =VLOOKUP(B26,E:F,2,0) -> 0.73372192 | E26: 210 | F26: 0.88209416
A27: 400291R | B27: 798 | C27: 7000 | D27: =VLOOKUP(B27,E:F,2,0) -> 0.98201054 | E27: 211 | F27: 0.73401501
A28: 400291R | B28: 910 | C28: 7000 | D28: =VLOOKUP(B28,E:F,2,0) -> 0.98980878 | E28: 212 | F28: 0.91115887
A29: 400291R | B29: 2000 | C29: 201000 | D29: =VLOOKUP(B29,E:F,2,0) -> 0.93535876 | E29: 213 | F29: 0.89211414
A30: 400291R | B30: 750 | C30: 5000 | D30: =VLOOKUP(B30,E:F,2,0) -> 0.82058595 | E30: 214 | F30: 0.91778021
A31: 400292 | B31: 142 | C31: 8000 | D31: =VLOOKUP(B31,E:F,2,0) -> 0.73372192 | E31: 215 | F31: 0.81343416
A32: 400292 | B32: 798 | C32: 8000 | D32: =VLOOKUP(B32,E:F,2,0) -> 0.98201054 | E32: 216 | F32: 0.89206002
A33: 400292 | B33: 910 | C33: 8000 | D33: =VLOOKUP(B33,E:F,2,0) -> 0.98980878 | E33: 217 | F33: 0.86370035
A34: 400292 | B34: 2000 | C34: 193000 | D34: =VLOOKUP(B34,E:F,2,0) -> 0.93535876 | E34: 220 | F34: 0.9
A35: 400292 | B35: 750 | C35: 5000 | D35: =VLOOKUP(B35,E:F,2,0) -> 0.82058595 | E35: 221 | F35: 0.86451774
A36: 400293 | B36: 142 | C36: 10000 | D36: =VLOOKUP(B36,E:F,2,0) -> 0.73372192 | E36: 255 | F36: 0.9
A37: 400293 | B37: 798 | C37: 10000 | D37: =VLOOKUP(B37,E:F,2,0) -> 0.98201054 | E37: 256 | F37: 0.69647683
A38: 400293 | B38: 910 | C38: 10000 | D38: =VLOOKUP(B38,E:F,2,0) -> 0.98980878 | E38: 257 | F38: 0.82485582
A39: 400293 | B39: 2000 | C39: 317000 | D39: =VLOOKUP(B39,E:F,2,0) -> 0.93535876 | E39: 258 | F39: 0.73342188
A40: 400293 | B40: 750 | C40: 6000 | D40: =VLOOKUP(B40,E:F,2,0) -> 0.82058595 | E40: 260 | F40: 0.84463021
A41: 400296 | B41: 142 | C41: 10000 | D41: =VLOOKUP(B41,E:F,2,0) -> 0.73372192 | E41: 261 | F41: 0.86363448
A42: 400296 | B42: 798 | C42: 10000 | D42: =VLOOKUP(B42,E:F,2,0) -> 0.98201054 | E42: 262 | F42: 0.84105582
... A70: 400312 | B70: 750 | C70: 5000 | D70: =VLOOKUP(B70,E:F,2,0) -> 0.82058595 | E70: 416 | F70: 0.9
A71: 400312R | B71: 406 | C71: 4000 | D71: =VLOOKUP(B71,E:F,2,0) -> 0.53768897 | E71: 417 | F71: 0.58636198
A72: 400312R | B72: 798 | C72: 4000 | D72: =VLOOKUP(B72,E:F,2,0) -> 0.98201054 | E72: 420 | F72: 0.9
A73: 400312R | B73: 910 | C73: 4000 | D73: =VLOOKUP(B73,E:F,2,0) -> 0.98980878 | E73: 421 | F73: 0.9
A74: 400312R | B74: 2700 | C74: 277000 | D74: =VLOOKUP(B74,E:F,2,0) -> 0.95856378 | E74: 425 | F74: 0.9
A75: 400312R | B75: 750 | C75: 5000 | D75: =VLOOKUP(B75,E:F,2,0) -> 0.82058595 | E75: 452 | F75: 0.74384356
A76: 400314 | B76: 401 | C76: 2300 | D76: =VLOOKUP(B76,E:F,2,0) -> 0.54371926 | E76: 453 | F76: 0.9
A77: 400314 | B77: 798 | C77: 2300 | D77: =VLOOKUP(B77,E:F,2,0) -> 0.98201054 | E77: 454 | F77: 0.71384568
A78: 400314 | B78: 910 | C78: 2300 | D78: =VLOOKUP(B78,E:F,2,0) -> 0.98980878 | E78: 455 | F78: 0.71840222
A79: 400314 | B79: 2000 | C79: 233000 | D79: =VLOOKUP(B79,E:F,2,0) -> 0.93535876 | E79: 456 | F79: 0.9375
A80: 400314 | B80: 750 | C80: 4000 | D80: =VLOOKUP(B80,E:F,2,0) -> 0.82058595 | E80: 457 | F80: 0.75743338
A81: 401451/CO | B81: 799 | C81: 100000 | D81: =VLOOKUP(B81,E:F,2,0) -> 0.94657287 | E81: 458 | F81: 0.59985776
A82: 401451/CO | B82: 777 | C82: 100000 | D82: =VLOOKUP(B82,E:F,2,0) -> 0.97115107 | E82: 482 | F82: 0.9
A83: 402035E/CO | B83: 799 | C83: 100000 | D83: =VLOOKUP(B83,E:F,2,0) -> 0.94657287 | E83: 500 | F83: 0.31003371
A84: 402035E/CO | B84: 777 | C84: 100000 | D84: =VLOOKUP(B84,E:F,2,0) -> 0.97115107 | E84: 501 | F84: 0.21905577
A85: 402079 | B85: 136 | C85: 4000 | D85: =VLOOKUP(B85,E:F,2,0) -> 0.73107264 | E85: 502 | F85: 0.50842065
A86: 402079 | B86: 910 | C86: 4000 | D86: =VLOOKUP(B86,E:F,2,0) -> 0.98980878 | E86: 503 | F86: 0.9
A87: 403076 | B87: 211 | C87: 1800 | D87: =VLOOKUP(B87,E:F,2,0) -> 0.73401501 | E87: 504 | F87: 0.6882028
A88: 403076 | B88: 916 | C88: 100000 | D88: =VLOOKUP(B88,E:F,2,0) -> 0.7989696 | E88: 505 | F88: 0.4553091
A89: 403076 | B89: 260 | C89: 3000 | D89: =VLOOKUP(B89,E:F,2,0) -> 0.84463021 | E89: 506 | F89: 0.4487837
A90: 403076 | B90: 724 | C90: 100000 | D90: =VLOOKUP(B90,E:F,2,0) -> 0.96268545 | E90: 507 | F90: 0.56476326
A91: 403085 | B91: 214 | C91: 1800 | D91: =VLOOKUP(B91,E:F,2,0) -> 0.91778021 | E91: 508 | F91: 0.0036978131
A92: 403085 | B92: 916 | C92: 100000 | D92: =VLOOKUP(B92,E:F,2,0) -> 0.7989696 | E92: 509 | F92: 0.79687787
A93: 403085 | B93: 260 | C93: 3000 | D93: =VLOOKUP(B93,E:F,2,0) -> 0.84463021 | E93: 510 | F93: 0.9
A94: 403085 | B94: 724 | C94: 100000 | D94: =VLOOKUP(B94,E:F,2,0) -> 0.96268545 | E94: 520 | F94: 0.57032522
A95: 403092 | B95: 211 | C95: 1300 | D95: =VLOOKUP(B95,E:F,2,0) -> 0.73401501 | E95: 521 | F95: 0.5111948
A96: 403092 | B96: 916 | C96: 100000 | D96: =VLOOKUP(B96,E:F,2,0) -> 0.7989696 | E96: 522 | F96: 0.48
... A141: 403970 | B141: 799 | C141: 50000 | D141: =VLOOKUP(B141,E:F,2,0) -> 0.94657287 | E141: 799 | F141: 0.94657287
A142: 403978A | B142: 221 | C142: 1000 | D142: =VLOOKUP(B142,E:F,2,0) -> 0.86451774 | E142: 800 | F142: 0.9
A143: 403978A | B143: 916 | C143: 100000 | D143: =VLOOKUP(B143,E:F,2,0) -> 0.7989696 | E143: 896 | F143: 0.96573998
A144: 403978A | B144: 270 | C144: 1000 | D144: =VLOOKUP(B144,E:F,2,0) -> 0.59949911 | E144: 897 | F144: 0.92288649
A145: 403978A | B145: 780 | C145: 3000 | D145: =VLOOKUP(B145,E:F,2,0) -> 0.84056678 | E145: 898 | F145: 0.97355284
A146: 403980A | B146: 212 | C146: 2200 | D146: =VLOOKUP(B146,E:F,2,0) -> 0.91115887 | E146: 899 | F146: 0.95461978
A147: 403980A | B147: 916 | C147: 100000 | D147: =VLOOKUP(B147,E:F,2,0) -> 0.7989696 | E147: 900 | F147: 0.058823529
A148: 403980A | B148: 260 | C148: 3000 | D148: =VLOOKUP(B148,E:F,2,0) -> 0.84463021 | E148: 901 | F148: 0.96300121
A149: 403980A | B149: 724 | C149: 100000 | D149: =VLOOKUP(B149,E:F,2,0) -> 0.96268545 | E149: 902 | F149: 0.97839437
A150: 403981 | B150: 213 | C150: 1600 | D150: =VLOOKUP(B150,E:F,2,0) -> 0.89211414 | E150: 903 | F150: 0.88372275
A151: 403981 | B151: 916 | C151: 100000 | D151: =VLOOKUP(B151,E:F,2,0) -> 0.7989696 | E151: 904 | F151: 0.96515456
A152: 403981 | B152: 270 | C152: 2500 | D152: =VLOOKUP(B152,E:F,2,0) -> 0.59949911 | E152: 905 | F152: 0.9
A153: 403981 | B153: 724 | C153: 100000 | D153: =VLOOKUP(B153,E:F,2,0) -> 0.96268545 | E153: 906 | F153: 0.99395624
A154: 403988 | B154: 221 | C154: 720 | D154: =VLOOKUP(B154,E:F,2,0) -> 0.86451774 | E154: 907 | F154: 0.93025148
A155: 403988 | B155: 916 | C155: 100000 | D155: =VLOOKUP(B155,E:F,2,0) -> 0.7989696 | E155: 908 | F155: 0.98360046
A156: 403988 | B156: 270 | C156: 1000 | D156: =VLOOKUP(B156,E:F,2,0) -> 0.59949911 | E156: 909 | F156: 0.9438822
A157: 403988 | B157: 780 | C157: 1000 | D157: =VLOOKUP(B157,E:F,2,0) -> 0.84056678 | E157: 910 | F157: 0.98980878
A158: 403993 | B158: 221 | C158: 500 | D158: =VLOOKUP(B158,E:F,2,0) -> 0.86451774 | E158: 911 | F158: 0.98502066
A159: 403993 | B159: 916 | C159: 100000 | D159: =VLOOKUP(B159,E:F,2,0) -> 0.7989696 | E159: 912 | F159: 0.96217424
A160: 403993 | B160: 779 | C160: 600 | D160: =VLOOKUP(B160,E:F,2,0) -> 0.87596263 | E160: 913 | F160: 0.97828204
A161: 403994 | B161: 221 | C161: 1300 | D161: =VLOOKUP(B161,E:F,2,0) -> 0.86451774 | E161: 914 | F161: 0.9691897
... A172: 404003 | B172: 724 | C172: 100000 | D172: =VLOOKUP(B172,E:F,2,0) -> 0.96268545 | E172: 3601 | F172: 0.9
A173: 404003B | B173: 216 | C173: 1800 | D173: =VLOOKUP(B173,E:F,2,0) -> 0.89206002 | E173: 8001 | F173: 0.80699359
A174: 404003B | B174: 916 | C174: 100000 | D174: =VLOOKUP(B174,E:F,2,0) -> 0.7989696 | E174: 9999 | F174: 0.9
A175: 404003B | B175: 265 | C175: 2400 | D175: =VLOOKUP(B175,E:F,2,0) -> 0.77814177 | E175: 671361 | F175: 0.9
A176: 404003B | B176: 724 | C176: 100000 | D176: =VLOOKUP(B176,E:F,2,0) -> 0.96268545 | E176: 671523 | F176: 0.9
A177: 404006 | B177: 221 | C177: 1100 | D177: =VLOOKUP(B177,E:F,2,0) -> 0.86451774 | E177: 671970 | F177: 0.9
A178: 404006 | B178: 916 | C178: 100000 | D178: =VLOOKUP(B178,E:F,2,0) -> 0.7989696 | E178: 671302 | F178: #REF!
A179: 404006 | B179: 270 | C179: 1500 | D179: =VLOOKUP(B179,E:F,2,0) -> 0.59949911 | E179: 671330 | F179: #REF!
A180: 404006 | B180: 780 | C180: 3000 | D180: =VLOOKUP(B180,E:F,2,0) -> 0.84056678 | E180: 671340 | F180: #REF!
A181: 404014 | B181: 213 | C181: 600 | D181: =VLOOKUP(B181,E:F,2,0) -> 0.89211414 | E181: 671361 | F181: #REF!
A182: 404014 | B182: 916 | C182: 100000 | D182: =VLOOKUP(B182,E:F,2,0) -> 0.7989696 | E182: 671523 | F182: #REF!
A183: 404014 | B183: 270 | C183: 1000 | D183: =VLOOKUP(B183,E:F,2,0) -> 0.59949911 | E183: 671970 | F183: #REF!
...

Sheet DATOS PV 2026
A1: Articulo | B1: MEs | C1: Previsto | D1: Suma F+P | E1: PiezasDI
A2: 451106A | B2: 01-Ene | C2: 76000 | D2: 100000 | E2: 0
A3: 451106A | B3: 02-Feb | C3: 76000 | D3: 0 | E3: 0
A4: 451106A | B4: 03-Mar | C4: 76000 | D4: 100000 | E4: 0
A5: 451106A | B5: 04-Abr | C5: 76000 | D5: 100000 | E5: 0
A6: 451106A | B6: 05-May | C6: 76000 | D6: 0 | E6: 0
A7: 451106A | B7: 06-Jun | C7: 76000 | D7: 0 | E7: 0
A8: 451106A | B8: 07-Jul | C8: 76000 | D8: 0 | E8: 0
A9: 451106A | B9: 08-Ago | C9: 38000 | D9: 0 | E9: 0
A10: 451106A | B10: 09-Sep | C10: 76000 | D10: 0 | E10: 0
A11: 451106A | B11: 10-Oct | C11: 76000 | D11: 0 | E11: 0
A12: 451106A | B12: 11-Nov | C12: 76000 | D12: 0 | E12: 0
A13: 451106A | B13: 12-Dic | C13: 38000 | D13: 0 | E13: 0
... A4461: 422481 | B4461: 12-Dic | C4461: 2000 | D4461: 0 | E4461: 0
C4462: 1.6101527e+08 | D4462: 110868744 | E4462: 4011000
