Workbook

Sheet ARTÍCULOS
A1: DATOS | R1: ESTRATEGIA DE FABRICACIÓN | V1: PUNTO DE PEDIDO CUATRIMESTRAL | X1: STOCKS | AC1: LOWRUNNER | AE1: PUNTO DE PEDIDO | AF1: ='[1]DATOS PBI Artículos'!AL3 -> SEPTIEMBRE | AG1: PUNTO DE PEDIDO | AH1: ='[1]DATOS PBI Artículos'!AM3 -> OCTUBRE | AI1: PUNTO DE PEDIDO | AJ1: ='[1]DATOS PBI Artículos'!AN3 -> NOVIEMBRE | AK1: PUNTO DE PEDIDO | AL1: ='[1]DATOS PBI Artículos'!AO3 -> DICIEMBRE
A2: ARTÍCULO | B2: CV | C2: UATC | D2: Nº pedidos a futuro | E2: DEMANDA | F2: FRECUENCIA DE RECOGIDA | G2: LOTE RECOGIDA | H2: Δ LOTE RECOGIDA | I2: MCD | J2: LT + rotación | K2: Δ LT | L2: MAQ. CABECERA | M2: LOTE ECONÓMICO | N2: LOTE DE PRODUCCIÓN | O2: PROPUESTA PLANIFICACIÓN | Q2: PaP | R2: ESTRATEGIA | S2: Resultado por Lote | T2: Resultado por LT | U2: PROPUESTA PLANIFICACIÓN 2 | V2: Punto de pedido | W2: PROPUESTA PLANIFICACIÓN | X2: STOCK MÁXIMO | Y2: STOCK MEDIO | Z2: STOCK DE SEGURIDAD | AA2: Nº de huecos ocupados | AC2: Sobrecoste almacenamiento pt | AD2: SC ALM WIP | AE2: Punto de pedido | AF2: PROPUESTA PLANIFICACIÓN | AG2: Punto de pedido | AH2: PROPUESTA PLANIFICACIÓN | AI2: Punto de pedido | AJ2: PROPUESTA PLANIFICACIÓN | AK2: Punto de pedido | AL2: PROPUESTA PLANIFICACIÓN
A3: 421653L | B3: =_xlfn.XLOOKUP($A3,'[1]DATOS PBI Artículos'!A:A,'[1]DATOS PBI Artículos'!B:B) -> 0 | C3: =_xlfn.XLOOKUP($A3,'[1]DATOS PBI Artículos'!A:A,'[1]DATOS PBI Artículos'!C:C) -> UA01 | D3: =_xlfn.XLOOKUP(A3,'[1]DATOS PBI Artículos'!A:A,'[1]DATOS PBI Artículos'!T:T) -> 89 | E3: =IF(_xlfn.XLOOKUP($A3,'[1]DATOS PBI Artículos'!A:A,'[1]DATOS PBI Artículos'!AK:AK)="",_xlfn.XLOOKUP($A3,'[1]DATOS PBI Artículos'!A:A,'[1]DATOS PBI Artículos'!AJ:AJ),_xlfn.XLOOKUP($A3,'[1]DATOS PBI Artículos'!A:A,'[1]DATOS PBI Artículos'!AK:AK)) -> 9116000 | F3: =_xlfn.XLOOKUP($A3,'[1]DATOS PBI Artículos'!A:A,'[1]DATOS PBI Artículos'!AP:AP) -> 0.88 | G3: =_xlfn.XLOOKUP($A3,'[1]DATOS PBI Artículos'!A:A,'[1]DATOS PBI Artículos'!AR:AR) -> 108000 | H3: =_xlfn.XLOOKUP($A3,'[1]DATOS PBI Artículos'!A:A,'[1]DATOS PBI Artículos'!AT:AT) -> 44557.05 | I3: =_xlfn.XLOOKUP($A3,'[1]DATOS PBI Artículos'!A:A,'[1]DATOS PBI Artículos'!AS:AS) -> 4000 | J3: =IF(COUNTIF([1]CRITERIOS!$F$179:$F$199,$A3)>=1, IF(O3<>"", (O3/_xlfn.XLOOKUP(CONCATENATE(A3,L3),[1]MÁQUINAS!A:A,[1]MÁQUINAS!D:D))/24, (N3/_xlfn.XLOOKUP(CONCATENATE(A3,L3),[1]MÁQUINAS!A:A,[1]MÁQUINAS!D:D))/24), _xlfn.XLOOKUP($A3,'[1]DATOS PBI Artículos'!A:A,'[1]DATOS PBI Artículos'!AU:AU)) -> 13.162393 | K3: =_xlfn.XLOOKUP($A3,'[1]DATOS PBI Artículos'!A:A,'[1]DATOS PBI Artículos'!AV:AV) -> 1.1669093 | L3: =_xlfn.XLOOKUP(A3,[1]MÁQUINAS!B:B,[1]MÁQUINAS!C:C) -> 520 | M3: {=_xlfn.XLOOKUP(A3,'[1]DATOS PBI Artículos'!A:A,'[1]DATOS PBI Artículos'!AX:$AX)} -> 622239.07 | N3: =IF(I3="DV", E3, IF(COUNTIF([1]CRITERIOS!$I$179:$I$199,$A3)>=1, _xlfn.XLOOKUP($A3,[1]CRITERIOS!$I$179:$I$199,[1]CRITERIOS!$J$179:$J$199), IF(COUNTIF([1]CRITERIOS!$L$179:$L$199,$A3)>=1, _xlfn.CEILING.MATH(IF($M3>$E3, $E3, IF($M3<$E3/ROUNDDOWN([1]CRITERIOS!$M$16/_xlfn.XLOOKUP($C3,[1]CRITERIOS!$K$25:$K$42,[1]CRITERIOS!$M$25:$M$42), 1), E3/ROUNDDOWN([1]CRITERIOS!$M$16/_xlfn.XLOOKUP($C3,[1]CRITERIOS!$K$25:$K$42,[1]CRITERIOS!$M$25:$M$42), 1), $M3)), _xlfn.XLOOKUP($A3,[1]CRITERIOS!$L$179:$L$200,[1]CRITERIOS!$M$179:$M$200)), _xlfn.CEILING.MATH(IF($M3>$E3, $E3, IF($M3<$E3/ROUNDDOWN([1]CRITERIOS!$M$16/_xlfn.XLOOKUP($C3,[1]CRITERIOS!$K$25:$K$42,[1]CRITERIOS!$M$25:$M$42), 1), E3/ROUNDDOWN([1]CRITERIOS!$M$16/_xlfn.XLOOKUP($C3,[1]CRITERIOS!$K$25:$K$42,[1]CRITERIOS!$M$25:$M$42), 1), $M3)),_xlfn.XLOOKUP(A3,'[1]DATOS PBI Artículos'!A:A,'[1]DATOS PBI Artículos'!Z:Z ))))) -> 2464000 | Q3: =IF(AND(O3="",N3=0), 0, IF(COUNTIF([1]CRITERIOS!$F$179:$F$199,$A3)>=1, 1, IF(R3="MTO", $D3, ROUNDUP( IF(($E3-SUMIF('[1]DATOS PBI Artículos'!A:A,A3,'[1]DATOS PBI Artículos'!X:X)+($V3-_xlfn.XLOOKUP(A3,'[1]DATOS PBI Artículos'!A:A,'[1]DATOS PBI Artículos'!W:W)))<0, 0, IF(($E3-SUMIF('[1]DATOS PBI Artículos'!A:A,A3,'[1]DATOS PBI Artículos'!X:X)+$V3-_xlfn.XLOOKUP($A3,'[1]DATOS PBI Artículos'!A:A,'[1]DATOS PBI Artículos'!W:W))/IF($O3="",$N3,$O3)>ROUNDUP([1]CRITERIOS!$M$16/(IF(COUNTIF([1]CRITERIOS!$BG$11:$BG$201,L3)>=1,_xlfn.XLOOKUP($C3,[1]CRITERIOS!$K$25:$K$42,[1]CRITERIOS!$M$25:$M$42),_xlfn.XLOOKUP($C3,[1]CRITERIOS!$K$25:$K$42,[1]CRITERIOS!$M$25:$M$42))),0), ROUNDUP([1]CRITERIOS!$M$16/(IF(COUNTIF([1]CRITERIOS!$BG$11:$BG$201,$L3)>=1,_xlfn.XLOOKUP($C3,[1]CRITERIOS!$K$25:$K$42,[1]CRITERIOS!$M$25:$M$42),_xlfn.XLOOKUP($C3,[1]CRITERIOS!$K$25:$K$42,[1]CRITERIOS!$M$25:$M$42))),0), (E3+V3-SUMIF('[1]DATOS PBI Artículos'!A:A,A3,'[1]DATOS PBI Artículos'!X:X)-_xlfn.XLOOKUP(A3,'[1]DATOS PBI Artículos'!A:A,'[1]DATOS PBI Artículos'!W:W))/IF($O3="",$N3,$O3))),0)))) -> 1 | R3: =IF(U3<>"",U3,IF(F3="DV","MTO",IF(N3=0,"MTO",_xlfn.XLOOKUP(CONCATENATE(S3,T3),[1]CRITERIOS!$K$160:$K$168,[1]CRITERIOS!$N$160:$N$168)))) -> MTS | S3: =IF(G3="DV","MTO",IF(N3=0,"MTO",IF(OR(AND(N3=0,O3=""),IF(O3="",G3/N3,G3/O3)>[1]CRITERIOS!$G$163),"MTO",IF(IF(O3="",G3/N3,G3/O3)<[1]CRITERIOS!$H$161,"MTS","MTOS")))) -> MTS | T3: =IF(F3="DV","MTO",IF(OR(AND($N3=0,O3=""),$F3/$J3>[1]CRITERIOS!$G$170,$F3="DV"),"MTO",IF($F3/$J3<[1]CRITERIOS!$H$168,"MTS","MTOS"))) -> MTS | V3: =IF(R3="MTO","", IF($H3=0,(((($J3/$F3)*$G3)+$Z3)/$G3)*$G3, (($J3/$F3)*$G3)+$Z3)) -> 1770710.4 | X3: =IF(R3="MTO",0,V3+N3) -> 4234710.4 | Y3: =IF(R3="MTO",0,Z3+(N3/2)) -> 1387325.8 | Z3: =IF($R3="MTO", 0, ($H3+$K3*($E3/[1]CRITERIOS!$M$16))/[1]CRITERIOS!$X$48) -> 155325.83 | AA3: =ROUNDUP(($Y3/_xlfn.XLOOKUP($A3,'[1]DATOS PBI Artículos'!$A$4:$A$4,'[1]DATOS PBI Artículos'!$Z$4:$Z$4))/_xlfn.XLOOKUP(_xlfn.XLOOKUP($A3,'[1]DATOS PBI Artículos'!$A$4:$A$4,'[1]DATOS PBI Artículos'!$Y$4:$Y$4),[1]CRITERIOS!$P$79:$P$123,[1]CRITERIOS!$S$79:$S$123,),0) -> #DIV/0! | AB3: {=IF((E3+V3-_xlfn.XLOOKUP(A3,'[1]DATOS PBI Artículos'!$A$4:$A$4,'[1]DATOS PBI Artículos'!$W$4:$W$4))/N3>ROUNDUP([1]CRITERIOS!$M$16/(IF(COUNTIF([1]CRITERIOS!$BG$11:$BG$201,L3)>=1,_xlfn.XLOOKUP(ARTÍCULOS!L3,[1]CRITERIOS!$BG$11:$BG$201,[1]CRITERIOS!$BJ$11:$BJ$201),_xlfn.XLOOKUP(ARTÍCULOS!C3,[1]CRITERIOS!$K$25:$K$42,[1]CRITERIOS!$M$25:$M$42))),0),ROUNDUP([1]CRITERIOS!$M$16/(IF(COUNTIF([1]CRITERIOS!$BG$11:$BG$201,L3)>=1,_xlfn.XLOOKUP(ARTÍCULOS!L3,[1]CRITERIOS!$BG$11:$BG$201:#REF!,[1]CRITERIOS!$BJ$11:$BJ$201),_xlfn.XLOOKUP(ARTÍCULOS!C3,[1]CRITERIOS!$K$25:$K$42,[1]CRITERIOS!$M$25:$M$42))),0),(E3+V3-_xlfn.XLOOKUP(A3,'[1]DATOS PBI Artículos'!$A$4:$A$4,'[1]DATOS PBI Artículos'!$W$4:$W$4))/N3)} -> #DIV/0! | AC3: =IF(N3=0,"",(ROUNDUP((N3/2)/(_xlfn.XLOOKUP(A3,'[1]DATOS PBI Artículos'!$A$4:$A$4,'[1]DATOS PBI Artículos'!$Z$4:$Z$4)*_xlfn.XLOOKUP(_xlfn.XLOOKUP(A3,'[1]DATOS PBI Artículos'!$A$4:$A$4,'[1]DATOS PBI Artículos'!$Y$4:$Y$4),[1]CRITERIOS!$P$79:$P$123,[1]CRITERIOS!$S$79:$S$123)),0)*[1]CRITERIOS!$M$80*([1]CRITERIOS!$M$110/[1]CRITERIOS!$M$86)+(_xlfn.XLOOKUP(A3,'[1]DATOS PBI Artículos'!$A$4:$A$4,'[1]DATOS PBI Artículos'!$AA$4:$AA$4)*([1]CRITERIOS!$M$95+[1]CRITERIOS!$M$98)))/N3) -> #DIV/0! | AD3: =IF(N3=0,"",(ROUNDUP((N3/2)/(_xlfn.XLOOKUP(A3,'[1]DATOS PBI Artículos'!$A$4:$A$4,'[1]DATOS PBI Artículos'!$Z$4:$Z$4)*_xlfn.XLOOKUP(_xlfn.XLOOKUP(A3,'[1]DATOS PBI Artículos'!$A$4:$A$4,'[1]DATOS PBI Artículos'!$Y$4:$Y$4),[1]CRITERIOS!$P$79:$P$123,[1]CRITERIOS!$S$79:$S$123)),0)*[1]CRITERIOS!$M$80*([1]CRITERIOS!$M$89*[1]CRITERIOS!$M$92)+((_xlfn.XLOOKUP(A3,'[1]DATOS PBI Artículos'!$A$4:$A$4,'[1]DATOS PBI Artículos'!$AA$4:$AA$4)/2)*([1]CRITERIOS!$M$95+[1]CRITERIOS!$M$98)))/N3) -> #DIV/0! | AE3: =IF($R3="MTO","", IF($H3=0,ROUNDUP(((_xlfn.XLOOKUP($A3,'[1]DATOS PBI Artículos'!$A:$A,'[1]DATOS PBI Artículos'!$AL:$AL))/(_xlfn.XLOOKUP($AF$1,[1]CRITERIOS!$S$16:$S$39,[1]CRITERIOS!$Y$16:$Y$39))*$J3+$Z3)/$G3,0)*$G3, ((_xlfn.XLOOKUP($A3,'[1]DATOS PBI Artículos'!$A:$A,'[1]DATOS PBI Artículos'!$AL:$AL))/(_xlfn.XLOOKUP($AF$1,[1]CRITERIOS!$S$16:$S$39,[1]CRITERIOS!$Y$16:$Y$39))*$J3+$Z3))) -> 2005655.4 | AG3: =IF($R3="MTO","", IF($H3=0,ROUNDUP(((_xlfn.XLOOKUP($A3,'[1]DATOS PBI Artículos'!$A:$A,'[1]DATOS PBI Artículos'!$AM:$AM))/(_xlfn.XLOOKUP($AH$1,[1]CRITERIOS!$S$16:$S$39,[1]CRITERIOS!$Y$16:$Y$39))*$J3+$Z3)/$G3,0)*$G3, ((_xlfn.XLOOKUP($A3,'[1]DATOS PBI Artículos'!$A:$A,'[1]DATOS PBI Artículos'!$AM:$AM))/(_xlfn.XLOOKUP($AH$1,[1]CRITERIOS!$S$16:$S$39,[1]CRITERIOS!$Y$16:$Y$39))*$J3+$Z3))) -> 1484453.6 | AI3: =IF($R3="MTO","", IF($H3=0,ROUNDUP(((_xlfn.XLOOKUP($A3,'[1]DATOS PBI Artículos'!$A:$A,'[1]DATOS PBI Artículos'!$AN:$AN))/(_xlfn.XLOOKUP($AJ$1,[1]CRITERIOS!$S$16:$S$39,[1]CRITERIOS!$Y$16:$Y$39))*$J3+$Z3)/$G3,0)*$G3, ((_xlfn.XLOOKUP($A3,'[1]DATOS PBI Artículos'!$A:$A,'[1]DATOS PBI Artículos'!$AN:$AN))/(_xlfn.XLOOKUP($AJ$1,[1]CRITERIOS!$S$16:$S$39,[1]CRITERIOS!$Y$16:$Y$39))*$J3+$Z3))) -> 1747287.5 | AK3: =IF($R3="MTO","", IF($H3=0,ROUNDUP(((_xlfn.XLOOKUP($A3,'[1]DATOS PBI Artículos'!$A:$A,'[1]DATOS PBI Artículos'!$AO:$AO))/(_xlfn.XLOOKUP($AL$1,[1]CRITERIOS!$S$16:$S$39,[1]CRITERIOS!$Y$16:$Y$39))*$J3+$Z3)/$G3,0)*$G3, ((_xlfn.XLOOKUP($A3,'[1]DATOS PBI Artículos'!$A:$A,'[1]DATOS PBI Artículos'!$AO:$AO))/(_xlfn.XLOOKUP($AL$1,[1]CRITERIOS!$S$16:$S$39,[1]CRITERIOS!$Y$16:$Y$39))*$J3+$Z3))) -> 1889131
A4: 421654 | B4: =_xlfn.XLOOKUP($A4,'[1]DATOS PBI Artículos'!A:A,'[1]DATOS PBI Artículos'!B:B) -> 0 | C4: =_xlfn.XLOOKUP($A4,'[1]DATOS PBI Artículos'!A:A,'[1]DATOS PBI Artículos'!C:C) -> UA01 | D4: =_xlfn.XLOOKUP(A4,'[1]DATOS PBI Artículos'!A:A,'[1]DATOS PBI Artículos'!T:T) -> 68 | E4: =IF(_xlfn.XLOOKUP($A4,'[1]DATOS PBI Artículos'!A:A,'[1]DATOS PBI Artículos'!AK:AK)="",_xlfn.XLOOKUP($A4,'[1]DATOS PBI Artículos'!A:A,'[1]DATOS PBI Artículos'!AJ:AJ),_xlfn.XLOOKUP($A4,'[1]DATOS PBI Artículos'!A:A,'[1]DATOS PBI Artículos'!AK:AK)) -> 5176000 | F4: =_xlfn.XLOOKUP($A4,'[1]DATOS PBI Artículos'!A:A,'[1]DATOS PBI Artículos'!AP:AP) -> 1.1384615 | G4: =_xlfn.XLOOKUP($A4,'[1]DATOS PBI Artículos'!A:A,'[1]DATOS PBI Artículos'!AR:AR) -> 80000 | H4: =_xlfn.XLOOKUP($A4,'[1]DATOS PBI Artículos'!A:A,'[1]DATOS PBI Artículos'!AT:AT) -> 65196.05 | I4: =_xlfn.XLOOKUP($A4,'[1]DATOS PBI Artículos'!A:A,'[1]DATOS PBI Artículos'!AS:AS) -> 4000 | J4: =IF(COUNTIF([1]CRITERIOS!$F$179:$F$199,$A4)>=1, IF(O4<>"", (O4/_xlfn.XLOOKUP(CONCATENATE(A4,L4),[1]MÁQUINAS!A:A,[1]MÁQUINAS!D:D))/24, (N4/_xlfn.XLOOKUP(CONCATENATE(A4,L4),[1]MÁQUINAS!A:A,[1]MÁQUINAS!D:D))/24), _xlfn.XLOOKUP($A4,'[1]DATOS PBI Artículos'!A:A,'[1]DATOS PBI Artículos'!AU:AU)) -> 13.694444 | K4: =_xlfn.XLOOKUP($A4,'[1]DATOS PBI Artículos'!A:A,'[1]DATOS PBI Artículos'!AV:AV) -> 1.7086267 | L4: =_xlfn.XLOOKUP(A4,[1]MÁQUINAS!B:B,[1]MÁQUINAS!C:C) -> 521 | M4: {=_xlfn.XLOOKUP(A4,'[1]DATOS PBI Artículos'!A:A,'[1]DATOS PBI Artículos'!AX:$AX)} -> 647661.33 | N4: =IF(I4="DV", E4, IF(COUNTIF([1]CRITERIOS!$I$179:$I$199,$A4)>=1, _xlfn.XLOOKUP($A4,[1]CRITERIOS!$I$179:$I$199,[1]CRITERIOS!$J$179:$J$199), IF(COUNTIF([1]CRITERIOS!$L$179:$L$199,$A4)>=1, _xlfn.CEILING.MATH(IF($M4>$E4, $E4, IF($M4<$E4/ROUNDDOWN([1]CRITERIOS!$M$16/_xlfn.XLOOKUP($C4,[1]CRITERIOS!$K$25:$K$42,[1]CRITERIOS!$M$25:$M$42), 1), E4/ROUNDDOWN([1]CRITERIOS!$M$16/_xlfn.XLOOKUP($C4,[1]CRITERIOS!$K$25:$K$42,[1]CRITERIOS!$M$25:$M$42), 1), $M4)), _xlfn.XLOOKUP($A4,[1]CRITERIOS!$L$179:$L$200,[1]CRITERIOS!$M$179:$M$200)), _xlfn.CEILING.MATH(IF($M4>$E4, $E4, IF($M4<$E4/ROUNDDOWN([1]CRITERIOS!$M$16/_xlfn.XLOOKUP($C4,[1]CRITERIOS!$K$25:$K$42,[1]CRITERIOS!$M$25:$M$42), 1), E4/ROUNDDOWN([1]CRITERIOS!$M$16/_xlfn.XLOOKUP($C4,[1]CRITERIOS!$K$25:$K$42,[1]CRITERIOS!$M$25:$M$42), 1), $M4)),_xlfn.XLOOKUP(A4,'[1]DATOS PBI Artículos'!A:A,'[1]DATOS PBI Artículos'!Z:Z ))))) -> 1400000 | Q4: =IF(AND(O4="",N4=0), 0, IF(COUNTIF([1]CRITERIOS!$F$179:$F$199,$A4)>=1, 1, IF(R4="MTO", $D4, ROUNDUP( IF(($E4-SUMIF('[1]DATOS PBI Artículos'!A:A,A4,'[1]DATOS PBI Artículos'!X:X)+($V4-_xlfn.XLOOKUP(A4,'[1]DATOS PBI Artículos'!A:A,'[1]DATOS PBI Artículos'!W:W)))<0, 0, IF(($E4-SUMIF('[1]DATOS PBI Artículos'!A:A,A4,'[1]DATOS PBI Artículos'!X:X)+$V4-_xlfn.XLOOKUP($A4,'[1]DATOS PBI Artículos'!A:A,'[1]DATOS PBI Artículos'!W:W))/IF($O4="",$N4,$O4)>ROUNDUP([1]CRITERIOS!$M$16/(IF(COUNTIF([1]CRITERIOS!$BG$11:$BG$201,L4)>=1,_xlfn.XLOOKUP($C4,[1]CRITERIOS!$K$25:$K$42,[1]CRITERIOS!$M$25:$M$42),_xlfn.XLOOKUP($C4,[1]CRITERIOS!$K$25:$K$42,[1]CRITERIOS!$M$25:$M$42))),0), ROUNDUP([1]CRITERIOS!$M$16/(IF(COUNTIF([1]CRITERIOS!$BG$11:$BG$201,$L4)>=1,_xlfn.XLOOKUP($C4,[1]CRITERIOS!$K$25:$K$42,[1]CRITERIOS!$M$25:$M$42),_xlfn.XLOOKUP($C4,[1]CRITERIOS!$K$25:$K$42,[1]CRITERIOS!$M$25:$M$42))),0), (E4+V4-SUMIF('[1]DATOS PBI Artículos'!A:A,A4,'[1]DATOS PBI Artículos'!X:X)-_xlfn.XLOOKUP(A4,'[1]DATOS PBI Artículos'!A:A,'[1]DATOS PBI Artículos'!W:W))/IF($O4="",$N4,$O4))),0)))) -> 4 | R4: =IF(U4<>"",U4,IF(F4="DV","MTO",IF(N4=0,"MTO",_xlfn.XLOOKUP(CONCATENATE(S4,T4),[1]CRITERIOS!$K$160:$K$168,[1]CRITERIOS!$N$160:$N$168)))) -> MTS | S4: =IF(G4="DV","MTO",IF(N4=0,"MTO",IF(OR(AND(N4=0,O4=""),IF(O4="",G4/N4,G4/O4)>[1]CRITERIOS!$G$163),"MTO",IF(IF(O4="",G4/N4,G4/O4)<[1]CRITERIOS!$H$161,"MTS","MTOS")))) -> MTS | T4: =IF(F4="DV","MTO",IF(OR(AND($N4=0,O4=""),$F4/$J4>[1]CRITERIOS!$G$170,$F4="DV"),"MTO",IF($F4/$J4<[1]CRITERIOS!$H$168,"MTS","MTOS"))) -> MTS | V4: =IF(R4="MTO","", IF($H4=0,(((($J4/$F4)*$G4)+$Z4)/$G4)*$G4, (($J4/$F4)*$G4)+$Z4)) -> 1114907.4 | X4: =IF(R4="MTO",0,V4+N4) -> 2514907.4 | Y4: =IF(R4="MTO",0,Z4+(N4/2)) -> 852595.06 | Z4: =IF($R4="MTO", 0, ($H4+$K4*($E4/[1]CRITERIOS!$M$16))/[1]CRITERIOS!$X$48) -> 152595.06 | AA4: =ROUNDUP(($Y4/_xlfn.XLOOKUP($A4,'[1]DATOS PBI Artículos'!$A$4:$A$4,'[1]DATOS PBI Artículos'!$Z$4:$Z$4))/_xlfn.XLOOKUP(_xlfn.XLOOKUP($A4,'[1]DATOS PBI Artículos'!$A$4:$A$4,'[1]DATOS PBI Artículos'!$Y$4:$Y$4),[1]CRITERIOS!$P$79:$P$123,[1]CRITERIOS!$S$79:$S$123,),0) -> #N/A | AB4: {=IF((E4+V4-_xlfn.XLOOKUP(A4,'[1]DATOS PBI Artículos'!$A$4:$A$4,'[1]DATOS PBI Artículos'!$W$4:$W$4))/N4>ROUNDUP([1]CRITERIOS!$M$16/(IF(COUNTIF([1]CRITERIOS!$BG$11:$BG$201,L4)>=1,_xlfn.XLOOKUP(ARTÍCULOS!L4,[1]CRITERIOS!$BG$11:$BG$201,[1]CRITERIOS!$BJ$11:$BJ$201),_xlfn.XLOOKUP(ARTÍCULOS!C4,[1]CRITERIOS!$K$25:$K$42,[1]CRITERIOS!$M$25:$M$42))),0),ROUNDUP([1]CRITERIOS!$M$16/(IF(COUNTIF([1]CRITERIOS!$BG$11:$BG$201,L4)>=1,_xlfn.XLOOKUP(ARTÍCULOS!L4,[1]CRITERIOS!$BG$11:$BG$201:#REF!,[1]CRITERIOS!$BJ$11:$BJ$201),_xlfn.XLOOKUP(ARTÍCULOS!C4,[1]CRITERIOS!$K$25:$K$42,[1]CRITERIOS!$M$25:$M$42))),0),(E4+V4-_xlfn.XLOOKUP(A4,'[1]DATOS PBI Artículos'!$A$4:$A$4,'[1]DATOS PBI Artículos'!$W$4:$W$4))/N4)} -> #N/A | AC4: =IF(N4=0,"",(ROUNDUP((N4/2)/(_xlfn.XLOOKUP(A4,'[1]DATOS PBI Artículos'!$A$4:$A$4,'[1]DATOS PBI Artículos'!$Z$4:$Z$4)*_xlfn.XLOOKUP(_xlfn.XLOOKUP(A4,'[1]DATOS PBI Artículos'!$A$4:$A$4,'[1]DATOS PBI Artículos'!$Y$4:$Y$4),[1]CRITERIOS!$P$79:$P$123,[1]CRITERIOS!$S$79:$S$123)),0)*[1]CRITERIOS!$M$80*([1]CRITERIOS!$M$110/[1]CRITERIOS!$M$86)+(_xlfn.XLOOKUP(A4,'[1]DATOS PBI Artículos'!$A$4:$A$4,'[1]DATOS PBI Artículos'!$AA$4:$AA$4)*([1]CRITERIOS!$M$95+[1]CRITERIOS!$M$98)))/N4) -> #N/A | AD4: =IF(N4=0,"",(ROUNDUP((N4/2)/(_xlfn.XLOOKUP(A4,'[1]DATOS PBI Artículos'!$A$4:$A$4,'[1]DATOS PBI Artículos'!$Z$4:$Z$4)*_xlfn.XLOOKUP(_xlfn.XLOOKUP(A4,'[1]DATOS PBI Artículos'!$A$4:$A$4,'[1]DATOS PBI Artículos'!$Y$4:$Y$4),[1]CRITERIOS!$P$79:$P$123,[1]CRITERIOS!$S$79:$S$123)),0)*[1]CRITERIOS!$M$80*([1]CRITERIOS!$M$89*[1]CRITERIOS!$M$92)+((_xlfn.XLOOKUP(A4,'[1]DATOS PBI Artículos'!$A$4:$A$4,'[1]DATOS PBI Artículos'!$AA$4:$AA$4)/2)*([1]CRITERIOS!$M$95+[1]CRITERIOS!$M$98)))/N4) -> #N/A | AE4: =IF($R4="MTO","", IF($H4=0,ROUNDUP(((_xlfn.XLOOKUP($A4,'[1]DATOS PBI Artículos'!$A:$A,'[1]DATOS PBI Artículos'!$AL:$AL))/(_xlfn.XLOOKUP($AF$1,[1]CRITERIOS!$S$16:$S$39,[1]CRITERIOS!$Y$16:$Y$39))*$J4+$Z4)/$G4,0)*$G4, ((_xlfn.XLOOKUP($A4,'[1]DATOS PBI Artículos'!$A:$A,'[1]DATOS PBI Artículos'!$AL:$AL))/(_xlfn.XLOOKUP($AF$1,[1]CRITERIOS!$S$16:$S$39,[1]CRITERIOS!$Y$16:$Y$39))*$J4+$Z4))) -> 1245666.6 | AG4: =IF($R4="MTO","", IF($H4=0,ROUNDUP(((_xlfn.XLOOKUP($A4,'[1]DATOS PBI Artículos'!$A:$A,'[1]DATOS PBI Artículos'!$AM:$AM))/(_xlfn.XLOOKUP($AH$1,[1]CRITERIOS!$S$16:$S$39,[1]CRITERIOS!$Y$16:$Y$39))*$J4+$Z4)/$G4,0)*$G4, ((_xlfn.XLOOKUP($A4,'[1]DATOS PBI Artículos'!$A:$A,'[1]DATOS PBI Artículos'!$AM:$AM))/(_xlfn.XLOOKUP($AH$1,[1]CRITERIOS!$S$16:$S$39,[1]CRITERIOS!$Y$16:$Y$39))*$J4+$Z4))) -> 937769.66 | AI4: =IF($R4="MTO","", IF($H4=0,ROUNDUP(((_xlfn.XLOOKUP($A4,'[1]DATOS PBI Artículos'!$A:$A,'[1]DATOS PBI Artículos'!$AN:$AN))/(_xlfn.XLOOKUP($AJ$1,[1]CRITERIOS!$S$16:$S$39,[1]CRITERIOS!$Y$16:$Y$39))*$J4+$Z4)/$G4,0)*$G4, ((_xlfn.XLOOKUP($A4,'[1]DATOS PBI Artículos'!$A:$A,'[1]DATOS PBI Artículos'!$AN:$AN))/(_xlfn.XLOOKUP($AJ$1,[1]CRITERIOS!$S$16:$S$39,[1]CRITERIOS!$Y$16:$Y$39))*$J4+$Z4))) -> 1093037.3 | AK4: =IF($R4="MTO","", IF($H4=0,ROUNDUP(((_xlfn.XLOOKUP($A4,'[1]DATOS PBI Artículos'!$A:$A,'[1]DATOS PBI Artículos'!$AO:$AO))/(_xlfn.XLOOKUP($AL$1,[1]CRITERIOS!$S$16:$S$39,[1]CRITERIOS!$Y$16:$Y$39))*$J4+$Z4)/$G4,0)*$G4, ((_xlfn.XLOOKUP($A4,'[1]DATOS PBI Artículos'!$A:$A,'[1]DATOS PBI Artículos'!$AO:$AO))/(_xlfn.XLOOKUP($AL$1,[1]CRITERIOS!$S$16:$S$39,[1]CRITERIOS!$Y$16:$Y$39))*$J4+$Z4))) -> 1176830.5
A5: 421979B | B5: =_xlfn.XLOOKUP($A5,'[1]DATOS PBI Artículos'!A:A,'[1]DATOS PBI Artículos'!B:B) -> 0 | C5: =_xlfn.XLOOKUP($A5,'[1]DATOS PBI Artículos'!A:A,'[1]DATOS PBI Artículos'!C:C) -> UA01 | D5: =_xlfn.XLOOKUP(A5,'[1]DATOS PBI Artículos'!A:A,'[1]DATOS PBI Artículos'!T:T) -> 24 | E5: =IF(_xlfn.XLOOKUP($A5,'[1]DATOS PBI Artículos'!A:A,'[1]DATOS PBI Artículos'!AK:AK)="",_xlfn.XLOOKUP($A5,'[1]DATOS PBI Artículos'!A:A,'[1]DATOS PBI Artículos'!AJ:AJ),_xlfn.XLOOKUP($A5,'[1]DATOS PBI Artículos'!A:A,'[1]DATOS PBI Artículos'!AK:AK)) -> 2832000 | F5: =_xlfn.XLOOKUP($A5,'[1]DATOS PBI Artículos'!A:A,'[1]DATOS PBI Artículos'!AP:AP) -> 3.1428571 | G5: =_xlfn.XLOOKUP($A5,'[1]DATOS PBI Artículos'!A:A,'[1]DATOS PBI Artículos'!AR:AR) -> 120000 | H5: =_xlfn.XLOOKUP($A5,'[1]DATOS PBI Artículos'!A:A,'[1]DATOS PBI Artículos'!AT:AT) -> 37434.618 | I5: =_xlfn.XLOOKUP($A5,'[1]DATOS PBI Artículos'!A:A,'[1]DATOS PBI Artículos'!AS:AS) -> 24000 | J5: =IF(COUNTIF([1]CRITERIOS!$F$179:$F$199,$A5)>=1, IF(O5<>"", (O5/_xlfn.XLOOKUP(CONCATENATE(A5,L5),[1]MÁQUINAS!A:A,[1]MÁQUINAS!D:D))/24, (N5/_xlfn.XLOOKUP(CONCATENATE(A5,L5),[1]MÁQUINAS!A:A,[1]MÁQUINAS!D:D))/24), _xlfn.XLOOKUP($A5,'[1]DATOS PBI Artículos'!A:A,'[1]DATOS PBI Artículos'!AU:AU)) -> 22.538462 | K5: =_xlfn.XLOOKUP($A5,'[1]DATOS PBI Artículos'!A:A,'[1]DATOS PBI Artículos'!AV:AV) -> 7.1000181 | L5: =_xlfn.XLOOKUP(A5,[1]MÁQUINAS!B:B,[1]MÁQUINAS!C:C) -> 550 | M5: {=_xlfn.XLOOKUP(A5,'[1]DATOS PBI Artículos'!A:A,'[1]DATOS PBI Artículos'!AX:$AX)} -> 316711.21 | N5: =IF(I5="DV", E5, IF(COUNTIF([1]CRITERIOS!$I$179:$I$199,$A5)>=1, _xlfn.XLOOKUP($A5,[1]CRITERIOS!$I$179:$I$199,[1]CRITERIOS!$J$179:$J$199), IF(COUNTIF([1]CRITERIOS!$L$179:$L$199,$A5)>=1, _xlfn.CEILING.MATH(IF($M5>$E5, $E5, IF($M5<$E5/ROUNDDOWN([1]CRITERIOS!$M$16/_xlfn.XLOOKUP($C5,[1]CRITERIOS!$K$25:$K$42,[1]CRITERIOS!$M$25:$M$42), 1), E5/ROUNDDOWN([1]CRITERIOS!$M$16/_xlfn.XLOOKUP($C5,[1]CRITERIOS!$K$25:$K$42,[1]CRITERIOS!$M$25:$M$42), 1), $M5)), _xlfn.XLOOKUP($A5,[1]CRITERIOS!$L$179:$L$200,[1]CRITERIOS!$M$179:$M$200)), _xlfn.CEILING.MATH(IF($M5>$E5, $E5, IF($M5<$E5/ROUNDDOWN([1]CRITERIOS!$M$16/_xlfn.XLOOKUP($C5,[1]CRITERIOS!$K$25:$K$42,[1]CRITERIOS!$M$25:$M$42), 1), E5/ROUNDDOWN([1]CRITERIOS!$M$16/_xlfn.XLOOKUP($C5,[1]CRITERIOS!$K$25:$K$42,[1]CRITERIOS!$M$25:$M$42), 1), $M5)),_xlfn.XLOOKUP(A5,'[1]DATOS PBI Artículos'!A:A,'[1]DATOS PBI Artículos'!Z:Z ))))) -> 768000 | Q5: =IF(AND(O5="",N5=0), 0, IF(COUNTIF([1]CRITERIOS!$F$179:$F$199,$A5)>=1, 1, IF(R5="MTO", $D5, ROUNDUP( IF(($E5-SUMIF('[1]DATOS PBI Artículos'!A:A,A5,'[1]DATOS PBI Artículos'!X:X)+($V5-_xlfn.XLOOKUP(A5,'[1]DATOS PBI Artículos'!A:A,'[1]DATOS PBI Artículos'!W:W)))<0, 0, IF(($E5-SUMIF('[1]DATOS PBI Artículos'!A:A,A5,'[1]DATOS PBI Artículos'!X:X)+$V5-_xlfn.XLOOKUP($A5,'[1]DATOS PBI Artículos'!A:A,'[1]DATOS PBI Artículos'!W:W))/IF($O5="",$N5,$O5)>ROUNDUP([1]CRITERIOS!$M$16/(IF(COUNTIF([1]CRITERIOS!$BG$11:$BG$201,L5)>=1,_xlfn.XLOOKUP($C5,[1]CRITERIOS!$K$25:$K$42,[1]CRITERIOS!$M$25:$M$42),_xlfn.XLOOKUP($C5,[1]CRITERIOS!$K$25:$K$42,[1]CRITERIOS!$M$25:$M$42))),0), ROUNDUP([1]CRITERIOS!$M$16/(IF(COUNTIF([1]CRITERIOS!$BG$11:$BG$201,$L5)>=1,_xlfn.XLOOKUP($C5,[1]CRITERIOS!$K$25:$K$42,[1]CRITERIOS!$M$25:$M$42),_xlfn.XLOOKUP($C5,[1]CRITERIOS!$K$25:$K$42,[1]CRITERIOS!$M$25:$M$42))),0), (E5+V5-SUMIF('[1]DATOS PBI Artículos'!A:A,A5,'[1]DATOS PBI Artículos'!X:X)-_xlfn.XLOOKUP(A5,'[1]DATOS PBI Artículos'!A:A,'[1]DATOS PBI Artículos'!W:W))/IF($O5="",$N5,$O5))),0)))) -> 4 | R5: =IF(U5<>"",U5,IF(F5="DV","MTO",IF(N5=0,"MTO",_xlfn.XLOOKUP(CONCATENATE(S5,T5),[1]CRITERIOS!$K$160:$K$168,[1]CRITERIOS!$N$160:$N$168)))) -> MTS | S5: =IF(G5="DV","MTO",IF(N5=0,"MTO",IF(OR(AND(N5=0,O5=""),IF(O5="",G5/N5,G5/O5)>[1]CRITERIOS!$G$163),"MTO",IF(IF(O5="",G5/N5,G5/O5)<[1]CRITERIOS!$H$161,"MTS","MTOS")))) -> MTS | T5: =IF(F5="DV","MTO",IF(OR(AND($N5=0,O5=""),$F5/$J5>[1]CRITERIOS!$G$170,$F5="DV"),"MTO",IF($F5/$J5<[1]CRITERIOS!$H$168,"MTS","MTOS"))) -> MTS | V5: =IF(R5="MTO","", IF($H5=0,(((($J5/$F5)*$G5)+$Z5)/$G5)*$G5, (($J5/$F5)*$G5)+$Z5)) -> 1115168.9 | X5: =IF(R5="MTO",0,V5+N5) -> 1883168.9 | Y5: =IF(R5="MTO",0,Z5+(N5/2)) -> 638609.42 | Z5: =IF($R5="MTO", 0, ($H5+$K5*($E5/[1]CRITERIOS!$M$16))/[1]CRITERIOS!$X$48) -> 254609.42 | AA5: =ROUNDUP(($Y5/_xlfn.XLOOKUP($A5,'[1]DATOS PBI Artículos'!$A$4:$A$4,'[1]DATOS PBI Artículos'!$Z$4:$Z$4))/_xlfn.XLOOKUP(_xlfn.XLOOKUP($A5,'[1]DATOS PBI Artículos'!$A$4:$A$4,'[1]DATOS PBI Artículos'!$Y$4:$Y$4),[1]CRITERIOS!$P$79:$P$123,[1]CRITERIOS!$S$79:$S$123,),0) -> #N/A | AB5: {=IF((E5+V5-_xlfn.XLOOKUP(A5,'[1]DATOS PBI Artículos'!$A$4:$A$4,'[1]DATOS PBI Artículos'!$W$4:$W$4))/N5>ROUNDUP([1]CRITERIOS!$M$16/(IF(COUNTIF([1]CRITERIOS!$BG$11:$BG$201,L5)>=1,_xlfn.XLOOKUP(ARTÍCULOS!L5,[1]CRITERIOS!$BG$11:$BG$201,[1]CRITERIOS!$BJ$11:$BJ$201),_xlfn.XLOOKUP(ARTÍCULOS!C5,[1]CRITERIOS!$K$25:$K$42,[1]CRITERIOS!$M$25:$M$42))),0),ROUNDUP([1]CRITERIOS!$M$16/(IF(COUNTIF([1]CRITERIOS!$BG$11:$BG$201,L5)>=1,_xlfn.XLOOKUP(ARTÍCULOS!L5,[1]CRITERIOS!$BG$11:$BG$201:#REF!,[1]CRITERIOS!$BJ$11:$BJ$201),_xlfn.XLOOKUP(ARTÍCULOS!C5,[1]CRITERIOS!$K$25:$K$42,[1]CRITERIOS!$M$25:$M$42))),0),(E5+V5-_xlfn.XLOOKUP(A5,'[1]DATOS PBI Artículos'!$A$4:$A$4,'[1]DATOS PBI Artículos'!$W$4:$W$4))/N5)} -> #N/A | AC5: =IF(N5=0,"",(ROUNDUP((N5/2)/(_xlfn.XLOOKUP(A5,'[1]DATOS PBI Artículos'!$A$4:$A$4,'[1]DATOS PBI Artículos'!$Z$4:$Z$4)*_xlfn.XLOOKUP(_xlfn.XLOOKUP(A5,'[1]DATOS PBI Artículos'!$A$4:$A$4,'[1]DATOS PBI Artículos'!$Y$4:$Y$4),[1]CRITERIOS!$P$79:$P$123,[1]CRITERIOS!$S$79:$S$123)),0)*[1]CRITERIOS!$M$80*([1]CRITERIOS!$M$110/[1]CRITERIOS!$M$86)+(_xlfn.XLOOKUP(A5,'[1]DATOS PBI Artículos'!$A$4:$A$4,'[1]DATOS PBI Artículos'!$AA$4:$AA$4)*([1]CRITERIOS!$M$95+[1]CRITERIOS!$M$98)))/N5) -> #N/A | AD5: =IF(N5=0,"",(ROUNDUP((N5/2)/(_xlfn.XLOOKUP(A5,'[1]DATOS PBI Artículos'!$A$4:$A$4,'[1]DATOS PBI Artículos'!$Z$4:$Z$4)*_xlfn.XLOOKUP(_xlfn.XLOOKUP(A5,'[1]DATOS PBI Artículos'!$A$4:$A$4,'[1]DATOS PBI Artículos'!$Y$4:$Y$4),[1]CRITERIOS!$P$79:$P$123,[1]CRITERIOS!$S$79:$S$123)),0)*[1]CRITERIOS!$M$80*([1]CRITERIOS!$M$89*[1]CRITERIOS!$M$92)+((_xlfn.XLOOKUP(A5,'[1]DATOS PBI Artículos'!$A$4:$A$4,'[1]DATOS PBI Artículos'!$AA$4:$AA$4)/2)*([1]CRITERIOS!$M$95+[1]CRITERIOS!$M$98)))/N5) -> #N/A | AE5: =IF($R5="MTO","", IF($H5=0,ROUNDUP(((_xlfn.XLOOKUP($A5,'[1]DATOS PBI Artículos'!$A:$A,'[1]DATOS PBI Artículos'!$AL:$AL))/(_xlfn.XLOOKUP($AF$1,[1]CRITERIOS!$S$16:$S$39,[1]CRITERIOS!$Y$16:$Y$39))*$J5+$Z5)/$G5,0)*$G5, ((_xlfn.XLOOKUP($A5,'[1]DATOS PBI Artículos'!$A:$A,'[1]DATOS PBI Artículos'!$AL:$AL))/(_xlfn.XLOOKUP($AF$1,[1]CRITERIOS!$S$16:$S$39,[1]CRITERIOS!$Y$16:$Y$39))*$J5+$Z5))) -> 1238909.3 | AG5: =IF($R5="MTO","", IF($H5=0,ROUNDUP(((_xlfn.XLOOKUP($A5,'[1]DATOS PBI Artículos'!$A:$A,'[1]DATOS PBI Artículos'!$AM:$AM))/(_xlfn.XLOOKUP($AH$1,[1]CRITERIOS!$S$16:$S$39,[1]CRITERIOS!$Y$16:$Y$39))*$J5+$Z5)/$G5,0)*$G5, ((_xlfn.XLOOKUP($A5,'[1]DATOS PBI Artículos'!$A:$A,'[1]DATOS PBI Artículos'!$AM:$AM))/(_xlfn.XLOOKUP($AH$1,[1]CRITERIOS!$S$16:$S$39,[1]CRITERIOS!$Y$16:$Y$39))*$J5+$Z5))) -> 961651.19 | AI5: =IF($R5="MTO","", IF($H5=0,ROUNDUP(((_xlfn.XLOOKUP($A5,'[1]DATOS PBI Artículos'!$A:$A,'[1]DATOS PBI Artículos'!$AN:$AN))/(_xlfn.XLOOKUP($AJ$1,[1]CRITERIOS!$S$16:$S$39,[1]CRITERIOS!$Y$16:$Y$39))*$J5+$Z5)/$G5,0)*$G5, ((_xlfn.XLOOKUP($A5,'[1]DATOS PBI Artículos'!$A:$A,'[1]DATOS PBI Artículos'!$AN:$AN))/(_xlfn.XLOOKUP($AJ$1,[1]CRITERIOS!$S$16:$S$39,[1]CRITERIOS!$Y$16:$Y$39))*$J5+$Z5))) -> 1101468.1 | AK5: =IF($R5="MTO","", IF($H5=0,ROUNDUP(((_xlfn.XLOOKUP($A5,'[1]DATOS PBI Artículos'!$A:$A,'[1]DATOS PBI Artículos'!$AO:$AO))/(_xlfn.XLOOKUP($AL$1,[1]CRITERIOS!$S$16:$S$39,[1]CRITERIOS!$Y$16:$Y$39))*$J5+$Z5)/$G5,0)*$G5, ((_xlfn.XLOOKUP($A5,'[1]DATOS PBI Artículos'!$A:$A,'[1]DATOS PBI Artículos'!$AO:$AO))/(_xlfn.XLOOKUP($AL$1,[1]CRITERIOS!$S$16:$S$39,[1]CRITERIOS!$Y$16:$Y$39))*$J5+$Z5))) -> 1176923
A6: 451860I | B6: =_xlfn.XLOOKUP($A6,'[1]DATOS PBI Artículos'!A:A,'[1]DATOS PBI Artículos'!B:B) -> 0 | C6: =_xlfn.XLOOKUP($A6,'[1]DATOS PBI Artículos'!A:A,'[1]DATOS PBI Artículos'!C:C) -> UA01 | D6: =_xlfn.XLOOKUP(A6,'[1]DATOS PBI Artículos'!A:A,'[1]DATOS PBI Artículos'!T:T) -> 8 | E6: =IF(_xlfn.XLOOKUP($A6,'[1]DATOS PBI Artículos'!A:A,'[1]DATOS PBI Artículos'!AK:AK)="",_xlfn.XLOOKUP($A6,'[1]DATOS PBI Artículos'!A:A,'[1]DATOS PBI Artículos'!AJ:AJ),_xlfn.XLOOKUP($A6,'[1]DATOS PBI Artículos'!A:A,'[1]DATOS PBI Artículos'!AK:AK)) -> 2681280 | F6: =_xlfn.XLOOKUP($A6,'[1]DATOS PBI Artículos'!A:A,'[1]DATOS PBI Artículos'!AP:AP) -> 9 | G6: =_xlfn.XLOOKUP($A6,'[1]DATOS PBI Artículos'!A:A,'[1]DATOS PBI Artículos'!AR:AR) -> 342720 | H6: =_xlfn.XLOOKUP($A6,'[1]DATOS PBI Artículos'!A:A,'[1]DATOS PBI Artículos'!AT:AT) -> 415809.82 | I6: =_xlfn.XLOOKUP($A6,'[1]DATOS PBI Artículos'!A:A,'[1]DATOS PBI Artículos'!AS:AS) -> 20160 | J6: =IF(COUNTIF([1]CRITERIOS!$F$179:$F$199,$A6)>=1, IF(O6<>"", (O6/_xlfn.XLOOKUP(CONCATENATE(A6,L6),[1]MÁQUINAS!A:A,[1]MÁQUINAS!D:D))/24, (N6/_xlfn.XLOOKUP(CONCATENATE(A6,L6),[1]MÁQUINAS!A:A,[1]MÁQUINAS!D:D))/24), _xlfn.XLOOKUP($A6,'[1]DATOS PBI Artículos'!A:A,'[1]DATOS PBI Artículos'!AU:AU)) -> 3.78 | K6: =_xlfn.XLOOKUP($A6,'[1]DATOS PBI Artículos'!A:A,'[1]DATOS PBI Artículos'!AV:AV) -> 9.6170124 | L6: =_xlfn.XLOOKUP(A6,[1]MÁQUINAS!B:B,[1]MÁQUINAS!C:C) -> 509 | M6: {=_xlfn.XLOOKUP(A6,'[1]DATOS PBI Artículos'!A:A,'[1]DATOS PBI Artículos'!AX:$AX)} -> 589288.67 | N6: =IF(I6="DV", E6, IF(COUNTIF([1]CRITERIOS!$I$179:$I$199,$A6)>=1, _xlfn.XLOOKUP($A6,[1]CRITERIOS!$I$179:$I$199,[1]CRITERIOS!$J$179:$J$199), IF(COUNTIF([1]CRITERIOS!$L$179:$L$199,$A6)>=1, _xlfn.CEILING.MATH(IF($M6>$E6, $E6, IF($M6<$E6/ROUNDDOWN([1]CRITERIOS!$M$16/_xlfn.XLOOKUP($C6,[1]CRITERIOS!$K$25:$K$42,[1]CRITERIOS!$M$25:$M$42), 1), E6/ROUNDDOWN([1]CRITERIOS!$M$16/_xlfn.XLOOKUP($C6,[1]CRITERIOS!$K$25:$K$42,[1]CRITERIOS!$M$25:$M$42), 1), $M6)), _xlfn.XLOOKUP($A6,[1]CRITERIOS!$L$179:$L$200,[1]CRITERIOS!$M$179:$M$200)), _xlfn.CEILING.MATH(IF($M6>$E6, $E6, IF($M6<$E6/ROUNDDOWN([1]CRITERIOS!$M$16/_xlfn.XLOOKUP($C6,[1]CRITERIOS!$K$25:$K$42,[1]CRITERIOS!$M$25:$M$42), 1), E6/ROUNDDOWN([1]CRITERIOS!$M$16/_xlfn.XLOOKUP($C6,[1]CRITERIOS!$K$25:$K$42,[1]CRITERIOS!$M$25:$M$42), 1), $M6)),_xlfn.XLOOKUP(A6,'[1]DATOS PBI Artículos'!A:A,'[1]DATOS PBI Artículos'!Z:Z ))))) -> 725760 | Q6: =IF(AND(O6="",N6=0), 0, IF(COUNTIF([1]CRITERIOS!$F$179:$F$199,$A6)>=1, 1, IF(R6="MTO", $D6, ROUNDUP( IF(($E6-SUMIF('[1]DATOS PBI Artículos'!A:A,A6,'[1]DATOS PBI Artículos'!X:X)+($V6-_xlfn.XLOOKUP(A6,'[1]DATOS PBI Artículos'!A:A,'[1]DATOS PBI Artículos'!W:W)))<0, 0, IF(($E6-SUMIF('[1]DATOS PBI Artículos'!A:A,A6,'[1]DATOS PBI Artículos'!X:X)+$V6-_xlfn.XLOOKUP($A6,'[1]DATOS PBI Artículos'!A:A,'[1]DATOS PBI Artículos'!W:W))/IF($O6="",$N6,$O6)>ROUNDUP([1]CRITERIOS!$M$16/(IF(COUNTIF([1]CRITERIOS!$BG$11:$BG$201,L6)>=1,_xlfn.XLOOKUP($C6,[1]CRITERIOS!$K$25:$K$42,[1]CRITERIOS!$M$25:$M$42),_xlfn.XLOOKUP($C6,[1]CRITERIOS!$K$25:$K$42,[1]CRITERIOS!$M$25:$M$42))),0), ROUNDUP([1]CRITERIOS!$M$16/(IF(COUNTIF([1]CRITERIOS!$BG$11:$BG$201,$L6)>=1,_xlfn.XLOOKUP($C6,[1]CRITERIOS!$K$25:$K$42,[1]CRITERIOS!$M$25:$M$42),_xlfn.XLOOKUP($C6,[1]CRITERIOS!$K$25:$K$42,[1]CRITERIOS!$M$25:$M$42))),0), (E6+V6-SUMIF('[1]DATOS PBI Artículos'!A:A,A6,'[1]DATOS PBI Artículos'!X:X)-_xlfn.XLOOKUP(A6,'[1]DATOS PBI Artículos'!A:A,'[1]DATOS PBI Artículos'!W:W))/IF($O6="",$N6,$O6))),0)))) -> 1 | R6: =IF(U6<>"",U6,IF(F6="DV","MTO",IF(N6=0,"MTO",_xlfn.XLOOKUP(CONCATENATE(S6,T6),[1]CRITERIOS!$K$160:$K$168,[1]CRITERIOS!$N$160:$N$168)))) -> MTS | S6: =IF(G6="DV","MTO",IF(N6=0,"MTO",IF(OR(AND(N6=0,O6=""),IF(O6="",G6/N6,G6/O6)>[1]CRITERIOS!$G$163),"MTO",IF(IF(O6="",G6/N6,G6/O6)<[1]CRITERIOS!$H$161,"MTS","MTOS")))) -> MTS | T6: =IF(F6="DV","MTO",IF(OR(AND($N6=0,O6=""),$F6/$J6>[1]CRITERIOS!$G$170,$F6="DV"),"MTO",IF($F6/$J6<[1]CRITERIOS!$H$168,"MTS","MTOS"))) -> MTO | V6: =IF(R6="MTO","", IF($H6=0,(((($J6/$F6)*$G6)+$Z6)/$G6)*$G6, (($J6/$F6)*$G6)+$Z6)) -> 776960.62 | X6: =IF(R6="MTO",0,V6+N6) -> 1502720.6 | Y6: =IF(R6="MTO",0,Z6+(N6/2)) -> 995898.22 | Z6: =IF($R6="MTO", 0, ($H6+$K6*($E6/[1]CRITERIOS!$M$16))/[1]CRITERIOS!$X$48) -> 633018.22 | AA6: =ROUNDUP(($Y6/_xlfn.XLOOKUP($A6,'[1]DATOS PBI Artículos'!$A$4:$A$4,'[1]DATOS PBI Artículos'!$Z$4:$Z$4))/_xlfn.XLOOKUP(_xlfn.XLOOKUP($A6,'[1]DATOS PBI Artículos'!$A$4:$A$4,'[1]DATOS PBI Artículos'!$Y$4:$Y$4),[1]CRITERIOS!$P$79:$P$123,[1]CRITERIOS!$S$79:$S$123,),0) -> #N/A | AB6: {=IF((E6+V6-_xlfn.XLOOKUP(A6,'[1]DATOS PBI Artículos'!$A$4:$A$4,'[1]DATOS PBI Artículos'!$W$4:$W$4))/N6>ROUNDUP([1]CRITERIOS!$M$16/(IF(COUNTIF([1]CRITERIOS!$BG$11:$BG$201,L6)>=1,_xlfn.XLOOKUP(ARTÍCULOS!L6,[1]CRITERIOS!$BG$11:$BG$201,[1]CRITERIOS!$BJ$11:$BJ$201),_xlfn.XLOOKUP(ARTÍCULOS!C6,[1]CRITERIOS!$K$25:$K$42,[1]CRITERIOS!$M$25:$M$42))),0),ROUNDUP([1]CRITERIOS!$M$16/(IF(COUNTIF([1]CRITERIOS!$BG$11:$BG$201,L6)>=1,_xlfn.XLOOKUP(ARTÍCULOS!L6,[1]CRITERIOS!$BG$11:$BG$201:#REF!,[1]CRITERIOS!$BJ$11:$BJ$201),_xlfn.XLOOKUP(ARTÍCULOS!C6,[1]CRITERIOS!$K$25:$K$42,[1]CRITERIOS!$M$25:$M$42))),0),(E6+V6-_xlfn.XLOOKUP(A6,'[1]DATOS PBI Artículos'!$A$4:$A$4,'[1]DATOS PBI Artículos'!$W$4:$W$4))/N6)} -> #N/A | AC6: =IF(N6=0,"",(ROUNDUP((N6/2)/(_xlfn.XLOOKUP(A6,'[1]DATOS PBI Artículos'!$A$4:$A$4,'[1]DATOS PBI Artículos'!$Z$4:$Z$4)*_xlfn.XLOOKUP(_xlfn.XLOOKUP(A6,'[1]DATOS PBI Artículos'!$A$4:$A$4,'[1]DATOS PBI Artículos'!$Y$4:$Y$4),[1]CRITERIOS!$P$79:$P$123,[1]CRITERIOS!$S$79:$S$123)),0)*[1]CRITERIOS!$M$80*([1]CRITERIOS!$M$110/[1]CRITERIOS!$M$86)+(_xlfn.XLOOKUP(A6,'[1]DATOS PBI Artículos'!$A$4:$A$4,'[1]DATOS PBI Artículos'!$AA$4:$AA$4)*([1]CRITERIOS!$M$95+[1]CRITERIOS!$M$98)))/N6) -> #N/A | AD6: =IF(N6=0,"",(ROUNDUP((N6/2)/(_xlfn.XLOOKUP(A6,'[1]DATOS PBI Artículos'!$A$4:$A$4,'[1]DATOS PBI Artículos'!$Z$4:$Z$4)*_xlfn.XLOOKUP(_xlfn.XLOOKUP(A6,'[1]DATOS PBI Artículos'!$A$4:$A$4,'[1]DATOS PBI Artículos'!$Y$4:$Y$4),[1]CRITERIOS!$P$79:$P$123,[1]CRITERIOS!$S$79:$S$123)),0)*[1]CRITERIOS!$M$80*([1]CRITERIOS!$M$89*[1]CRITERIOS!$M$92)+((_xlfn.XLOOKUP(A6,'[1]DATOS PBI Artículos'!$A$4:$A$4,'[1]DATOS PBI Artículos'!$AA$4:$AA$4)/2)*([1]CRITERIOS!$M$95+[1]CRITERIOS!$M$98)))/N6) -> #N/A | AE6: =IF($R6="MTO","", IF($H6=0,ROUNDUP(((_xlfn.XLOOKUP($A6,'[1]DATOS PBI Artículos'!$A:$A,'[1]DATOS PBI Artículos'!$AL:$AL))/(_xlfn.XLOOKUP($AF$1,[1]CRITERIOS!$S$16:$S$39,[1]CRITERIOS!$Y$16:$Y$39))*$J6+$Z6)/$G6,0)*$G6, ((_xlfn.XLOOKUP($A6,'[1]DATOS PBI Artículos'!$A:$A,'[1]DATOS PBI Artículos'!$AL:$AL))/(_xlfn.XLOOKUP($AF$1,[1]CRITERIOS!$S$16:$S$39,[1]CRITERIOS!$Y$16:$Y$39))*$J6+$Z6))) -> 789312.78 | AG6: =IF($R6="MTO","", IF($H6=0,ROUNDUP(((_xlfn.XLOOKUP($A6,'[1]DATOS PBI Artículos'!$A:$A,'[1]DATOS PBI Artículos'!$AM:$AM))/(_xlfn.XLOOKUP($AH$1,[1]CRITERIOS!$S$16:$S$39,[1]CRITERIOS!$Y$16:$Y$39))*$J6+$Z6)/$G6,0)*$G6, ((_xlfn.XLOOKUP($A6,'[1]DATOS PBI Artículos'!$A:$A,'[1]DATOS PBI Artículos'!$AM:$AM))/(_xlfn.XLOOKUP($AH$1,[1]CRITERIOS!$S$16:$S$39,[1]CRITERIOS!$Y$16:$Y$39))*$J6+$Z6))) -> 745287.65 | AI6: =IF($R6="MTO","", IF($H6=0,ROUNDUP(((_xlfn.XLOOKUP($A6,'[1]DATOS PBI Artículos'!$A:$A,'[1]DATOS PBI Artículos'!$AN:$AN))/(_xlfn.XLOOKUP($AJ$1,[1]CRITERIOS!$S$16:$S$39,[1]CRITERIOS!$Y$16:$Y$39))*$J6+$Z6)/$G6,0)*$G6, ((_xlfn.XLOOKUP($A6,'[1]DATOS PBI Artículos'!$A:$A,'[1]DATOS PBI Artículos'!$AN:$AN))/(_xlfn.XLOOKUP($AJ$1,[1]CRITERIOS!$S$16:$S$39,[1]CRITERIOS!$Y$16:$Y$39))*$J6+$Z6))) -> 767488.84 | AK6: =IF($R6="MTO","", IF($H6=0,ROUNDUP(((_xlfn.XLOOKUP($A6,'[1]DATOS PBI Artículos'!$A:$A,'[1]DATOS PBI Artículos'!$AO:$AO))/(_xlfn.XLOOKUP($AL$1,[1]CRITERIOS!$S$16:$S$39,[1]CRITERIOS!$Y$16:$Y$39))*$J6+$Z6)/$G6,0)*$G6, ((_xlfn.XLOOKUP($A6,'[1]DATOS PBI Artículos'!$A:$A,'[1]DATOS PBI Artículos'!$AO:$AO))/(_xlfn.XLOOKUP($AL$1,[1]CRITERIOS!$S$16:$S$39,[1]CRITERIOS!$Y$16:$Y$39))*$J6+$Z6))) -> 779470.14
A7: 421809B | B7: =_xlfn.XLOOKUP($A7,'[1]DATOS PBI Artículos'!A:A,'[1]DATOS PBI Artículos'!B:B) -> 0 | C7: =_xlfn.XLOOKUP($A7,'[1]DATOS PBI Artículos'!A:A,'[1]DATOS PBI Artículos'!C:C) -> UA01 | D7: =_xlfn.XLOOKUP(A7,'[1]DATOS PBI Artículos'!A:A,'[1]DATOS PBI Artículos'!T:T) -> 7 | E7: =IF(_xlfn.XLOOKUP($A7,'[1]DATOS PBI Artículos'!A:A,'[1]DATOS PBI Artículos'!AK:AK)="",_xlfn.XLOOKUP($A7,'[1]DATOS PBI Artículos'!A:A,'[1]DATOS PBI Artículos'!AJ:AJ),_xlfn.XLOOKUP($A7,'[1]DATOS PBI Artículos'!A:A,'[1]DATOS PBI Artículos'!AK:AK)) -> 1900000 | F7: =_xlfn.XLOOKUP($A7,'[1]DATOS PBI Artículos'!A:A,'[1]DATOS PBI Artículos'!AP:AP) -> 10.333333 | G7: =_xlfn.XLOOKUP($A7,'[1]DATOS PBI Artículos'!A:A,'[1]DATOS PBI Artículos'!AR:AR) -> 300000 | H7: =_xlfn.XLOOKUP($A7,'[1]DATOS PBI Artículos'!A:A,'[1]DATOS PBI Artículos'!AT:AT) -> 95118.973 | I7: =_xlfn.XLOOKUP($A7,'[1]DATOS PBI Artículos'!A:A,'[1]DATOS PBI Artículos'!AS:AS) -> 100000 | J7: =IF(COUNTIF([1]CRITERIOS!$F$179:$F$199,$A7)>=1, IF(O7<>"", (O7/_xlfn.XLOOKUP(CONCATENATE(A7,L7),[1]MÁQUINAS!A:A,[1]MÁQUINAS!D:D))/24, (N7/_xlfn.XLOOKUP(CONCATENATE(A7,L7),[1]MÁQUINAS!A:A,[1]MÁQUINAS!D:D))/24), _xlfn.XLOOKUP($A7,'[1]DATOS PBI Artículos'!A:A,'[1]DATOS PBI Artículos'!AU:AU)) -> 23.742857 | K7: =_xlfn.XLOOKUP($A7,'[1]DATOS PBI Artículos'!A:A,'[1]DATOS PBI Artículos'!AV:AV) -> 3.9358298 | L7: =_xlfn.XLOOKUP(A7,[1]MÁQUINAS!B:B,[1]MÁQUINAS!C:C) -> 502 | M7: {=_xlfn.XLOOKUP(A7,'[1]DATOS PBI Artículos'!A:A,'[1]DATOS PBI Artículos'!AX:$AX)} -> 566636.94 | N7: =IF(I7="DV", E7, IF(COUNTIF([1]CRITERIOS!$I$179:$I$199,$A7)>=1, _xlfn.XLOOKUP($A7,[1]CRITERIOS!$I$179:$I$199,[1]CRITERIOS!$J$179:$J$199), IF(COUNTIF([1]CRITERIOS!$L$179:$L$199,$A7)>=1, _xlfn.CEILING.MATH(IF($M7>$E7, $E7, IF($M7<$E7/ROUNDDOWN([1]CRITERIOS!$M$16/_xlfn.XLOOKUP($C7,[1]CRITERIOS!$K$25:$K$42,[1]CRITERIOS!$M$25:$M$42), 1), E7/ROUNDDOWN([1]CRITERIOS!$M$16/_xlfn.XLOOKUP($C7,[1]CRITERIOS!$K$25:$K$42,[1]CRITERIOS!$M$25:$M$42), 1), $M7)), _xlfn.XLOOKUP($A7,[1]CRITERIOS!$L$179:$L$200,[1]CRITERIOS!$M$179:$M$200)), _xlfn.CEILING.MATH(IF($M7>$E7, $E7, IF($M7<$E7/ROUNDDOWN([1]CRITERIOS!$M$16/_xlfn.XLOOKUP($C7,[1]CRITERIOS!$K$25:$K$42,[1]CRITERIOS!$M$25:$M$42), 1), E7/ROUNDDOWN([1]CRITERIOS!$M$16/_xlfn.XLOOKUP($C7,[1]CRITERIOS!$K$25:$K$42,[1]CRITERIOS!$M$25:$M$42), 1), $M7)),_xlfn.XLOOKUP(A7,'[1]DATOS PBI Artículos'!A:A,'[1]DATOS PBI Artículos'!Z:Z ))))) -> 570000 | Q7: =IF(AND(O7="",N7=0), 0, IF(COUNTIF([1]CRITERIOS!$F$179:$F$199,$A7)>=1, 1, IF(R7="MTO", $D7, ROUNDUP( IF(($E7-SUMIF('[1]DATOS PBI Artículos'!A:A,A7,'[1]DATOS PBI Artículos'!X:X)+($V7-_xlfn.XLOOKUP(A7,'[1]DATOS PBI Artículos'!A:A,'[1]DATOS PBI Artículos'!W:W)))<0, 0, IF(($E7-SUMIF('[1]DATOS PBI Artículos'!A:A,A7,'[1]DATOS PBI Artículos'!X:X)+$V7-_xlfn.XLOOKUP($A7,'[1]DATOS PBI Artículos'!A:A,'[1]DATOS PBI Artículos'!W:W))/IF($O7="",$N7,$O7)>ROUNDUP([1]CRITERIOS!$M$16/(IF(COUNTIF([1]CRITERIOS!$BG$11:$BG$201,L7)>=1,_xlfn.XLOOKUP($C7,[1]CRITERIOS!$K$25:$K$42,[1]CRITERIOS!$M$25:$M$42),_xlfn.XLOOKUP($C7,[1]CRITERIOS!$K$25:$K$42,[1]CRITERIOS!$M$25:$M$42))),0), ROUNDUP([1]CRITERIOS!$M$16/(IF(COUNTIF([1]CRITERIOS!$BG$11:$BG$201,$L7)>=1,_xlfn.XLOOKUP($C7,[1]CRITERIOS!$K$25:$K$42,[1]CRITERIOS!$M$25:$M$42),_xlfn.XLOOKUP($C7,[1]CRITERIOS!$K$25:$K$42,[1]CRITERIOS!$M$25:$M$42))),0), (E7+V7-SUMIF('[1]DATOS PBI Artículos'!A:A,A7,'[1]DATOS PBI Artículos'!X:X)-_xlfn.XLOOKUP(A7,'[1]DATOS PBI Artículos'!A:A,'[1]DATOS PBI Artículos'!W:W))/IF($O7="",$N7,$O7))),0)))) -> 4 | R7: =IF(U7<>"",U7,IF(F7="DV","MTO",IF(N7=0,"MTO",_xlfn.XLOOKUP(CONCATENATE(S7,T7),[1]CRITERIOS!$K$160:$K$168,[1]CRITERIOS!$N$160:$N$168)))) -> MTS | S7: =IF(G7="DV","MTO",IF(N7=0,"MTO",IF(OR(AND(N7=0,O7=""),IF(O7="",G7/N7,G7/O7)>[1]CRITERIOS!$G$163),"MTO",IF(IF(O7="",G7/N7,G7/O7)<[1]CRITERIOS!$H$161,"MTS","MTOS")))) -> MTOS | T7: =IF(F7="DV","MTO",IF(OR(AND($N7=0,O7=""),$F7/$J7>[1]CRITERIOS!$G$170,$F7="DV"),"MTO",IF($F7/$J7<[1]CRITERIOS!$H$168,"MTS","MTOS"))) -> MTS | V7: =IF(R7="MTO","", IF($H7=0,(((($J7/$F7)*$G7)+$Z7)/$G7)*$G7, (($J7/$F7)*$G7)+$Z7)) -> 851664.31 | X7: =IF(R7="MTO",0,V7+N7) -> 1421664.3 | Y7: =IF(R7="MTO",0,Z7+(N7/2)) -> 447355.55 | Z7: =IF($R7="MTO", 0, ($H7+$K7*($E7/[1]CRITERIOS!$M$16))/[1]CRITERIOS!$X$48) -> 162355.55 | AA7: =ROUNDUP(($Y7/_xlfn.XLOOKUP($A7,'[1]DATOS PBI Artículos'!$A$4:$A$4,'[1]DATOS PBI Artículos'!$Z$4:$Z$4))/_xlfn.XLOOKUP(_xlfn.XLOOKUP($A7,'[1]DATOS PBI Artículos'!$A$4:$A$4,'[1]DATOS PBI Artículos'!$Y$4:$Y$4),[1]CRITERIOS!$P$79:$P$123,[1]CRITERIOS!$S$79:$S$123,),0) -> #N/A | AB7: {=IF((E7+V7-_xlfn.XLOOKUP(A7,'[1]DATOS PBI Artículos'!$A$4:$A$4,'[1]DATOS PBI Artículos'!$W$4:$W$4))/N7>ROUNDUP([1]CRITERIOS!$M$16/(IF(COUNTIF([1]CRITERIOS!$BG$11:$BG$201,L7)>=1,_xlfn.XLOOKUP(ARTÍCULOS!L7,[1]CRITERIOS!$BG$11:$BG$201,[1]CRITERIOS!$BJ$11:$BJ$201),_xlfn.XLOOKUP(ARTÍCULOS!C7,[1]CRITERIOS!$K$25:$K$42,[1]CRITERIOS!$M$25:$M$42))),0),ROUNDUP([1]CRITERIOS!$M$16/(IF(COUNTIF([1]CRITERIOS!$BG$11:$BG$201,L7)>=1,_xlfn.XLOOKUP(ARTÍCULOS!L7,[1]CRITERIOS!$BG$11:$BG$201:#REF!,[1]CRITERIOS!$BJ$11:$BJ$201),_xlfn.XLOOKUP(ARTÍCULOS!C7,[1]CRITERIOS!$K$25:$K$42,[1]CRITERIOS!$M$25:$M$42))),0),(E7+V7-_xlfn.XLOOKUP(A7,'[1]DATOS PBI Artículos'!$A$4:$A$4,'[1]DATOS PBI Artículos'!$W$4:$W$4))/N7)} -> #N/A | AC7: =IF(N7=0,"",(ROUNDUP((N7/2)/(_xlfn.XLOOKUP(A7,'[1]DATOS PBI Artículos'!$A$4:$A$4,'[1]DATOS PBI Artículos'!$Z$4:$Z$4)*_xlfn.XLOOKUP(_xlfn.XLOOKUP(A7,'[1]DATOS PBI Artículos'!$A$4:$A$4,'[1]DATOS PBI Artículos'!$Y$4:$Y$4),[1]CRITERIOS!$P$79:$P$123,[1]CRITERIOS!$S$79:$S$123)),0)*[1]CRITERIOS!$M$80*([1]CRITERIOS!$M$110/[1]CRITERIOS!$M$86)+(_xlfn.XLOOKUP(A7,'[1]DATOS PBI Artículos'!$A$4:$A$4,'[1]DATOS PBI Artículos'!$AA$4:$AA$4)*([1]CRITERIOS!$M$95+[1]CRITERIOS!$M$98)))/N7) -> #N/A | AD7: =IF(N7=0,"",(ROUNDUP((N7/2)/(_xlfn.XLOOKUP(A7,'[1]DATOS PBI Artículos'!$A$4:$A$4,'[1]DATOS PBI Artículos'!$Z$4:$Z$4)*_xlfn.XLOOKUP(_xlfn.XLOOKUP(A7,'[1]DATOS PBI Artículos'!$A$4:$A$4,'[1]DATOS PBI Artículos'!$Y$4:$Y$4),[1]CRITERIOS!$P$79:$P$123,[1]CRITERIOS!$S$79:$S$123)),0)*[1]CRITERIOS!$M$80*([1]CRITERIOS!$M$89*[1]CRITERIOS!$M$92)+((_xlfn.XLOOKUP(A7,'[1]DATOS PBI Artículos'!$A$4:$A$4,'[1]DATOS PBI Artículos'!$AA$4:$AA$4)/2)*([1]CRITERIOS!$M$95+[1]CRITERIOS!$M$98)))/N7) -> #N/A | AE7: =IF($R7="MTO","", IF($H7=0,ROUNDUP(((_xlfn.XLOOKUP($A7,'[1]DATOS PBI Artículos'!$A:$A,'[1]DATOS PBI Artículos'!$AL:$AL))/(_xlfn.XLOOKUP($AF$1,[1]CRITERIOS!$S$16:$S$39,[1]CRITERIOS!$Y$16:$Y$39))*$J7+$Z7)/$G7,0)*$G7, ((_xlfn.XLOOKUP($A7,'[1]DATOS PBI Artículos'!$A:$A,'[1]DATOS PBI Artículos'!$AL:$AL))/(_xlfn.XLOOKUP($AF$1,[1]CRITERIOS!$S$16:$S$39,[1]CRITERIOS!$Y$16:$Y$39))*$J7+$Z7))) -> 858014.68 | AG7: =IF($R7="MTO","", IF($H7=0,ROUNDUP(((_xlfn.XLOOKUP($A7,'[1]DATOS PBI Artículos'!$A:$A,'[1]DATOS PBI Artículos'!$AM:$AM))/(_xlfn.XLOOKUP($AH$1,[1]CRITERIOS!$S$16:$S$39,[1]CRITERIOS!$Y$16:$Y$39))*$J7+$Z7)/$G7,0)*$G7, ((_xlfn.XLOOKUP($A7,'[1]DATOS PBI Artículos'!$A:$A,'[1]DATOS PBI Artículos'!$AM:$AM))/(_xlfn.XLOOKUP($AH$1,[1]CRITERIOS!$S$16:$S$39,[1]CRITERIOS!$Y$16:$Y$39))*$J7+$Z7))) -> 662061.06 | AI7: =IF($R7="MTO","", IF($H7=0,ROUNDUP(((_xlfn.XLOOKUP($A7,'[1]DATOS PBI Artículos'!$A:$A,'[1]DATOS PBI Artículos'!$AN:$AN))/(_xlfn.XLOOKUP($AJ$1,[1]CRITERIOS!$S$16:$S$39,[1]CRITERIOS!$Y$16:$Y$39))*$J7+$Z7)/$G7,0)*$G7, ((_xlfn.XLOOKUP($A7,'[1]DATOS PBI Artículos'!$A:$A,'[1]DATOS PBI Artículos'!$AN:$AN))/(_xlfn.XLOOKUP($AJ$1,[1]CRITERIOS!$S$16:$S$39,[1]CRITERIOS!$Y$16:$Y$39))*$J7+$Z7))) -> 760877.41 | AK7: =IF($R7="MTO","", IF($H7=0,ROUNDUP(((_xlfn.XLOOKUP($A7,'[1]DATOS PBI Artículos'!$A:$A,'[1]DATOS PBI Artículos'!$AO:$AO))/(_xlfn.XLOOKUP($AL$1,[1]CRITERIOS!$S$16:$S$39,[1]CRITERIOS!$Y$16:$Y$39))*$J7+$Z7)/$G7,0)*$G7, ((_xlfn.XLOOKUP($A7,'[1]DATOS PBI Artículos'!$A:$A,'[1]DATOS PBI Artículos'!$AO:$AO))/(_xlfn.XLOOKUP($AL$1,[1]CRITERIOS!$S$16:$S$39,[1]CRITERIOS!$Y$16:$Y$39))*$J7+$Z7))) -> 814205.58
A8: 422016 | B8: =_xlfn.XLOOKUP($A8,'[1]DATOS PBI Artículos'!A:A,'[1]DATOS PBI Artículos'!B:B) -> 0 | C8: =_xlfn.XLOOKUP($A8,'[1]DATOS PBI Artículos'!A:A,'[1]DATOS PBI Artículos'!C:C) -> UA01 | D8: =_xlfn.XLOOKUP(A8,'[1]DATOS PBI Artículos'!A:A,'[1]DATOS PBI Artículos'!T:T) -> 19 | E8: =IF(_xlfn.XLOOKUP($A8,'[1]DATOS PBI Artículos'!A:A,'[1]DATOS PBI Artículos'!AK:AK)="",_xlfn.XLOOKUP($A8,'[1]DATOS PBI Artículos'!A:A,'[1]DATOS PBI Artículos'!AJ:AJ),_xlfn.XLOOKUP($A8,'[1]DATOS PBI Artículos'!A:A,'[1]DATOS PBI Artículos'!AK:AK)) -> 1300000 | F8: =_xlfn.XLOOKUP($A8,'[1]DATOS PBI Artículos'!A:A,'[1]DATOS PBI Artículos'!AP:AP) -> 4.125 | G8: =_xlfn.XLOOKUP($A8,'[1]DATOS PBI Artículos'!A:A,'[1]DATOS PBI Artículos'!AR:AR) -> 80000 | H8: =_xlfn.XLOOKUP($A8,'[1]DATOS PBI Artículos'!A:A,'[1]DATOS PBI Artículos'!AT:AT) -> 7859.0525 | I8: =_xlfn.XLOOKUP($A8,'[1]DATOS PBI Artículos'!A:A,'[1]DATOS PBI Artículos'!AS:AS) -> 20000 | J8: =IF(COUNTIF([1]CRITERIOS!$F$179:$F$199,$A8)>=1, IF(O8<>"", (O8/_xlfn.XLOOKUP(CONCATENATE(A8,L8),[1]MÁQUINAS!A:A,[1]MÁQUINAS!D:D))/24, (N8/_xlfn.XLOOKUP(CONCATENATE(A8,L8),[1]MÁQUINAS!A:A,[1]MÁQUINAS!D:D))/24), _xlfn.XLOOKUP($A8,'[1]DATOS PBI Artículos'!A:A,'[1]DATOS PBI Artículos'!AU:AU)) -> 12.280992 | K8: =_xlfn.XLOOKUP($A8,'[1]DATOS PBI Artículos'!A:A,'[1]DATOS PBI Artículos'!AV:AV) -> 0.98508156 | L8: =_xlfn.XLOOKUP(A8,[1]MÁQUINAS!B:B,[1]MÁQUINAS!C:C) -> 522 | M8: {=_xlfn.XLOOKUP(A8,'[1]DATOS PBI Artículos'!A:A,'[1]DATOS PBI Artículos'!AX:$AX)} -> 358928.61 | N8: =IF(I8="DV", E8, IF(COUNTIF([1]CRITERIOS!$I$179:$I$199,$A8)>=1, _xlfn.XLOOKUP($A8,[1]CRITERIOS!$I$179:$I$199,[1]CRITERIOS!$J$179:$J$199), IF(COUNTIF([1]CRITERIOS!$L$179:$L$199,$A8)>=1, _xlfn.CEILING.MATH(IF($M8>$E8, $E8, IF($M8<$E8/ROUNDDOWN([1]CRITERIOS!$M$16/_xlfn.XLOOKUP($C8,[1]CRITERIOS!$K$25:$K$42,[1]CRITERIOS!$M$25:$M$42), 1), E8/ROUNDDOWN([1]CRITERIOS!$M$16/_xlfn.XLOOKUP($C8,[1]CRITERIOS!$K$25:$K$42,[1]CRITERIOS!$M$25:$M$42), 1), $M8)), _xlfn.XLOOKUP($A8,[1]CRITERIOS!$L$179:$L$200,[1]CRITERIOS!$M$179:$M$200)), _xlfn.CEILING.MATH(IF($M8>$E8, $E8, IF($M8<$E8/ROUNDDOWN([1]CRITERIOS!$M$16/_xlfn.XLOOKUP($C8,[1]CRITERIOS!$K$25:$K$42,[1]CRITERIOS!$M$25:$M$42), 1), E8/ROUNDDOWN([1]CRITERIOS!$M$16/_xlfn.XLOOKUP($C8,[1]CRITERIOS!$K$25:$K$42,[1]CRITERIOS!$M$25:$M$42), 1), $M8)),_xlfn.XLOOKUP(A8,'[1]DATOS PBI Artículos'!A:A,'[1]DATOS PBI Artículos'!Z:Z ))))) -> 360000 | Q8: =IF(AND(O8="",N8=0), 0, IF(COUNTIF([1]CRITERIOS!$F$179:$F$199,$A8)>=1, 1, IF(R8="MTO", $D8, ROUNDUP( IF(($E8-SUMIF('[1]DATOS PBI Artículos'!A:A,A8,'[1]DATOS PBI Artículos'!X:X)+($V8-_xlfn.XLOOKUP(A8,'[1]DATOS PBI Artículos'!A:A,'[1]DATOS PBI Artículos'!W:W)))<0, 0, IF(($E8-SUMIF('[1]DATOS PBI Artículos'!A:A,A8,'[1]DATOS PBI Artículos'!X:X)+$V8-_xlfn.XLOOKUP($A8,'[1]DATOS PBI Artículos'!A:A,'[1]DATOS PBI Artículos'!W:W))/IF($O8="",$N8,$O8)>ROUNDUP([1]CRITERIOS!$M$16/(IF(COUNTIF([1]CRITERIOS!$BG$11:$BG$201,L8)>=1,_xlfn.XLOOKUP($C8,[1]CRITERIOS!$K$25:$K$42,[1]CRITERIOS!$M$25:$M$42),_xlfn.XLOOKUP($C8,[1]CRITERIOS!$K$25:$K$42,[1]CRITERIOS!$M$25:$M$42))),0), ROUNDUP([1]CRITERIOS!$M$16/(IF(COUNTIF([1]CRITERIOS!$BG$11:$BG$201,$L8)>=1,_xlfn.XLOOKUP($C8,[1]CRITERIOS!$K$25:$K$42,[1]CRITERIOS!$M$25:$M$42),_xlfn.XLOOKUP($C8,[1]CRITERIOS!$K$25:$K$42,[1]CRITERIOS!$M$25:$M$42))),0), (E8+V8-SUMIF('[1]DATOS PBI Artículos'!A:A,A8,'[1]DATOS PBI Artículos'!X:X)-_xlfn.XLOOKUP(A8,'[1]DATOS PBI Artículos'!A:A,'[1]DATOS PBI Artículos'!W:W))/IF($O8="",$N8,$O8))),0)))) -> 4 | R8: =IF(U8<>"",U8,IF(F8="DV","MTO",IF(N8=0,"MTO",_xlfn.XLOOKUP(CONCATENATE(S8,T8),[1]CRITERIOS!$K$160:$K$168,[1]CRITERIOS!$N$160:$N$168)))) -> MTS | S8: =IF(G8="DV","MTO",IF(N8=0,"MTO",IF(OR(AND(N8=0,O8=""),IF(O8="",G8/N8,G8/O8)>[1]CRITERIOS!$G$163),"MTO",IF(IF(O8="",G8/N8,G8/O8)<[1]CRITERIOS!$H$161,"MTS","MTOS")))) -> MTS | T8: =IF(F8="DV","MTO",IF(OR(AND($N8=0,O8=""),$F8/$J8>[1]CRITERIOS!$G$170,$F8="DV"),"MTO",IF($F8/$J8<[1]CRITERIOS!$H$168,"MTS","MTOS"))) -> MTS | V8: =IF(R8="MTO","", IF($H8=0,(((($J8/$F8)*$G8)+$Z8)/$G8)*$G8, (($J8/$F8)*$G8)+$Z8)) -> 258954.98 | X8: =IF(R8="MTO",0,V8+N8) -> 618954.98 | Y8: =IF(R8="MTO",0,Z8+(N8/2)) -> 200778.17 | Z8: =IF($R8="MTO", 0, ($H8+$K8*($E8/[1]CRITERIOS!$M$16))/[1]CRITERIOS!$X$48) -> 20778.166 | AA8: =ROUNDUP(($Y8/_xlfn.XLOOKUP($A8,'[1]DATOS PBI Artículos'!$A$4:$A$4,'[1]DATOS PBI Artículos'!$Z$4:$Z$4))/_xlfn.XLOOKUP(_xlfn.XLOOKUP($A8,'[1]DATOS PBI Artículos'!$A$4:$A$4,'[1]DATOS PBI Artículos'!$Y$4:$Y$4),[1]CRITERIOS!$P$79:$P$123,[1]CRITERIOS!$S$79:$S$123,),0) -> #N/A | AB8: {=IF((E8+V8-_xlfn.XLOOKUP(A8,'[1]DATOS PBI Artículos'!$A$4:$A$4,'[1]DATOS PBI Artículos'!$W$4:$W$4))/N8>ROUNDUP([1]CRITERIOS!$M$16/(IF(COUNTIF([1]CRITERIOS!$BG$11:$BG$201,L8)>=1,_xlfn.XLOOKUP(ARTÍCULOS!L8,[1]CRITERIOS!$BG$11:$BG$201,[1]CRITERIOS!$BJ$11:$BJ$201),_xlfn.XLOOKUP(ARTÍCULOS!C8,[1]CRITERIOS!$K$25:$K$42,[1]CRITERIOS!$M$25:$M$42))),0),ROUNDUP([1]CRITERIOS!$M$16/(IF(COUNTIF([1]CRITERIOS!$BG$11:$BG$201,L8)>=1,_xlfn.XLOOKUP(ARTÍCULOS!L8,[1]CRITERIOS!$BG$11:$BG$201:#REF!,[1]CRITERIOS!$BJ$11:$BJ$201),_xlfn.XLOOKUP(ARTÍCULOS!C8,[1]CRITERIOS!$K$25:$K$42,[1]CRITERIOS!$M$25:$M$42))),0),(E8+V8-_xlfn.XLOOKUP(A8,'[1]DATOS PBI Artículos'!$A$4:$A$4,'[1]DATOS PBI Artículos'!$W$4:$W$4))/N8)} -> #N/A | AC8: =IF(N8=0,"",(ROUNDUP((N8/2)/(_xlfn.XLOOKUP(A8,'[1]DATOS PBI Artículos'!$A$4:$A$4,'[1]DATOS PBI Artículos'!$Z$4:$Z$4)*_xlfn.XLOOKUP(_xlfn.XLOOKUP(A8,'[1]DATOS PBI Artículos'!$A$4:$A$4,'[1]DATOS PBI Artículos'!$Y$4:$Y$4),[1]CRITERIOS!$P$79:$P$123,[1]CRITERIOS!$S$79:$S$123)),0)*[1]CRITERIOS!$M$80*([1]CRITERIOS!$M$110/[1]CRITERIOS!$M$86)+(_xlfn.XLOOKUP(A8,'[1]DATOS PBI Artículos'!$A$4:$A$4,'[1]DATOS PBI Artículos'!$AA$4:$AA$4)*([1]CRITERIOS!$M$95+[1]CRITERIOS!$M$98)))/N8) -> #N/A | AD8: =IF(N8=0,"",(ROUNDUP((N8/2)/(_xlfn.XLOOKUP(A8,'[1]DATOS PBI Artículos'!$A$4:$A$4,'[1]DATOS PBI Artículos'!$Z$4:$Z$4)*_xlfn.XLOOKUP(_xlfn.XLOOKUP(A8,'[1]DATOS PBI Artículos'!$A$4:$A$4,'[1]DATOS PBI Artículos'!$Y$4:$Y$4),[1]CRITERIOS!$P$79:$P$123,[1]CRITERIOS!$S$79:$S$123)),0)*[1]CRITERIOS!$M$80*([1]CRITERIOS!$M$89*[1]CRITERIOS!$M$92)+((_xlfn.XLOOKUP(A8,'[1]DATOS PBI Artículos'!$A$4:$A$4,'[1]DATOS PBI Artículos'!$AA$4:$AA$4)/2)*([1]CRITERIOS!$M$95+[1]CRITERIOS!$M$98)))/N8) -> #N/A | AE8: =IF($R8="MTO","", IF($H8=0,ROUNDUP(((_xlfn.XLOOKUP($A8,'[1]DATOS PBI Artículos'!$A:$A,'[1]DATOS PBI Artículos'!$AL:$AL))/(_xlfn.XLOOKUP($AF$1,[1]CRITERIOS!$S$16:$S$39,[1]CRITERIOS!$Y$16:$Y$39))*$J8+$Z8)/$G8,0)*$G8, ((_xlfn.XLOOKUP($A8,'[1]DATOS PBI Artículos'!$A:$A,'[1]DATOS PBI Artículos'!$AL:$AL))/(_xlfn.XLOOKUP($AF$1,[1]CRITERIOS!$S$16:$S$39,[1]CRITERIOS!$Y$16:$Y$39))*$J8+$Z8))) -> 266977.4 | AG8: =IF($R8="MTO","", IF($H8=0,ROUNDUP(((_xlfn.XLOOKUP($A8,'[1]DATOS PBI Artículos'!$A:$A,'[1]DATOS PBI Artículos'!$AM:$AM))/(_xlfn.XLOOKUP($AH$1,[1]CRITERIOS!$S$16:$S$39,[1]CRITERIOS!$Y$16:$Y$39))*$J8+$Z8)/$G8,0)*$G8, ((_xlfn.XLOOKUP($A8,'[1]DATOS PBI Artículos'!$A:$A,'[1]DATOS PBI Artículos'!$AM:$AM))/(_xlfn.XLOOKUP($AH$1,[1]CRITERIOS!$S$16:$S$39,[1]CRITERIOS!$Y$16:$Y$39))*$J8+$Z8))) -> 197627.87 | AI8: =IF($R8="MTO","", IF($H8=0,ROUNDUP(((_xlfn.XLOOKUP($A8,'[1]DATOS PBI Artículos'!$A:$A,'[1]DATOS PBI Artículos'!$AN:$AN))/(_xlfn.XLOOKUP($AJ$1,[1]CRITERIOS!$S$16:$S$39,[1]CRITERIOS!$Y$16:$Y$39))*$J8+$Z8)/$G8,0)*$G8, ((_xlfn.XLOOKUP($A8,'[1]DATOS PBI Artículos'!$A:$A,'[1]DATOS PBI Artículos'!$AN:$AN))/(_xlfn.XLOOKUP($AJ$1,[1]CRITERIOS!$S$16:$S$39,[1]CRITERIOS!$Y$16:$Y$39))*$J8+$Z8))) -> 232599.76 | AK8: =IF($R8="MTO","", IF($H8=0,ROUNDUP(((_xlfn.XLOOKUP($A8,'[1]DATOS PBI Artículos'!$A:$A,'[1]DATOS PBI Artículos'!$AO:$AO))/(_xlfn.XLOOKUP($AL$1,[1]CRITERIOS!$S$16:$S$39,[1]CRITERIOS!$Y$16:$Y$39))*$J8+$Z8)/$G8,0)*$G8, ((_xlfn.XLOOKUP($A8,'[1]DATOS PBI Artículos'!$A:$A,'[1]DATOS PBI Artículos'!$AO:$AO))/(_xlfn.XLOOKUP($AL$1,[1]CRITERIOS!$S$16:$S$39,[1]CRITERIOS!$Y$16:$Y$39))*$J8+$Z8))) -> 251473.02
A9: 421109C | B9: =_xlfn.XLOOKUP($A9,'[1]DATOS PBI Artículos'!A:A,'[1]DATOS PBI Artículos'!B:B) -> 0 | C9: =_xlfn.XLOOKUP($A9,'[1]DATOS PBI Artículos'!A:A,'[1]DATOS PBI Artículos'!C:C) -> UA01 | D9: =_xlfn.XLOOKUP(A9,'[1]DATOS PBI Artículos'!A:A,'[1]DATOS PBI Artículos'!T:T) -> 5 | E9: =IF(_xlfn.XLOOKUP($A9,'[1]DATOS PBI Artículos'!A:A,'[1]DATOS PBI Artículos'!AK:AK)="",_xlfn.XLOOKUP($A9,'[1]DATOS PBI Artículos'!A:A,'[1]DATOS PBI Artículos'!AJ:AJ),_xlfn.XLOOKUP($A9,'[1]DATOS PBI Artículos'!A:A,'[1]DATOS PBI Artículos'!AK:AK)) -> 1200000 | F9: =_xlfn.XLOOKUP($A9,'[1]DATOS PBI Artículos'!A:A,'[1]DATOS PBI Artículos'!AP:AP) -> 20.666667 | G9: =_xlfn.XLOOKUP($A9,'[1]DATOS PBI Artículos'!A:A,'[1]DATOS PBI Artículos'!AR:AR) -> 300000 | H9: =_xlfn.XLOOKUP($A9,'[1]DATOS PBI Artículos'!A:A,'[1]DATOS PBI Artículos'!AT:AT) -> 0 | I9: =_xlfn.XLOOKUP($A9,'[1]DATOS PBI Artículos'!A:A,'[1]DATOS PBI Artículos'!AS:AS) -> 300000 | J9: =IF(COUNTIF([1]CRITERIOS!$F$179:$F$199,$A9)>=1, IF(O9<>"", (O9/_xlfn.XLOOKUP(CONCATENATE(A9,L9),[1]MÁQUINAS!A:A,[1]MÁQUINAS!D:D))/24, (N9/_xlfn.XLOOKUP(CONCATENATE(A9,L9),[1]MÁQUINAS!A:A,[1]MÁQUINAS!D:D))/24), _xlfn.XLOOKUP($A9,'[1]DATOS PBI Artículos'!A:A,'[1]DATOS PBI Artículos'!AU:AU)) -> 20.333333 | K9: =_xlfn.XLOOKUP($A9,'[1]DATOS PBI Artículos'!A:A,'[1]DATOS PBI Artículos'!AV:AV) -> 2.3094011 | L9: =_xlfn.XLOOKUP(A9,[1]MÁQUINAS!B:B,[1]MÁQUINAS!C:C) -> 507 | M9: {=_xlfn.XLOOKUP(A9,'[1]DATOS PBI Artículos'!A:A,'[1]DATOS PBI Artículos'!AX:$AX)} -> 159402.21 | N9: =IF(I9="DV", E9, IF(COUNTIF([1]CRITERIOS!$I$179:$I$199,$A9)>=1, _xlfn.XLOOKUP($A9,[1]CRITERIOS!$I$179:$I$199,[1]CRITERIOS!$J$179:$J$199), IF(COUNTIF([1]CRITERIOS!$L$179:$L$199,$A9)>=1, _xlfn.CEILING.MATH(IF($M9>$E9, $E9, IF($M9<$E9/ROUNDDOWN([1]CRITERIOS!$M$16/_xlfn.XLOOKUP($C9,[1]CRITERIOS!$K$25:$K$42,[1]CRITERIOS!$M$25:$M$42), 1), E9/ROUNDDOWN([1]CRITERIOS!$M$16/_xlfn.XLOOKUP($C9,[1]CRITERIOS!$K$25:$K$42,[1]CRITERIOS!$M$25:$M$42), 1), $M9)), _xlfn.XLOOKUP($A9,[1]CRITERIOS!$L$179:$L$200,[1]CRITERIOS!$M$179:$M$200)), _xlfn.CEILING.MATH(IF($M9>$E9, $E9, IF($M9<$E9/ROUNDDOWN([1]CRITERIOS!$M$16/_xlfn.XLOOKUP($C9,[1]CRITERIOS!$K$25:$K$42,[1]CRITERIOS!$M$25:$M$42), 1), E9/ROUNDDOWN([1]CRITERIOS!$M$16/_xlfn.XLOOKUP($C9,[1]CRITERIOS!$K$25:$K$42,[1]CRITERIOS!$M$25:$M$42), 1), $M9)),_xlfn.XLOOKUP(A9,'[1]DATOS PBI Artículos'!A:A,'[1]DATOS PBI Artículos'!Z:Z ))))) -> 325500 | Q9: =IF(AND(O9="",N9=0), 0, IF(COUNTIF([1]CRITERIOS!$F$179:$F$199,$A9)>=1, 1, IF(R9="MTO", $D9, ROUNDUP( IF(($E9-SUMIF('[1]DATOS PBI Artículos'!A:A,A9,'[1]DATOS PBI Artículos'!X:X)+($V9-_xlfn.XLOOKUP(A9,'[1]DATOS PBI Artículos'!A:A,'[1]DATOS PBI Artículos'!W:W)))<0, 0, IF(($E9-SUMIF('[1]DATOS PBI Artículos'!A:A,A9,'[1]DATOS PBI Artículos'!X:X)+$V9-_xlfn.XLOOKUP($A9,'[1]DATOS PBI Artículos'!A:A,'[1]DATOS PBI Artículos'!W:W))/IF($O9="",$N9,$O9)>ROUNDUP([1]CRITERIOS!$M$16/(IF(COUNTIF([1]CRITERIOS!$BG$11:$BG$201,L9)>=1,_xlfn.XLOOKUP($C9,[1]CRITERIOS!$K$25:$K$42,[1]CRITERIOS!$M$25:$M$42),_xlfn.XLOOKUP($C9,[1]CRITERIOS!$K$25:$K$42,[1]CRITERIOS!$M$25:$M$42))),0), ROUNDUP([1]CRITERIOS!$M$16/(IF(COUNTIF([1]CRITERIOS!$BG$11:$BG$201,$L9)>=1,_xlfn.XLOOKUP($C9,[1]CRITERIOS!$K$25:$K$42,[1]CRITERIOS!$M$25:$M$42),_xlfn.XLOOKUP($C9,[1]CRITERIOS!$K$25:$K$42,[1]CRITERIOS!$M$25:$M$42))),0), (E9+V9-SUMIF('[1]DATOS PBI Artículos'!A:A,A9,'[1]DATOS PBI Artículos'!X:X)-_xlfn.XLOOKUP(A9,'[1]DATOS PBI Artículos'!A:A,'[1]DATOS PBI Artículos'!W:W))/IF($O9="",$N9,$O9))),0)))) -> 4 | R9: =IF(U9<>"",U9,IF(F9="DV","MTO",IF(N9=0,"MTO",_xlfn.XLOOKUP(CONCATENATE(S9,T9),[1]CRITERIOS!$K$160:$K$168,[1]CRITERIOS!$N$160:$N$168)))) -> MTS | S9: =IF(G9="DV","MTO",IF(N9=0,"MTO",IF(OR(AND(N9=0,O9=""),IF(O9="",G9/N9,G9/O9)>[1]CRITERIOS!$G$163),"MTO",IF(IF(O9="",G9/N9,G9/O9)<[1]CRITERIOS!$H$161,"MTS","MTOS")))) -> MTO | T9: =IF(F9="DV","MTO",IF(OR(AND($N9=0,O9=""),$F9/$J9>[1]CRITERIOS!$G$170,$F9="DV"),"MTO",IF($F9/$J9<[1]CRITERIOS!$H$168,"MTS","MTOS"))) -> MTS | V9: =IF(R9="MTO","", IF($H9=0,(((($J9/$F9)*$G9)+$Z9)/$G9)*$G9, (($J9/$F9)*$G9)+$Z9)) -> 325953.3 | X9: =IF(R9="MTO",0,V9+N9) -> 651453.3 | Y9: =IF(R9="MTO",0,Z9+(N9/2)) -> 193542.01 | Z9: =IF($R9="MTO", 0, ($H9+$K9*($E9/[1]CRITERIOS!$M$16))/[1]CRITERIOS!$X$48) -> 30792.014 | AA9: =ROUNDUP(($Y9/_xlfn.XLOOKUP($A9,'[1]DATOS PBI Artículos'!$A$4:$A$4,'[1]DATOS PBI Artículos'!$Z$4:$Z$4))/_xlfn.XLOOKUP(_xlfn.XLOOKUP($A9,'[1]DATOS PBI Artículos'!$A$4:$A$4,'[1]DATOS PBI Artículos'!$Y$4:$Y$4),[1]CRITERIOS!$P$79:$P$123,[1]CRITERIOS!$S$79:$S$123,),0) -> #N/A | AB9: {=IF((E9+V9-_xlfn.XLOOKUP(A9,'[1]DATOS PBI Artículos'!$A$4:$A$4,'[1]DATOS PBI Artículos'!$W$4:$W$4))/N9>ROUNDUP([1]CRITERIOS!$M$16/(IF(COUNTIF([1]CRITERIOS!$BG$11:$BG$201,L9)>=1,_xlfn.XLOOKUP(ARTÍCULOS!L9,[1]CRITERIOS!$BG$11:$BG$201,[1]CRITERIOS!$BJ$11:$BJ$201),_xlfn.XLOOKUP(ARTÍCULOS!C9,[1]CRITERIOS!$K$25:$K$42,[1]CRITERIOS!$M$25:$M$42))),0),ROUNDUP([1]CRITERIOS!$M$16/(IF(COUNTIF([1]CRITERIOS!$BG$11:$BG$201,L9)>=1,_xlfn.XLOOKUP(ARTÍCULOS!L9,[1]CRITERIOS!$BG$11:$BG$201:#REF!,[1]CRITERIOS!$BJ$11:$BJ$201),_xlfn.XLOOKUP(ARTÍCULOS!C9,[1]CRITERIOS!$K$25:$K$42,[1]CRITERIOS!$M$25:$M$42))),0),(E9+V9-_xlfn.XLOOKUP(A9,'[1]DATOS PBI Artículos'!$A$4:$A$4,'[1]DATOS PBI Artículos'!$W$4:$W$4))/N9)} -> #N/A | AC9: =IF(N9=0,"",(ROUNDUP((N9/2)/(_xlfn.XLOOKUP(A9,'[1]DATOS PBI Artículos'!$A$4:$A$4,'[1]DATOS PBI Artículos'!$Z$4:$Z$4)*_xlfn.XLOOKUP(_xlfn.XLOOKUP(A9,'[1]DATOS PBI Artículos'!$A$4:$A$4,'[1]DATOS PBI Artículos'!$Y$4:$Y$4),[1]CRITERIOS!$P$79:$P$123,[1]CRITERIOS!$S$79:$S$123)),0)*[1]CRITERIOS!$M$80*([1]CRITERIOS!$M$110/[1]CRITERIOS!$M$86)+(_xlfn.XLOOKUP(A9,'[1]DATOS PBI Artículos'!$A$4:$A$4,'[1]DATOS PBI Artículos'!$AA$4:$AA$4)*([1]CRITERIOS!$M$95+[1]CRITERIOS!$M$98)))/N9) -> #N/A | AD9: =IF(N9=0,"",(ROUNDUP((N9/2)/(_xlfn.XLOOKUP(A9,'[1]DATOS PBI Artículos'!$A$4:$A$4,'[1]DATOS PBI Artículos'!$Z$4:$Z$4)*_xlfn.XLOOKUP(_xlfn.XLOOKUP(A9,'[1]DATOS PBI Artículos'!$A$4:$A$4,'[1]DATOS PBI Artículos'!$Y$4:$Y$4),[1]CRITERIOS!$P$79:$P$123,[1]CRITERIOS!$S$79:$S$123)),0)*[1]CRITERIOS!$M$80*([1]CRITERIOS!$M$89*[1]CRITERIOS!$M$92)+((_xlfn.XLOOKUP(A9,'[1]DATOS PBI Artículos'!$A$4:$A$4,'[1]DATOS PBI Artículos'!$AA$4:$AA$4)/2)*([1]CRITERIOS!$M$95+[1]CRITERIOS!$M$98)))/N9) -> #N/A | AE9: =IF($R9="MTO","", IF($H9=0,ROUNDUP(((_xlfn.XLOOKUP($A9,'[1]DATOS PBI Artículos'!$A:$A,'[1]DATOS PBI Artículos'!$AL:$AL))/(_xlfn.XLOOKUP($AF$1,[1]CRITERIOS!$S$16:$S$39,[1]CRITERIOS!$Y$16:$Y$39))*$J9+$Z9)/$G9,0)*$G9, ((_xlfn.XLOOKUP($A9,'[1]DATOS PBI Artículos'!$A:$A,'[1]DATOS PBI Artículos'!$AL:$AL))/(_xlfn.XLOOKUP($AF$1,[1]CRITERIOS!$S$16:$S$39,[1]CRITERIOS!$Y$16:$Y$39))*$J9+$Z9))) -> 600000 | AG9: =IF($R9="MTO","", IF($H9=0,ROUNDUP(((_xlfn.XLOOKUP($A9,'[1]DATOS PBI Artículos'!$A:$A,'[1]DATOS PBI Artículos'!$AM:$AM))/(_xlfn.XLOOKUP($AH$1,[1]CRITERIOS!$S$16:$S$39,[1]CRITERIOS!$Y$16:$Y$39))*$J9+$Z9)/$G9,0)*$G9, ((_xlfn.XLOOKUP($A9,'[1]DATOS PBI Artículos'!$A:$A,'[1]DATOS PBI Artículos'!$AM:$AM))/(_xlfn.XLOOKUP($AH$1,[1]CRITERIOS!$S$16:$S$39,[1]CRITERIOS!$Y$16:$Y$39))*$J9+$Z9))) -> 600000 | AI9: =IF($R9="MTO","", IF($H9=0,ROUNDUP(((_xlfn.XLOOKUP($A9,'[1]DATOS PBI Artículos'!$A:$A,'[1]DATOS PBI Artículos'!$AN:$AN))/(_xlfn.XLOOKUP($AJ$1,[1]CRITERIOS!$S$16:$S$39,[1]CRITERIOS!$Y$16:$Y$39))*$J9+$Z9)/$G9,0)*$G9, ((_xlfn.XLOOKUP($A9,'[1]DATOS PBI Artículos'!$A:$A,'[1]DATOS PBI Artículos'!$AN:$AN))/(_xlfn.XLOOKUP($AJ$1,[1]CRITERIOS!$S$16:$S$39,[1]CRITERIOS!$Y$16:$Y$39))*$J9+$Z9))) -> 600000 | AK9: =IF($R9="MTO","", IF($H9=0,ROUNDUP(((_xlfn.XLOOKUP($A9,'[1]DATOS PBI Artículos'!$A:$A,'[1]DATOS PBI Artículos'!$AO:$AO))/(_xlfn.XLOOKUP($AL$1,[1]CRITERIOS!$S$16:$S$39,[1]CRITERIOS!$Y$16:$Y$39))*$J9+$Z9)/$G9,0)*$G9, ((_xlfn.XLOOKUP($A9,'[1]DATOS PBI Artículos'!$A:$A,'[1]DATOS PBI Artículos'!$AO:$AO))/(_xlfn.XLOOKUP($AL$1,[1]CRITERIOS!$S$16:$S$39,[1]CRITERIOS!$Y$16:$Y$39))*$J9+$Z9))) -> 600000
A10: 452065 | B10: =_xlfn.XLOOKUP($A10,'[1]DATOS PBI Artículos'!A:A,'[1]DATOS PBI Artículos'!B:B) -> 0 | C10: =_xlfn.XLOOKUP($A10,'[1]DATOS PBI Artículos'!A:A,'[1]DATOS PBI Artículos'!C:C) -> UA02 | D10: =_xlfn.XLOOKUP(A10,'[1]DATOS PBI Artículos'!A:A,'[1]DATOS PBI Artículos'!T:T) -> 4 | E10: =IF(_xlfn.XLOOKUP($A10,'[1]DATOS PBI Artículos'!A:A,'[1]DATOS PBI Artículos'!AK:AK)="",_xlfn.XLOOKUP($A10,'[1]DATOS PBI Artículos'!A:A,'[1]DATOS PBI Artículos'!AJ:AJ),_xlfn.XLOOKUP($A10,'[1]DATOS PBI Artículos'!A:A,'[1]DATOS PBI Artículos'!AK:AK)) -> 1200000 | F10: =_xlfn.XLOOKUP($A10,'[1]DATOS PBI Artículos'!A:A,'[1]DATOS PBI Artículos'!AP:AP) -> 18.666667 | G10: =_xlfn.XLOOKUP($A10,'[1]DATOS PBI Artículos'!A:A,'[1]DATOS PBI Artículos'!AR:AR) -> 300000 | H10: =_xlfn.XLOOKUP($A10,'[1]DATOS PBI Artículos'!A:A,'[1]DATOS PBI Artículos'!AT:AT) -> 0 | I10: =_xlfn.XLOOKUP($A10,'[1]DATOS PBI Artículos'!A:A,'[1]DATOS PBI Artículos'!AS:AS) -> 300000 | J10: =IF(COUNTIF([1]CRITERIOS!$F$179:$F$199,$A10)>=1, IF(O10<>"", (O10/_xlfn.XLOOKUP(CONCATENATE(A10,L10),[1]MÁQUINAS!A:A,[1]MÁQUINAS!D:D))/24, (N10/_xlfn.XLOOKUP(CONCATENATE(A10,L10),[1]MÁQUINAS!A:A,[1]MÁQUINAS!D:D))/24), _xlfn.XLOOKUP($A10,'[1]DATOS PBI Artículos'!A:A,'[1]DATOS PBI Artículos'!AU:AU)) -> 30.190476 | K10: =_xlfn.XLOOKUP($A10,'[1]DATOS PBI Artículos'!A:A,'[1]DATOS PBI Artículos'!AV:AV) -> 8.6407121 | L10: =_xlfn.XLOOKUP(A10,[1]MÁQUINAS!B:B,[1]MÁQUINAS!C:C) -> 207 | M10: {=_xlfn.XLOOKUP(A10,'[1]DATOS PBI Artículos'!A:A,'[1]DATOS PBI Artículos'!AX:$AX)} -> 204254.25 | N10: =IF(I10="DV", E10, IF(COUNTIF([1]CRITERIOS!$I$179:$I$199,$A10)>=1, _xlfn.XLOOKUP($A10,[1]CRITERIOS!$I$179:$I$199,[1]CRITERIOS!$J$179:$J$199), IF(COUNTIF([1]CRITERIOS!$L$179:$L$199,$A10)>=1, _xlfn.CEILING.MATH(IF($M10>$E10, $E10, IF($M10<$E10/ROUNDDOWN([1]CRITERIOS!$M$16/_xlfn.XLOOKUP($C10,[1]CRITERIOS!$K$25:$K$42,[1]CRITERIOS!$M$25:$M$42), 1), E10/ROUNDDOWN([1]CRITERIOS!$M$16/_xlfn.XLOOKUP($C10,[1]CRITERIOS!$K$25:$K$42,[1]CRITERIOS!$M$25:$M$42), 1), $M10)), _xlfn.XLOOKUP($A10,[1]CRITERIOS!$L$179:$L$200,[1]CRITERIOS!$M$179:$M$200)), _xlfn.CEILING.MATH(IF($M10>$E10, $E10, IF($M10<$E10/ROUNDDOWN([1]CRITERIOS!$M$16/_xlfn.XLOOKUP($C10,[1]CRITERIOS!$K$25:$K$42,[1]CRITERIOS!$M$25:$M$42), 1), E10/ROUNDDOWN([1]CRITERIOS!$M$16/_xlfn.XLOOKUP($C10,[1]CRITERIOS!$K$25:$K$42,[1]CRITERIOS!$M$25:$M$42), 1), $M10)),_xlfn.XLOOKUP(A10,'[1]DATOS PBI Artículos'!A:A,'[1]DATOS PBI Artículos'!Z:Z ))))) -> 340000 | Q10: =IF(AND(O10="",N10=0), 0, IF(COUNTIF([1]CRITERIOS!$F$179:$F$199,$A10)>=1, 1, IF(R10="MTO", $D10, ROUNDUP( IF(($E10-SUMIF('[1]DATOS PBI Artículos'!A:A,A10,'[1]DATOS PBI Artículos'!X:X)+($V10-_xlfn.XLOOKUP(A10,'[1]DATOS PBI Artículos'!A:A,'[1]DATOS PBI Artículos'!W:W)))<0, 0, IF(($E10-SUMIF('[1]DATOS PBI Artículos'!A:A,A10,'[1]DATOS PBI Artículos'!X:X)+$V10-_xlfn.XLOOKUP($A10,'[1]DATOS PBI Artículos'!A:A,'[1]DATOS PBI Artículos'!W:W))/IF($O10="",$N10,$O10)>ROUNDUP([1]CRITERIOS!$M$16/(IF(COUNTIF([1]CRITERIOS!$BG$11:$BG$201,L10)>=1,_xlfn.XLOOKUP($C10,[1]CRITERIOS!$K$25:$K$42,[1]CRITERIOS!$M$25:$M$42),_xlfn.XLOOKUP($C10,[1]CRITERIOS!$K$25:$K$42,[1]CRITERIOS!$M$25:$M$42))),0), ROUNDUP([1]CRITERIOS!$M$16/(IF(COUNTIF([1]CRITERIOS!$BG$11:$BG$201,$L10)>=1,_xlfn.XLOOKUP($C10,[1]CRITERIOS!$K$25:$K$42,[1]CRITERIOS!$M$25:$M$42),_xlfn.XLOOKUP($C10,[1]CRITERIOS!$K$25:$K$42,[1]CRITERIOS!$M$25:$M$42))),0), (E10+V10-SUMIF('[1]DATOS PBI Artículos'!A:A,A10,'[1]DATOS PBI Artículos'!X:X)-_xlfn.XLOOKUP(A10,'[1]DATOS PBI Artículos'!A:A,'[1]DATOS PBI Artículos'!W:W))/IF($O10="",$N10,$O10))),0)))) -> 4 | R10: =IF(U10<>"",U10,IF(F10="DV","MTO",IF(N10=0,"MTO",_xlfn.XLOOKUP(CONCATENATE(S10,T10),[1]CRITERIOS!$K$160:$K$168,[1]CRITERIOS!$N$160:$N$168)))) -> MTS | S10: =IF(G10="DV","MTO",IF(N10=0,"MTO",IF(OR(AND(N10=0,O10=""),IF(O10="",G10/N10,G10/O10)>[1]CRITERIOS!$G$163),"MTO",IF(IF(O10="",G10/N10,G10/O10)<[1]CRITERIOS!$H$161,"MTS","MTOS")))) -> MTO | T10: =IF(F10="DV","MTO",IF(OR(AND($N10=0,O10=""),$F10/$J10>[1]CRITERIOS!$G$170,$F10="DV"),"MTO",IF($F10/$J10<[1]CRITERIOS!$H$168,"MTS","MTOS"))) -> MTS | V10: =IF(R10="MTO","", IF($H10=0,(((($J10/$F10)*$G10)+$Z10)/$G10)*$G10, (($J10/$F10)*$G10)+$Z10)) -> 600413.58 | X10: =IF(R10="MTO",0,V10+N10) -> 940413.58 | Y10: =IF(R10="MTO",0,Z10+(N10/2)) -> 285209.49 | Z10: =IF($R10="MTO", 0, ($H10+$K10*($E10/[1]CRITERIOS!$M$16))/[1]CRITERIOS!$X$48) -> 115209.49 | AA10: =ROUNDUP(($Y10/_xlfn.XLOOKUP($A10,'[1]DATOS PBI Artículos'!$A$4:$A$4,'[1]DATOS PBI Artículos'!$Z$4:$Z$4))/_xlfn.XLOOKUP(_xlfn.XLOOKUP($A10,'[1]DATOS PBI Artículos'!$A$4:$A$4,'[1]DATOS PBI Artículos'!$Y$4:$Y$4),[1]CRITERIOS!$P$79:$P$123,[1]CRITERIOS!$S$79:$S$123,),0) -> #N/A | AB10: {=IF((E10+V10-_xlfn.XLOOKUP(A10,'[1]DATOS PBI Artículos'!$A$4:$A$4,'[1]DATOS PBI Artículos'!$W$4:$W$4))/N10>ROUNDUP([1]CRITERIOS!$M$16/(IF(COUNTIF([1]CRITERIOS!$BG$11:$BG$201,L10)>=1,_xlfn.XLOOKUP(ARTÍCULOS!L10,[1]CRITERIOS!$BG$11:$BG$201,[1]CRITERIOS!$BJ$11:$BJ$201),_xlfn.XLOOKUP(ARTÍCULOS!C10,[1]CRITERIOS!$K$25:$K$42,[1]CRITERIOS!$M$25:$M$42))),0),ROUNDUP([1]CRITERIOS!$M$16/(IF(COUNTIF([1]CRITERIOS!$BG$11:$BG$201,L10)>=1,_xlfn.XLOOKUP(ARTÍCULOS!L10,[1]CRITERIOS!$BG$11:$BG$201:#REF!,[1]CRITERIOS!$BJ$11:$BJ$201),_xlfn.XLOOKUP(ARTÍCULOS!C10,[1]CRITERIOS!$K$25:$K$42,[1]CRITERIOS!$M$25:$M$42))),0),(E10+V10-_xlfn.XLOOKUP(A10,'[1]DATOS PBI Artículos'!$A$4:$A$4,'[1]DATOS PBI Artículos'!$W$4:$W$4))/N10)} -> #N/A | AC10: =IF(N10=0,"",(ROUNDUP((N10/2)/(_xlfn.XLOOKUP(A10,'[1]DATOS PBI Artículos'!$A$4:$A$4,'[1]DATOS PBI Artículos'!$Z$4:$Z$4)*_xlfn.XLOOKUP(_xlfn.XLOOKUP(A10,'[1]DATOS PBI Artículos'!$A$4:$A$4,'[1]DATOS PBI Artículos'!$Y$4:$Y$4),[1]CRITERIOS!$P$79:$P$123,[1]CRITERIOS!$S$79:$S$123)),0)*[1]CRITERIOS!$M$80*([1]CRITERIOS!$M$110/[1]CRITERIOS!$M$86)+(_xlfn.XLOOKUP(A10,'[1]DATOS PBI Artículos'!$A$4:$A$4,'[1]DATOS PBI Artículos'!$AA$4:$AA$4)*([1]CRITERIOS!$M$95+[1]CRITERIOS!$M$98)))/N10) -> #N/A | AD10: =IF(N10=0,"",(ROUNDUP((N10/2)/(_xlfn.XLOOKUP(A10,'[1]DATOS PBI Artículos'!$A$4:$A$4,'[1]DATOS PBI Artículos'!$Z$4:$Z$4)*_xlfn.XLOOKUP(_xlfn.XLOOKUP(A10,'[1]DATOS PBI Artículos'!$A$4:$A$4,'[1]DATOS PBI Artículos'!$Y$4:$Y$4),[1]CRITERIOS!$P$79:$P$123,[1]CRITERIOS!$S$79:$S$123)),0)*[1]CRITERIOS!$M$80*([1]CRITERIOS!$M$89*[1]CRITERIOS!$M$92)+((_xlfn.XLOOKUP(A10,'[1]DATOS PBI Artículos'!$A$4:$A$4,'[1]DATOS PBI Artículos'!$AA$4:$AA$4)/2)*([1]CRITERIOS!$M$95+[1]CRITERIOS!$M$98)))/N10) -> #N/A | AE10: =IF($R10="MTO","", IF($H10=0,ROUNDUP(((_xlfn.XLOOKUP($A10,'[1]DATOS PBI Artículos'!$A:$A,'[1]DATOS PBI Artículos'!$AL:$AL))/(_xlfn.XLOOKUP($AF$1,[1]CRITERIOS!$S$16:$S$39,[1]CRITERIOS!$Y$16:$Y$39))*$J10+$Z10)/$G10,0)*$G10, ((_xlfn.XLOOKUP($A10,'[1]DATOS PBI Artículos'!$A:$A,'[1]DATOS PBI Artículos'!$AL:$AL))/(_xlfn.XLOOKUP($AF$1,[1]CRITERIOS!$S$16:$S$39,[1]CRITERIOS!$Y$16:$Y$39))*$J10+$Z10))) -> 900000 | AG10: =IF($R10="MTO","", IF($H10=0,ROUNDUP(((_xlfn.XLOOKUP($A10,'[1]DATOS PBI Artículos'!$A:$A,'[1]DATOS PBI Artículos'!$AM:$AM))/(_xlfn.XLOOKUP($AH$1,[1]CRITERIOS!$S$16:$S$39,[1]CRITERIOS!$Y$16:$Y$39))*$J10+$Z10)/$G10,0)*$G10, ((_xlfn.XLOOKUP($A10,'[1]DATOS PBI Artículos'!$A:$A,'[1]DATOS PBI Artículos'!$AM:$AM))/(_xlfn.XLOOKUP($AH$1,[1]CRITERIOS!$S$16:$S$39,[1]CRITERIOS!$Y$16:$Y$39))*$J10+$Z10))) -> 600000 | AI10: =IF($R10="MTO","", IF($H10=0,ROUNDUP(((_xlfn.XLOOKUP($A10,'[1]DATOS PBI Artículos'!$A:$A,'[1]DATOS PBI Artículos'!$AN:$AN))/(_xlfn.XLOOKUP($AJ$1,[1]CRITERIOS!$S$16:$S$39,[1]CRITERIOS!$Y$16:$Y$39))*$J10+$Z10)/$G10,0)*$G10, ((_xlfn.XLOOKUP($A10,'[1]DATOS PBI Artículos'!$A:$A,'[1]DATOS PBI Artículos'!$AN:$AN))/(_xlfn.XLOOKUP($AJ$1,[1]CRITERIOS!$S$16:$S$39,[1]CRITERIOS!$Y$16:$Y$39))*$J10+$Z10))) -> 600000 | AK10: =IF($R10="MTO","", IF($H10=0,ROUNDUP(((_xlfn.XLOOKUP($A10,'[1]DATOS PBI Artículos'!$A:$A,'[1]DATOS PBI Artículos'!$AO:$AO))/(_xlfn.XLOOKUP($AL$1,[1]CRITERIOS!$S$16:$S$39,[1]CRITERIOS!$Y$16:$Y$39))*$J10+$Z10)/$G10,0)*$G10, ((_xlfn.XLOOKUP($A10,'[1]DATOS PBI Artículos'!$A:$A,'[1]DATOS PBI Artículos'!$AO:$AO))/(_xlfn.XLOOKUP($AL$1,[1]CRITERIOS!$S$16:$S$39,[1]CRITERIOS!$Y$16:$Y$39))*$J10+$Z10))) -> 900000
A11: 412366 | B11: =_xlfn.XLOOKUP($A11,'[1]DATOS PBI Artículos'!A:A,'[1]DATOS PBI Artículos'!B:B) -> 0 | C11: =_xlfn.XLOOKUP($A11,'[1]DATOS PBI Artículos'!A:A,'[1]DATOS PBI Artículos'!C:C) -> UA03 | D11: =_xlfn.XLOOKUP(A11,'[1]DATOS PBI Artículos'!A:A,'[1]DATOS PBI Artículos'!T:T) -> 2 | E11: =IF(_xlfn.XLOOKUP($A11,'[1]DATOS PBI Artículos'!A:A,'[1]DATOS PBI Artículos'!AK:AK)="",_xlfn.XLOOKUP($A11,'[1]DATOS PBI Artículos'!A:A,'[1]DATOS PBI Artículos'!AJ:AJ),_xlfn.XLOOKUP($A11,'[1]DATOS PBI Artículos'!A:A,'[1]DATOS PBI Artículos'!AK:AK)) -> 990000 | F11: =_xlfn.XLOOKUP($A11,'[1]DATOS PBI Artículos'!A:A,'[1]DATOS PBI Artículos'!AP:AP) -> 23 | G11: =_xlfn.XLOOKUP($A11,'[1]DATOS PBI Artículos'!A:A,'[1]DATOS PBI Artículos'!AR:AR) -> 495000 | H11: =_xlfn.XLOOKUP($A11,'[1]DATOS PBI Artículos'!A:A,'[1]DATOS PBI Artículos'!AT:AT) -> 0 | I11: =_xlfn.XLOOKUP($A11,'[1]DATOS PBI Artículos'!A:A,'[1]DATOS PBI Artículos'!AS:AS) -> 495000 | J11: =IF(COUNTIF([1]CRITERIOS!$F$179:$F$199,$A11)>=1, IF(O11<>"", (O11/_xlfn.XLOOKUP(CONCATENATE(A11,L11),[1]MÁQUINAS!A:A,[1]MÁQUINAS!D:D))/24, (N11/_xlfn.XLOOKUP(CONCATENATE(A11,L11),[1]MÁQUINAS!A:A,[1]MÁQUINAS!D:D))/24), _xlfn.XLOOKUP($A11,'[1]DATOS PBI Artículos'!A:A,'[1]DATOS PBI Artículos'!AU:AU)) -> 14.6 | K11: =_xlfn.XLOOKUP($A11,'[1]DATOS PBI Artículos'!A:A,'[1]DATOS PBI Artículos'!AV:AV) -> 1.3522468 | L11: =_xlfn.XLOOKUP(A11,[1]MÁQUINAS!B:B,[1]MÁQUINAS!C:C) -> 127 | M11: {=_xlfn.XLOOKUP(A11,'[1]DATOS PBI Artículos'!A:A,'[1]DATOS PBI Artículos'!AX:$AX)} -> 212461.12 | N11: =IF(I11="DV", E11, IF(COUNTIF([1]CRITERIOS!$I$179:$I$199,$A11)>=1, _xlfn.XLOOKUP($A11,[1]CRITERIOS!$I$179:$I$199,[1]CRITERIOS!$J$179:$J$199), IF(COUNTIF([1]CRITERIOS!$L$179:$L$199,$A11)>=1, _xlfn.CEILING.MATH(IF($M11>$E11, $E11, IF($M11<$E11/ROUNDDOWN([1]CRITERIOS!$M$16/_xlfn.XLOOKUP($C11,[1]CRITERIOS!$K$25:$K$42,[1]CRITERIOS!$M$25:$M$42), 1), E11/ROUNDDOWN([1]CRITERIOS!$M$16/_xlfn.XLOOKUP($C11,[1]CRITERIOS!$K$25:$K$42,[1]CRITERIOS!$M$25:$M$42), 1), $M11)), _xlfn.XLOOKUP($A11,[1]CRITERIOS!$L$179:$L$200,[1]CRITERIOS!$M$179:$M$200)), _xlfn.CEILING.MATH(IF($M11>$E11, $E11, IF($M11<$E11/ROUNDDOWN([1]CRITERIOS!$M$16/_xlfn.XLOOKUP($C11,[1]CRITERIOS!$K$25:$K$42,[1]CRITERIOS!$M$25:$M$42), 1), E11/ROUNDDOWN([1]CRITERIOS!$M$16/_xlfn.XLOOKUP($C11,[1]CRITERIOS!$K$25:$K$42,[1]CRITERIOS!$M$25:$M$42), 1), $M11)),_xlfn.XLOOKUP(A11,'[1]DATOS PBI Artículos'!A:A,'[1]DATOS PBI Artículos'!Z:Z ))))) -> 270000 | Q11: =IF(AND(O11="",N11=0), 0, IF(COUNTIF([1]CRITERIOS!$F$179:$F$199,$A11)>=1, 1, IF(R11="MTO", $D11, ROUNDUP( IF(($E11-SUMIF('[1]DATOS PBI Artículos'!A:A,A11,'[1]DATOS PBI Artículos'!X:X)+($V11-_xlfn.XLOOKUP(A11,'[1]DATOS PBI Artículos'!A:A,'[1]DATOS PBI Artículos'!W:W)))<0, 0, IF(($E11-SUMIF('[1]DATOS PBI Artículos'!A:A,A11,'[1]DATOS PBI Artículos'!X:X)+$V11-_xlfn.XLOOKUP($A11,'[1]DATOS PBI Artículos'!A:A,'[1]DATOS PBI Artículos'!W:W))/IF($O11="",$N11,$O11)>ROUNDUP([1]CRITERIOS!$M$16/(IF(COUNTIF([1]CRITERIOS!$BG$11:$BG$201,L11)>=1,_xlfn.XLOOKUP($C11,[1]CRITERIOS!$K$25:$K$42,[1]CRITERIOS!$M$25:$M$42),_xlfn.XLOOKUP($C11,[1]CRITERIOS!$K$25:$K$42,[1]CRITERIOS!$M$25:$M$42))),0), ROUNDUP([1]CRITERIOS!$M$16/(IF(COUNTIF([1]CRITERIOS!$BG$11:$BG$201,$L11)>=1,_xlfn.XLOOKUP($C11,[1]CRITERIOS!$K$25:$K$42,[1]CRITERIOS!$M$25:$M$42),_xlfn.XLOOKUP($C11,[1]CRITERIOS!$K$25:$K$42,[1]CRITERIOS!$M$25:$M$42))),0), (E11+V11-SUMIF('[1]DATOS PBI Artículos'!A:A,A11,'[1]DATOS PBI Artículos'!X:X)-_xlfn.XLOOKUP(A11,'[1]DATOS PBI Artículos'!A:A,'[1]DATOS PBI Artículos'!W:W))/IF($O11="",$N11,$O11))),0)))) -> 2 | R11: =IF(U11<>"",U11,IF(F11="DV","MTO",IF(N11=0,"MTO",_xlfn.XLOOKUP(CONCATENATE(S11,T11),[1]CRITERIOS!$K$160:$K$168,[1]CRITERIOS!$N$160:$N$168)))) -> MTO | S11: =IF(G11="DV","MTO",IF(N11=0,"MTO",IF(OR(AND(N11=0,O11=""),IF(O11="",G11/N11,G11/O11)>[1]CRITERIOS!$G$163),"MTO",IF(IF(O11="",G11/N11,G11/O11)<[1]CRITERIOS!$H$161,"MTS","MTOS")))) -> MTO | T11: =IF(F11="DV","MTO",IF(OR(AND($N11=0,O11=""),$F11/$J11>[1]CRITERIOS!$G$170,$F11="DV"),"MTO",IF($F11/$J11<[1]CRITERIOS!$H$168,"MTS","MTOS"))) -> MTO | V11: =IF(R11="MTO","", IF($H11=0,(((($J11/$F11)*$G11)+$Z11)/$G11)*$G11, (($J11/$F11)*$G11)+$Z11)) | X11: =IF(R11="MTO",0,V11+N11) -> 0 | Y11: =IF(R11="MTO",0,Z11+(N11/2)) -> 0 | Z11: =IF($R11="MTO", 0, ($H11+$K11*($E11/[1]CRITERIOS!$M$16))/[1]CRITERIOS!$X$48) -> 0 | AA11: =ROUNDUP(($Y11/_xlfn.XLOOKUP($A11,'[1]DATOS PBI Artículos'!$A$4:$A$4,'[1]DATOS PBI Artículos'!$Z$4:$Z$4))/_xlfn.XLOOKUP(_xlfn.XLOOKUP($A11,'[1]DATOS PBI Artículos'!$A$4:$A$4,'[1]DATOS PBI Artículos'!$Y$4:$Y$4),[1]CRITERIOS!$P$79:$P$123,[1]CRITERIOS!$S$79:$S$123,),0) -> #N/A | AB11: {=IF((E11+V11-_xlfn.XLOOKUP(A11,'[1]DATOS PBI Artículos'!$A$4:$A$4,'[1]DATOS PBI Artículos'!$W$4:$W$4))/N11>ROUNDUP([1]CRITERIOS!$M$16/(IF(COUNTIF([1]CRITERIOS!$BG$11:$BG$201,L11)>=1,_xlfn.XLOOKUP(ARTÍCULOS!L11,[1]CRITERIOS!$BG$11:$BG$201,[1]CRITERIOS!$BJ$11:$BJ$201),_xlfn.XLOOKUP(ARTÍCULOS!C11,[1]CRITERIOS!$K$25:$K$42,[1]CRITERIOS!$M$25:$M$42))),0),ROUNDUP([1]CRITERIOS!$M$16/(IF(COUNTIF([1]CRITERIOS!$BG$11:$BG$201,L11)>=1,_xlfn.XLOOKUP(ARTÍCULOS!L11,[1]CRITERIOS!$BG$11:$BG$201:#REF!,[1]CRITERIOS!$BJ$11:$BJ$201),_xlfn.XLOOKUP(ARTÍCULOS!C11,[1]CRITERIOS!$K$25:$K$42,[1]CRITERIOS!$M$25:$M$42))),0),(E11+V11-_xlfn.XLOOKUP(A11,'[1]DATOS PBI Artículos'!$A$4:$A$4,'[1]DATOS PBI Artículos'!$W$4:$W$4))/N11)} -> #VALUE! | AC11: =IF(N11=0,"",(ROUNDUP((N11/2)/(_xlfn.XLOOKUP(A11,'[1]DATOS PBI Artículos'!$A$4:$A$4,'[1]DATOS PBI Artículos'!$Z$4:$Z$4)*_xlfn.XLOOKUP(_xlfn.XLOOKUP(A11,'[1]DATOS PBI Artículos'!$A$4:$A$4,'[1]DATOS PBI Artículos'!$Y$4:$Y$4),[1]CRITERIOS!$P$79:$P$123,[1]CRITERIOS!$S$79:$S$123)),0)*[1]CRITERIOS!$M$80*([1]CRITERIOS!$M$110/[1]CRITERIOS!$M$86)+(_xlfn.XLOOKUP(A11,'[1]DATOS PBI Artículos'!$A$4:$A$4,'[1]DATOS PBI Artículos'!$AA$4:$AA$4)*([1]CRITERIOS!$M$95+[1]CRITERIOS!$M$98)))/N11) -> #N/A | AD11: =IF(N11=0,"",(ROUNDUP((N11/2)/(_xlfn.XLOOKUP(A11,'[1]DATOS PBI Artículos'!$A$4:$A$4,'[1]DATOS PBI Artículos'!$Z$4:$Z$4)*_xlfn.XLOOKUP(_xlfn.XLOOKUP(A11,'[1]DATOS PBI Artículos'!$A$4:$A$4,'[1]DATOS PBI Artículos'!$Y$4:$Y$4),[1]CRITERIOS!$P$79:$P$123,[1]CRITERIOS!$S$79:$S$123)),0)*[1]CRITERIOS!$M$80*([1]CRITERIOS!$M$89*[1]CRITERIOS!$M$92)+((_xlfn.XLOOKUP(A11,'[1]DATOS PBI Artículos'!$A$4:$A$4,'[1]DATOS PBI Artículos'!$AA$4:$AA$4)/2)*([1]CRITERIOS!$M$95+[1]CRITERIOS!$M$98)))/N11) -> #N/A | AE11: =IF($R11="MTO","", IF($H11=0,ROUNDUP(((_xlfn.XLOOKUP($A11,'[1]DATOS PBI Artículos'!$A:$A,'[1]DATOS PBI Artículos'!$AL:$AL))/(_xlfn.XLOOKUP($AF$1,[1]CRITERIOS!$S$16:$S$39,[1]CRITERIOS!$Y$16:$Y$39))*$J11+$Z11)/$G11,0)*$G11, ((_xlfn.XLOOKUP($A11,'[1]DATOS PBI Artículos'!$A:$A,'[1]DATOS PBI Artículos'!$AL:$AL))/(_xlfn.XLOOKUP($AF$1,[1]CRITERIOS!$S$16:$S$39,[1]CRITERIOS!$Y$16:$Y$39))*$J11+$Z11))) | AG11: =IF($R11="MTO","", IF($H11=0,ROUNDUP(((_xlfn.XLOOKUP($A11,'[1]DATOS PBI Artículos'!$A:$A,'[1]DATOS PBI Artículos'!$AM:$AM))/(_xlfn.XLOOKUP($AH$1,[1]CRITERIOS!$S$16:$S$39,[1]CRITERIOS!$Y$16:$Y$39))*$J11+$Z11)/$G11,0)*$G11, ((_xlfn.XLOOKUP($A11,'[1]DATOS PBI Artículos'!$A:$A,'[1]DATOS PBI Artículos'!$AM:$AM))/(_xlfn.XLOOKUP($AH$1,[1]CRITERIOS!$S$16:$S$39,[1]CRITERIOS!$Y$16:$Y$39))*$J11+$Z11))) | AI11: =IF($R11="MTO","", IF($H11=0,ROUNDUP(((_xlfn.XLOOKUP($A11,'[1]DATOS PBI Artículos'!$A:$A,'[1]DATOS PBI Artículos'!$AN:$AN))/(_xlfn.XLOOKUP($AJ$1,[1]CRITERIOS!$S$16:$S$39,[1]CRITERIOS!$Y$16:$Y$39))*$J11+$Z11)/$G11,0)*$G11, ((_xlfn.XLOOKUP($A11,'[1]DATOS PBI Artículos'!$A:$A,'[1]DATOS PBI Artículos'!$AN:$AN))/(_xlfn.XLOOKUP($AJ$1,[1]CRITERIOS!$S$16:$S$39,[1]CRITERIOS!$Y$16:$Y$39))*$J11+$Z11))) | AK11: =IF($R11="MTO","", IF($H11=0,ROUNDUP(((_xlfn.XLOOKUP($A11,'[1]DATOS PBI Artículos'!$A:$A,'[1]DATOS PBI Artículos'!$AO:$AO))/(_xlfn.XLOOKUP($AL$1,[1]CRITERIOS!$S$16:$S$39,[1]CRITERIOS!$Y$16:$Y$39))*$J11+$Z11)/$G11,0)*$G11, ((_xlfn.XLOOKUP($A11,'[1]DATOS PBI Artículos'!$A:$A,'[1]DATOS PBI Artículos'!$AO:$AO))/(_xlfn.XLOOKUP($AL$1,[1]CRITERIOS!$S$16:$S$39,[1]CRITERIOS!$Y$16:$Y$39))*$J11+$Z11)))
A12: 421910A | B12: =_xlfn.XLOOKUP($A12,'[1]DATOS PBI Artículos'!A:A,'[1]DATOS PBI Artículos'!B:B) -> 0 | C12: =_xlfn.XLOOKUP($A12,'[1]DATOS PBI Artículos'!A:A,'[1]DATOS PBI Artículos'!C:C) -> UA01 | D12: =_xlfn.XLOOKUP(A12,'[1]DATOS PBI Artículos'!A:A,'[1]DATOS PBI Artículos'!T:T) -> 18 | E12: =IF(_xlfn.XLOOKUP($A12,'[1]DATOS PBI Artículos'!A:A,'[1]DATOS PBI Artículos'!AK:AK)="",_xlfn.XLOOKUP($A12,'[1]DATOS PBI Artículos'!A:A,'[1]DATOS PBI Artículos'!AJ:AJ),_xlfn.XLOOKUP($A12,'[1]DATOS PBI Artículos'!A:A,'[1]DATOS PBI Artículos'!AK:AK)) -> 800000 | F12: =_xlfn.XLOOKUP($A12,'[1]DATOS PBI Artículos'!A:A,'[1]DATOS PBI Artículos'!AP:AP) -> 4.375 | G12: =_xlfn.XLOOKUP($A12,'[1]DATOS PBI Artículos'!A:A,'[1]DATOS PBI Artículos'!AR:AR) -> 40000 | H12: =_xlfn.XLOOKUP($A12,'[1]DATOS PBI Artículos'!A:A,'[1]DATOS PBI Artículos'!AT:AT) -> 15718.105 | I12: =_xlfn.XLOOKUP($A12,'[1]DATOS PBI Artículos'!A:A,'[1]DATOS PBI Artículos'!AS:AS) -> 40000 | J12: =IF(COUNTIF([1]CRITERIOS!$F$179:$F$199,$A12)>=1, IF(O12<>"", (O12/_xlfn.XLOOKUP(CONCATENATE(A12,L12),[1]MÁQUINAS!A:A,[1]MÁQUINAS!D:D))/24, (N12/_xlfn.XLOOKUP(CONCATENATE(A12,L12),[1]MÁQUINAS!A:A,[1]MÁQUINAS!D:D))/24), _xlfn.XLOOKUP($A12,'[1]DATOS PBI Artículos'!A:A,'[1]DATOS PBI Artículos'!AU:AU)) -> 23.12987 | K12: =_xlfn.XLOOKUP($A12,'[1]DATOS PBI Artículos'!A:A,'[1]DATOS PBI Artículos'!AV:AV) -> 7.3634064 | L12: =_xlfn.XLOOKUP(A12,[1]MÁQUINAS!B:B,[1]MÁQUINAS!C:C) -> 500 | M12: {=_xlfn.XLOOKUP(A12,'[1]DATOS PBI Artículos'!A:A,'[1]DATOS PBI Artículos'!AX:$AX)} -> 101425.76 | N12: =IF(I12="DV", E12, IF(COUNTIF([1]CRITERIOS!$I$179:$I$199,$A12)>=1, _xlfn.XLOOKUP($A12,[1]CRITERIOS!$I$179:$I$199,[1]CRITERIOS!$J$179:$J$199), IF(COUNTIF([1]CRITERIOS!$L$179:$L$199,$A12)>=1, _xlfn.CEILING.MATH(IF($M12>$E12, $E12, IF($M12<$E12/ROUNDDOWN([1]CRITERIOS!$M$16/_xlfn.XLOOKUP($C12,[1]CRITERIOS!$K$25:$K$42,[1]CRITERIOS!$M$25:$M$42), 1), E12/ROUNDDOWN([1]CRITERIOS!$M$16/_xlfn.XLOOKUP($C12,[1]CRITERIOS!$K$25:$K$42,[1]CRITERIOS!$M$25:$M$42), 1), $M12)), _xlfn.XLOOKUP($A12,[1]CRITERIOS!$L$179:$L$200,[1]CRITERIOS!$M$179:$M$200)), _xlfn.CEILING.MATH(IF($M12>$E12, $E12, IF($M12<$E12/ROUNDDOWN([1]CRITERIOS!$M$16/_xlfn.XLOOKUP($C12,[1]CRITERIOS!$K$25:$K$42,[1]CRITERIOS!$M$25:$M$42), 1), E12/ROUNDDOWN([1]CRITERIOS!$M$16/_xlfn.XLOOKUP($C12,[1]CRITERIOS!$K$25:$K$42,[1]CRITERIOS!$M$25:$M$42), 1), $M12)),_xlfn.XLOOKUP(A12,'[1]DATOS PBI Artículos'!A:A,'[1]DATOS PBI Artículos'!Z:Z ))))) -> 217000 | Q12: =IF(AND(O12="",N12=0), 0, IF(COUNTIF([1]CRITERIOS!$F$179:$F$199,$A12)>=1, 1, IF(R12="MTO", $D12, ROUNDUP( IF(($E12-SUMIF('[1]DATOS PBI Artículos'!A:A,A12,'[1]DATOS PBI Artículos'!X:X)+($V12-_xlfn.XLOOKUP(A12,'[1]DATOS PBI Artículos'!A:A,'[1]DATOS PBI Artículos'!W:W)))<0, 0, IF(($E12-SUMIF('[1]DATOS PBI Artículos'!A:A,A12,'[1]DATOS PBI Artículos'!X:X)+$V12-_xlfn.XLOOKUP($A12,'[1]DATOS PBI Artículos'!A:A,'[1]DATOS PBI Artículos'!W:W))/IF($O12="",$N12,$O12)>ROUNDUP([1]CRITERIOS!$M$16/(IF(COUNTIF([1]CRITERIOS!$BG$11:$BG$201,L12)>=1,_xlfn.XLOOKUP($C12,[1]CRITERIOS!$K$25:$K$42,[1]CRITERIOS!$M$25:$M$42),_xlfn.XLOOKUP($C12,[1]CRITERIOS!$K$25:$K$42,[1]CRITERIOS!$M$25:$M$42))),0), ROUNDUP([1]CRITERIOS!$M$16/(IF(COUNTIF([1]CRITERIOS!$BG$11:$BG$201,$L12)>=1,_xlfn.XLOOKUP($C12,[1]CRITERIOS!$K$25:$K$42,[1]CRITERIOS!$M$25:$M$42),_xlfn.XLOOKUP($C12,[1]CRITERIOS!$K$25:$K$42,[1]CRITERIOS!$M$25:$M$42))),0), (E12+V12-SUMIF('[1]DATOS PBI Artículos'!A:A,A12,'[1]DATOS PBI Artículos'!X:X)-_xlfn.XLOOKUP(A12,'[1]DATOS PBI Artículos'!A:A,'[1]DATOS PBI Artículos'!W:W))/IF($O12="",$N12,$O12))),0)))) -> 4 | R12: =IF(U12<>"",U12,IF(F12="DV","MTO",IF(N12=0,"MTO",_xlfn.XLOOKUP(CONCATENATE(S12,T12),[1]CRITERIOS!$K$160:$K$168,[1]CRITERIOS!$N$160:$N$168)))) -> MTS | S12: =IF(G12="DV","MTO",IF(N12=0,"MTO",IF(OR(AND(N12=0,O12=""),IF(O12="",G12/N12,G12/O12)>[1]CRITERIOS!$G$163),"MTO",IF(IF(O12="",G12/N12,G12/O12)<[1]CRITERIOS!$H$161,"MTS","MTOS")))) -> MTS | T12: =IF(F12="DV","MTO",IF(OR(AND($N12=0,O12=""),$F12/$J12>[1]CRITERIOS!$G$170,$F12="DV"),"MTO",IF($F12/$J12<[1]CRITERIOS!$H$168,"MTS","MTOS"))) -> MTS | V12: =IF(R12="MTO","", IF($H12=0,(((($J12/$F12)*$G12)+$Z12)/$G12)*$G12, (($J12/$F12)*$G12)+$Z12)) -> 290024.02 | X12: =IF(R12="MTO",0,V12+N12) -> 507024.02 | Y12: =IF(R12="MTO",0,Z12+(N12/2)) -> 187050.92 | Z12: =IF($R12="MTO", 0, ($H12+$K12*($E12/[1]CRITERIOS!$M$16))/[1]CRITERIOS!$X$48) -> 78550.922 | AA12: =ROUNDUP(($Y12/_xlfn.XLOOKUP($A12,'[1]DATOS PBI Artículos'!$A$4:$A$4,'[1]DATOS PBI Artículos'!$Z$4:$Z$4))/_xlfn.XLOOKUP(_xlfn.XLOOKUP($A12,'[1]DATOS PBI Artículos'!$A$4:$A$4,'[1]DATOS PBI Artículos'!$Y$4:$Y$4),[1]CRITERIOS!$P$79:$P$123,[1]CRITERIOS!$S$79:$S$123,),0) -> #N/A | AB12: {=IF((E12+V12-_xlfn.XLOOKUP(A12,'[1]DATOS PBI Artículos'!$A$4:$A$4,'[1]DATOS PBI Artículos'!$W$4:$W$4))/N12>ROUNDUP([1]CRITERIOS!$M$16/(IF(COUNTIF([1]CRITERIOS!$BG$11:$BG$201,L12)>=1,_xlfn.XLOOKUP(ARTÍCULOS!L12,[1]CRITERIOS!$BG$11:$BG$201,[1]CRITERIOS!$BJ$11:$BJ$201),_xlfn.XLOOKUP(ARTÍCULOS!C12,[1]CRITERIOS!$K$25:$K$42,[1]CRITERIOS!$M$25:$M$42))),0),ROUNDUP([1]CRITERIOS!$M$16/(IF(COUNTIF([1]CRITERIOS!$BG$11:$BG$201,L12)>=1,_xlfn.XLOOKUP(ARTÍCULOS!L12,[1]CRITERIOS!$BG$11:$BG$201:#REF!,[1]CRITERIOS!$BJ$11:$BJ$201),_xlfn.XLOOKUP(ARTÍCULOS!C12,[1]CRITERIOS!$K$25:$K$42,[1]CRITERIOS!$M$25:$M$42))),0),(E12+V12-_xlfn.XLOOKUP(A12,'[1]DATOS PBI Artículos'!$A$4:$A$4,'[1]DATOS PBI Artículos'!$W$4:$W$4))/N12)} -> #N/A | AC12: =IF(N12=0,"",(ROUNDUP((N12/2)/(_xlfn.XLOOKUP(A12,'[1]DATOS PBI Artículos'!$A$4:$A$4,'[1]DATOS PBI Artículos'!$Z$4:$Z$4)*_xlfn.XLOOKUP(_xlfn.XLOOKUP(A12,'[1]DATOS PBI Artículos'!$A$4:$A$4,'[1]DATOS PBI Artículos'!$Y$4:$Y$4),[1]CRITERIOS!$P$79:$P$123,[1]CRITERIOS!$S$79:$S$123)),0)*[1]CRITERIOS!$M$80*([1]CRITERIOS!$M$110/[1]CRITERIOS!$M$86)+(_xlfn.XLOOKUP(A12,'[1]DATOS PBI Artículos'!$A$4:$A$4,'[1]DATOS PBI Artículos'!$AA$4:$AA$4)*([1]CRITERIOS!$M$95+[1]CRITERIOS!$M$98)))/N12) -> #N/A | AD12: =IF(N12=0,"",(ROUNDUP((N12/2)/(_xlfn.XLOOKUP(A12,'[1]DATOS PBI Artículos'!$A$4:$A$4,'[1]DATOS PBI Artículos'!$Z$4:$Z$4)*_xlfn.XLOOKUP(_xlfn.XLOOKUP(A12,'[1]DATOS PBI Artículos'!$A$4:$A$4,'[1]DATOS PBI Artículos'!$Y$4:$Y$4),[1]CRITERIOS!$P$79:$P$123,[1]CRITERIOS!$S$79:$S$123)),0)*[1]CRITERIOS!$M$80*([1]CRITERIOS!$M$89*[1]CRITERIOS!$M$92)+((_xlfn.XLOOKUP(A12,'[1]DATOS PBI Artículos'!$A$4:$A$4,'[1]DATOS PBI Artículos'!$AA$4:$AA$4)/2)*([1]CRITERIOS!$M$95+[1]CRITERIOS!$M$98)))/N12) -> #N/A | AE12: =IF($R12="MTO","", IF($H12=0,ROUNDUP(((_xlfn.XLOOKUP($A12,'[1]DATOS PBI Artículos'!$A:$A,'[1]DATOS PBI Artículos'!$AL:$AL))/(_xlfn.XLOOKUP($AF$1,[1]CRITERIOS!$S$16:$S$39,[1]CRITERIOS!$Y$16:$Y$39))*$J12+$Z12)/$G12,0)*$G12, ((_xlfn.XLOOKUP($A12,'[1]DATOS PBI Artículos'!$A:$A,'[1]DATOS PBI Artículos'!$AL:$AL))/(_xlfn.XLOOKUP($AF$1,[1]CRITERIOS!$S$16:$S$39,[1]CRITERIOS!$Y$16:$Y$39))*$J12+$Z12))) -> 363897.78 | AG12: =IF($R12="MTO","", IF($H12=0,ROUNDUP(((_xlfn.XLOOKUP($A12,'[1]DATOS PBI Artículos'!$A:$A,'[1]DATOS PBI Artículos'!$AM:$AM))/(_xlfn.XLOOKUP($AH$1,[1]CRITERIOS!$S$16:$S$39,[1]CRITERIOS!$Y$16:$Y$39))*$J12+$Z12)/$G12,0)*$G12, ((_xlfn.XLOOKUP($A12,'[1]DATOS PBI Artículos'!$A:$A,'[1]DATOS PBI Artículos'!$AM:$AM))/(_xlfn.XLOOKUP($AH$1,[1]CRITERIOS!$S$16:$S$39,[1]CRITERIOS!$Y$16:$Y$39))*$J12+$Z12))) -> 283521.13 | AI12: =IF($R12="MTO","", IF($H12=0,ROUNDUP(((_xlfn.XLOOKUP($A12,'[1]DATOS PBI Artículos'!$A:$A,'[1]DATOS PBI Artículos'!$AN:$AN))/(_xlfn.XLOOKUP($AJ$1,[1]CRITERIOS!$S$16:$S$39,[1]CRITERIOS!$Y$16:$Y$39))*$J12+$Z12)/$G12,0)*$G12, ((_xlfn.XLOOKUP($A12,'[1]DATOS PBI Artículos'!$A:$A,'[1]DATOS PBI Artículos'!$AN:$AN))/(_xlfn.XLOOKUP($AJ$1,[1]CRITERIOS!$S$16:$S$39,[1]CRITERIOS!$Y$16:$Y$39))*$J12+$Z12))) -> 324053.82 | AK12: =IF($R12="MTO","", IF($H12=0,ROUNDUP(((_xlfn.XLOOKUP($A12,'[1]DATOS PBI Artículos'!$A:$A,'[1]DATOS PBI Artículos'!$AO:$AO))/(_xlfn.XLOOKUP($AL$1,[1]CRITERIOS!$S$16:$S$39,[1]CRITERIOS!$Y$16:$Y$39))*$J12+$Z12)/$G12,0)*$G12, ((_xlfn.XLOOKUP($A12,'[1]DATOS PBI Artículos'!$A:$A,'[1]DATOS PBI Artículos'!$AO:$AO))/(_xlfn.XLOOKUP($AL$1,[1]CRITERIOS!$S$16:$S$39,[1]CRITERIOS!$Y$16:$Y$39))*$J12+$Z12))) -> 345928.07
A13: 453298 | B13: =_xlfn.XLOOKUP($A13,'[1]DATOS PBI Artículos'!A:A,'[1]DATOS PBI Artículos'!B:B) -> 0 | C13: =_xlfn.XLOOKUP($A13,'[1]DATOS PBI Artículos'!A:A,'[1]DATOS PBI Artículos'!C:C) -> UA01 | D13: =_xlfn.XLOOKUP(A13,'[1]DATOS PBI Artículos'!A:A,'[1]DATOS PBI Artículos'!T:T) -> 7 | E13: =IF(_xlfn.XLOOKUP($A13,'[1]DATOS PBI Artículos'!A:A,'[1]DATOS PBI Artículos'!AK:AK)="",_xlfn.XLOOKUP($A13,'[1]DATOS PBI Artículos'!A:A,'[1]DATOS PBI Artículos'!AJ:AJ),_xlfn.XLOOKUP($A13,'[1]DATOS PBI Artículos'!A:A,'[1]DATOS PBI Artículos'!AK:AK)) -> 800000 | F13: =_xlfn.XLOOKUP($A13,'[1]DATOS PBI Artículos'!A:A,'[1]DATOS PBI Artículos'!AP:AP) -> 9.8333333 | G13: =_xlfn.XLOOKUP($A13,'[1]DATOS PBI Artículos'!A:A,'[1]DATOS PBI Artículos'!AR:AR) -> 100000 | H13: =_xlfn.XLOOKUP($A13,'[1]DATOS PBI Artículos'!A:A,'[1]DATOS PBI Artículos'!AT:AT) -> 47559.487 | I13: =_xlfn.XLOOKUP($A13,'[1]DATOS PBI Artículos'!A:A,'[1]DATOS PBI Artículos'!AS:AS) -> 50000 | J13: =IF(COUNTIF([1]CRITERIOS!$F$179:$F$199,$A13)>=1, IF(O13<>"", (O13/_xlfn.XLOOKUP(CONCATENATE(A13,L13),[1]MÁQUINAS!A:A,[1]MÁQUINAS!D:D))/24, (N13/_xlfn.XLOOKUP(CONCATENATE(A13,L13),[1]MÁQUINAS!A:A,[1]MÁQUINAS!D:D))/24), _xlfn.XLOOKUP($A13,'[1]DATOS PBI Artículos'!A:A,'[1]DATOS PBI Artículos'!AU:AU)) -> 3.1944444 | K13: =_xlfn.XLOOKUP($A13,'[1]DATOS PBI Artículos'!A:A,'[1]DATOS PBI Artículos'!AV:AV) -> 3.6444549 | L13: =_xlfn.XLOOKUP(A13,[1]MÁQUINAS!B:B,[1]MÁQUINAS!C:C) -> 405 | M13: {=_xlfn.XLOOKUP(A13,'[1]DATOS PBI Artículos'!A:A,'[1]DATOS PBI Artículos'!AX:$AX)} -> 226484.72 | N13: =IF(I13="DV", E13, IF(COUNTIF([1]CRITERIOS!$I$179:$I$199,$A13)>=1, _xlfn.XLOOKUP($A13,[1]CRITERIOS!$I$179:$I$199,[1]CRITERIOS!$J$179:$J$199), IF(COUNTIF([1]CRITERIOS!$L$179:$L$199,$A13)>=1, _xlfn.CEILING.MATH(IF($M13>$E13, $E13, IF($M13<$E13/ROUNDDOWN([1]CRITERIOS!$M$16/_xlfn.XLOOKUP($C13,[1]CRITERIOS!$K$25:$K$42,[1]CRITERIOS!$M$25:$M$42), 1), E13/ROUNDDOWN([1]CRITERIOS!$M$16/_xlfn.XLOOKUP($C13,[1]CRITERIOS!$K$25:$K$42,[1]CRITERIOS!$M$25:$M$42), 1), $M13)), _xlfn.XLOOKUP($A13,[1]CRITERIOS!$L$179:$L$200,[1]CRITERIOS!$M$179:$M$200)), _xlfn.CEILING.MATH(IF($M13>$E13, $E13, IF($M13<$E13/ROUNDDOWN([1]CRITERIOS!$M$16/_xlfn.XLOOKUP($C13,[1]CRITERIOS!$K$25:$K$42,[1]CRITERIOS!$M$25:$M$42), 1), E13/ROUNDDOWN([1]CRITERIOS!$M$16/_xlfn.XLOOKUP($C13,[1]CRITERIOS!$K$25:$K$42,[1]CRITERIOS!$M$25:$M$42), 1), $M13)),_xlfn.XLOOKUP(A13,'[1]DATOS PBI Artículos'!A:A,'[1]DATOS PBI Artículos'!Z:Z ))))) -> 230000 | Q13: =IF(AND(O13="",N13=0), 0, IF(COUNTIF([1]CRITERIOS!$F$179:$F$199,$A13)>=1, 1, IF(R13="MTO", $D13, ROUNDUP( IF(($E13-SUMIF('[1]DATOS PBI Artículos'!A:A,A13,'[1]DATOS PBI Artículos'!X:X)+($V13-_xlfn.XLOOKUP(A13,'[1]DATOS PBI Artículos'!A:A,'[1]DATOS PBI Artículos'!W:W)))<0, 0, IF(($E13-SUMIF('[1]DATOS PBI Artículos'!A:A,A13,'[1]DATOS PBI Artículos'!X:X)+$V13-_xlfn.XLOOKUP($A13,'[1]DATOS PBI Artículos'!A:A,'[1]DATOS PBI Artículos'!W:W))/IF($O13="",$N13,$O13)>ROUNDUP([1]CRITERIOS!$M$16/(IF(COUNTIF([1]CRITERIOS!$BG$11:$BG$201,L13)>=1,_xlfn.XLOOKUP($C13,[1]CRITERIOS!$K$25:$K$42,[1]CRITERIOS!$M$25:$M$42),_xlfn.XLOOKUP($C13,[1]CRITERIOS!$K$25:$K$42,[1]CRITERIOS!$M$25:$M$42))),0), ROUNDUP([1]CRITERIOS!$M$16/(IF(COUNTIF([1]CRITERIOS!$BG$11:$BG$201,$L13)>=1,_xlfn.XLOOKUP($C13,[1]CRITERIOS!$K$25:$K$42,[1]CRITERIOS!$M$25:$M$42),_xlfn.XLOOKUP($C13,[1]CRITERIOS!$K$25:$K$42,[1]CRITERIOS!$M$25:$M$42))),0), (E13+V13-SUMIF('[1]DATOS PBI Artículos'!A:A,A13,'[1]DATOS PBI Artículos'!X:X)-_xlfn.XLOOKUP(A13,'[1]DATOS PBI Artículos'!A:A,'[1]DATOS PBI Artículos'!W:W))/IF($O13="",$N13,$O13))),0)))) -> 1 | R13: =IF(U13<>"",U13,IF(F13="DV","MTO",IF(N13=0,"MTO",_xlfn.XLOOKUP(CONCATENATE(S13,T13),[1]CRITERIOS!$K$160:$K$168,[1]CRITERIOS!$N$160:$N$168)))) -> MTS | S13: =IF(G13="DV","MTO",IF(N13=0,"MTO",IF(OR(AND(N13=0,O13=""),IF(O13="",G13/N13,G13/O13)>[1]CRITERIOS!$G$163),"MTO",IF(IF(O13="",G13/N13,G13/O13)<[1]CRITERIOS!$H$161,"MTS","MTOS")))) -> MTS | T13: =IF(F13="DV","MTO",IF(OR(AND($N13=0,O13=""),$F13/$J13>[1]CRITERIOS!$G$170,$F13="DV"),"MTO",IF($F13/$J13<[1]CRITERIOS!$H$168,"MTS","MTOS"))) -> MTO | V13: =IF(R13="MTO","", IF($H13=0,(((($J13/$F13)*$G13)+$Z13)/$G13)*$G13, (($J13/$F13)*$G13)+$Z13)) -> 104513.94 | X13: =IF(R13="MTO",0,V13+N13) -> 334513.94 | Y13: =IF(R13="MTO",0,Z13+(N13/2)) -> 187028.06 | Z13: =IF($R13="MTO", 0, ($H13+$K13*($E13/[1]CRITERIOS!$M$16))/[1]CRITERIOS!$X$48) -> 72028.06 | AA13: =ROUNDUP(($Y13/_xlfn.XLOOKUP($A13,'[1]DATOS PBI Artículos'!$A$4:$A$4,'[1]DATOS PBI Artículos'!$Z$4:$Z$4))/_xlfn.XLOOKUP(_xlfn.XLOOKUP($A13,'[1]DATOS PBI Artículos'!$A$4:$A$4,'[1]DATOS PBI Artículos'!$Y$4:$Y$4),[1]CRITERIOS!$P$79:$P$123,[1]CRITERIOS!$S$79:$S$123,),0) -> #N/A | AB13: {=IF((E13+V13-_xlfn.XLOOKUP(A13,'[1]DATOS PBI Artículos'!$A$4:$A$4,'[1]DATOS PBI Artículos'!$W$4:$W$4))/N13>ROUNDUP([1]CRITERIOS!$M$16/(IF(COUNTIF([1]CRITERIOS!$BG$11:$BG$201,L13)>=1,_xlfn.XLOOKUP(ARTÍCULOS!L13,[1]CRITERIOS!$BG$11:$BG$201,[1]CRITERIOS!$BJ$11:$BJ$201),_xlfn.XLOOKUP(ARTÍCULOS!C13,[1]CRITERIOS!$K$25:$K$42,[1]CRITERIOS!$M$25:$M$42))),0),ROUNDUP([1]CRITERIOS!$M$16/(IF(COUNTIF([1]CRITERIOS!$BG$11:$BG$201,L13)>=1,_xlfn.XLOOKUP(ARTÍCULOS!L13,[1]CRITERIOS!$BG$11:$BG$201:#REF!,[1]CRITERIOS!$BJ$11:$BJ$201),_xlfn.XLOOKUP(ARTÍCULOS!C13,[1]CRITERIOS!$K$25:$K$42,[1]CRITERIOS!$M$25:$M$42))),0),(E13+V13-_xlfn.XLOOKUP(A13,'[1]DATOS PBI Artículos'!$A$4:$A$4,'[1]DATOS PBI Artículos'!$W$4:$W$4))/N13)} -> #N/A | AC13: =IF(N13=0,"",(ROUNDUP((N13/2)/(_xlfn.XLOOKUP(A13,'[1]DATOS PBI Artículos'!$A$4:$A$4,'[1]DATOS PBI Artículos'!$Z$4:$Z$4)*_xlfn.XLOOKUP(_xlfn.XLOOKUP(A13,'[1]DATOS PBI Artículos'!$A$4:$A$4,'[1]DATOS PBI Artículos'!$Y$4:$Y$4),[1]CRITERIOS!$P$79:$P$123,[1]CRITERIOS!$S$79:$S$123)),0)*[1]CRITERIOS!$M$80*([1]CRITERIOS!$M$110/[1]CRITERIOS!$M$86)+(_xlfn.XLOOKUP(A13,'[1]DATOS PBI Artículos'!$A$4:$A$4,'[1]DATOS PBI Artículos'!$AA$4:$AA$4)*([1]CRITERIOS!$M$95+[1]CRITERIOS!$M$98)))/N13) -> #N/A | AD13: =IF(N13=0,"",(ROUNDUP((N13/2)/(_xlfn.XLOOKUP(A13,'[1]DATOS PBI Artículos'!$A$4:$A$4,'[1]DATOS PBI Artículos'!$Z$4:$Z$4)*_xlfn.XLOOKUP(_xlfn.XLOOKUP(A13,'[1]DATOS PBI Artículos'!$A$4:$A$4,'[1]DATOS PBI Artículos'!$Y$4:$Y$4),[1]CRITERIOS!$P$79:$P$123,[1]CRITERIOS!$S$79:$S$123)),0)*[1]CRITERIOS!$M$80*([1]CRITERIOS!$M$89*[1]CRITERIOS!$M$92)+((_xlfn.XLOOKUP(A13,'[1]DATOS PBI Artículos'!$A$4:$A$4,'[1]DATOS PBI Artículos'!$AA$4:$AA$4)/2)*([1]CRITERIOS!$M$95+[1]CRITERIOS!$M$98)))/N13) -> #N/A | AE13: =IF($R13="MTO","", IF($H13=0,ROUNDUP(((_xlfn.XLOOKUP($A13,'[1]DATOS PBI Artículos'!$A:$A,'[1]DATOS PBI Artículos'!$AL:$AL))/(_xlfn.XLOOKUP($AF$1,[1]CRITERIOS!$S$16:$S$39,[1]CRITERIOS!$Y$16:$Y$39))*$J13+$Z13)/$G13,0)*$G13, ((_xlfn.XLOOKUP($A13,'[1]DATOS PBI Artículos'!$A:$A,'[1]DATOS PBI Artículos'!$AL:$AL))/(_xlfn.XLOOKUP($AF$1,[1]CRITERIOS!$S$16:$S$39,[1]CRITERIOS!$Y$16:$Y$39))*$J13+$Z13))) -> 111437.04 | AG13: =IF($R13="MTO","", IF($H13=0,ROUNDUP(((_xlfn.XLOOKUP($A13,'[1]DATOS PBI Artículos'!$A:$A,'[1]DATOS PBI Artículos'!$AM:$AM))/(_xlfn.XLOOKUP($AH$1,[1]CRITERIOS!$S$16:$S$39,[1]CRITERIOS!$Y$16:$Y$39))*$J13+$Z13)/$G13,0)*$G13, ((_xlfn.XLOOKUP($A13,'[1]DATOS PBI Artículos'!$A:$A,'[1]DATOS PBI Artículos'!$AM:$AM))/(_xlfn.XLOOKUP($AH$1,[1]CRITERIOS!$S$16:$S$39,[1]CRITERIOS!$Y$16:$Y$39))*$J13+$Z13))) -> 100336.3 | AI13: =IF($R13="MTO","", IF($H13=0,ROUNDUP(((_xlfn.XLOOKUP($A13,'[1]DATOS PBI Artículos'!$A:$A,'[1]DATOS PBI Artículos'!$AN:$AN))/(_xlfn.XLOOKUP($AJ$1,[1]CRITERIOS!$S$16:$S$39,[1]CRITERIOS!$Y$16:$Y$39))*$J13+$Z13)/$G13,0)*$G13, ((_xlfn.XLOOKUP($A13,'[1]DATOS PBI Artículos'!$A:$A,'[1]DATOS PBI Artículos'!$AN:$AN))/(_xlfn.XLOOKUP($AJ$1,[1]CRITERIOS!$S$16:$S$39,[1]CRITERIOS!$Y$16:$Y$39))*$J13+$Z13))) -> 105934.23 | AK13: =IF($R13="MTO","", IF($H13=0,ROUNDUP(((_xlfn.XLOOKUP($A13,'[1]DATOS PBI Artículos'!$A:$A,'[1]DATOS PBI Artículos'!$AO:$AO))/(_xlfn.XLOOKUP($AL$1,[1]CRITERIOS!$S$16:$S$39,[1]CRITERIOS!$Y$16:$Y$39))*$J13+$Z13)/$G13,0)*$G13, ((_xlfn.XLOOKUP($A13,'[1]DATOS PBI Artículos'!$A:$A,'[1]DATOS PBI Artículos'!$AO:$AO))/(_xlfn.XLOOKUP($AL$1,[1]CRITERIOS!$S$16:$S$39,[1]CRITERIOS!$Y$16:$Y$39))*$J13+$Z13))) -> 108955.26
A14: 422297 | B14: =_xlfn.XLOOKUP($A14,'[1]DATOS PBI Artículos'!A:A,'[1]DATOS PBI Artículos'!B:B) -> 0 | C14: =_xlfn.XLOOKUP($A14,'[1]DATOS PBI Artículos'!A:A,'[1]DATOS PBI Artículos'!C:C) -> UA01 | D14: =_xlfn.XLOOKUP(A14,'[1]DATOS PBI Artículos'!A:A,'[1]DATOS PBI Artículos'!T:T) -> 5 | E14: =IF(_xlfn.XLOOKUP($A14,'[1]DATOS PBI Artículos'!A:A,'[1]DATOS PBI Artículos'!AK:AK)="",_xlfn.XLOOKUP($A14,'[1]DATOS PBI Artículos'!A:A,'[1]DATOS PBI Artículos'!AJ:AJ),_xlfn.XLOOKUP($A14,'[1]DATOS PBI Artículos'!A:A,'[1]DATOS PBI Artículos'!AK:AK)) -> 800000 | F14: =_xlfn.XLOOKUP($A14,'[1]DATOS PBI Artículos'!A:A,'[1]DATOS PBI Artículos'!AP:AP) -> 16.75 | G14: =_xlfn.XLOOKUP($A14,'[1]DATOS PBI Artículos'!A:A,'[1]DATOS PBI Artículos'!AR:AR) -> 160000 | H14: =_xlfn.XLOOKUP($A14,'[1]DATOS PBI Artículos'!A:A,'[1]DATOS PBI Artículos'!AT:AT) -> 0 | I14: =_xlfn.XLOOKUP($A14,'[1]DATOS PBI Artículos'!A:A,'[1]DATOS PBI Artículos'!AS:AS) -> 160000 | J14: =IF(COUNTIF([1]CRITERIOS!$F$179:$F$199,$A14)>=1, IF(O14<>"", (O14/_xlfn.XLOOKUP(CONCATENATE(A14,L14),[1]MÁQUINAS!A:A,[1]MÁQUINAS!D:D))/24, (N14/_xlfn.XLOOKUP(CONCATENATE(A14,L14),[1]MÁQUINAS!A:A,[1]MÁQUINAS!D:D))/24), _xlfn.XLOOKUP($A14,'[1]DATOS PBI Artículos'!A:A,'[1]DATOS PBI Artículos'!AU:AU)) -> 33.733333 | K14: =_xlfn.XLOOKUP($A14,'[1]DATOS PBI Artículos'!A:A,'[1]DATOS PBI Artículos'!AV:AV) -> 19.277917 | L14: =_xlfn.XLOOKUP(A14,[1]MÁQUINAS!B:B,[1]MÁQUINAS!C:C) -> 500 | M14: {=_xlfn.XLOOKUP(A14,'[1]DATOS PBI Artículos'!A:A,'[1]DATOS PBI Artículos'!AX:$AX)} -> 183820 | N14: =IF(I14="DV", E14, IF(COUNTIF([1]CRITERIOS!$I$179:$I$199,$A14)>=1, _xlfn.XLOOKUP($A14,[1]CRITERIOS!$I$179:$I$199,[1]CRITERIOS!$J$179:$J$199), IF(COUNTIF([1]CRITERIOS!$L$179:$L$199,$A14)>=1, _xlfn.CEILING.MATH(IF($M14>$E14, $E14, IF($M14<$E14/ROUNDDOWN([1]CRITERIOS!$M$16/_xlfn.XLOOKUP($C14,[1]CRITERIOS!$K$25:$K$42,[1]CRITERIOS!$M$25:$M$42), 1), E14/ROUNDDOWN([1]CRITERIOS!$M$16/_xlfn.XLOOKUP($C14,[1]CRITERIOS!$K$25:$K$42,[1]CRITERIOS!$M$25:$M$42), 1), $M14)), _xlfn.XLOOKUP($A14,[1]CRITERIOS!$L$179:$L$200,[1]CRITERIOS!$M$179:$M$200)), _xlfn.CEILING.MATH(IF($M14>$E14, $E14, IF($M14<$E14/ROUNDDOWN([1]CRITERIOS!$M$16/_xlfn.XLOOKUP($C14,[1]CRITERIOS!$K$25:$K$42,[1]CRITERIOS!$M$25:$M$42), 1), E14/ROUNDDOWN([1]CRITERIOS!$M$16/_xlfn.XLOOKUP($C14,[1]CRITERIOS!$K$25:$K$42,[1]CRITERIOS!$M$25:$M$42), 1), $M14)),_xlfn.XLOOKUP(A14,'[1]DATOS PBI Artículos'!A:A,'[1]DATOS PBI Artículos'!Z:Z ))))) -> 220000 | Q14: =IF(AND(O14="",N14=0), 0, IF(COUNTIF([1]CRITERIOS!$F$179:$F$199,$A14)>=1, 1, IF(R14="MTO", $D14, ROUNDUP( IF(($E14-SUMIF('[1]DATOS PBI Artículos'!A:A,A14,'[1]DATOS PBI Artículos'!X:X)+($V14-_xlfn.XLOOKUP(A14,'[1]DATOS PBI Artículos'!A:A,'[1]DATOS PBI Artículos'!W:W)))<0, 0, IF(($E14-SUMIF('[1]DATOS PBI Artículos'!A:A,A14,'[1]DATOS PBI Artículos'!X:X)+$V14-_xlfn.XLOOKUP($A14,'[1]DATOS PBI Artículos'!A:A,'[1]DATOS PBI Artículos'!W:W))/IF($O14="",$N14,$O14)>ROUNDUP([1]CRITERIOS!$M$16/(IF(COUNTIF([1]CRITERIOS!$BG$11:$BG$201,L14)>=1,_xlfn.XLOOKUP($C14,[1]CRITERIOS!$K$25:$K$42,[1]CRITERIOS!$M$25:$M$42),_xlfn.XLOOKUP($C14,[1]CRITERIOS!$K$25:$K$42,[1]CRITERIOS!$M$25:$M$42))),0), ROUNDUP([1]CRITERIOS!$M$16/(IF(COUNTIF([1]CRITERIOS!$BG$11:$BG$201,$L14)>=1,_xlfn.XLOOKUP($C14,[1]CRITERIOS!$K$25:$K$42,[1]CRITERIOS!$M$25:$M$42),_xlfn.XLOOKUP($C14,[1]CRITERIOS!$K$25:$K$42,[1]CRITERIOS!$M$25:$M$42))),0), (E14+V14-SUMIF('[1]DATOS PBI Artículos'!A:A,A14,'[1]DATOS PBI Artículos'!X:X)-_xlfn.XLOOKUP(A14,'[1]DATOS PBI Artículos'!A:A,'[1]DATOS PBI Artículos'!W:W))/IF($O14="",$N14,$O14))),0)))) -> 4 | R14: =IF(U14<>"",U14,IF(F14="DV","MTO",IF(N14=0,"MTO",_xlfn.XLOOKUP(CONCATENATE(S14,T14),[1]CRITERIOS!$K$160:$K$168,[1]CRITERIOS!$N$160:$N$168)))) -> MTS | S14: =IF(G14="DV","MTO",IF(N14=0,"MTO",IF(OR(AND(N14=0,O14=""),IF(O14="",G14/N14,G14/O14)>[1]CRITERIOS!$G$163),"MTO",IF(IF(O14="",G14/N14,G14/O14)<[1]CRITERIOS!$H$161,"MTS","MTOS")))) -> MTOS | T14: =IF(F14="DV","MTO",IF(OR(AND($N14=0,O14=""),$F14/$J14>[1]CRITERIOS!$G$170,$F14="DV"),"MTO",IF($F14/$J14<[1]CRITERIOS!$H$168,"MTS","MTOS"))) -> MTS | V14: =IF(R14="MTO","", IF($H14=0,(((($J14/$F14)*$G14)+$Z14)/$G14)*$G14, (($J14/$F14)*$G14)+$Z14)) -> 493588.12 | X14: =IF(R14="MTO",0,V14+N14) -> 713588.12 | Y14: =IF(R14="MTO",0,Z14+(N14/2)) -> 281359.26 | Z14: =IF($R14="MTO", 0, ($H14+$K14*($E14/[1]CRITERIOS!$M$16))/[1]CRITERIOS!$X$48) -> 171359.26 | AA14: =ROUNDUP(($Y14/_xlfn.XLOOKUP($A14,'[1]DATOS PBI Artículos'!$A$4:$A$4,'[1]DATOS PBI Artículos'!$Z$4:$Z$4))/_xlfn.XLOOKUP(_xlfn.XLOOKUP($A14,'[1]DATOS PBI Artículos'!$A$4:$A$4,'[1]DATOS PBI Artículos'!$Y$4:$Y$4),[1]CRITERIOS!$P$79:$P$123,[1]CRITERIOS!$S$79:$S$123,),0) -> #N/A | AB14: {=IF((E14+V14-_xlfn.XLOOKUP(A14,'[1]DATOS PBI Artículos'!$A$4:$A$4,'[1]DATOS PBI Artículos'!$W$4:$W$4))/N14>ROUNDUP([1]CRITERIOS!$M$16/(IF(COUNTIF([1]CRITERIOS!$BG$11:$BG$201,L14)>=1,_xlfn.XLOOKUP(ARTÍCULOS!L14,[1]CRITERIOS!$BG$11:$BG$201,[1]CRITERIOS!$BJ$11:$BJ$201),_xlfn.XLOOKUP(ARTÍCULOS!C14,[1]CRITERIOS!$K$25:$K$42,[1]CRITERIOS!$M$25:$M$42))),0),ROUNDUP([1]CRITERIOS!$M$16/(IF(COUNTIF([1]CRITERIOS!$BG$11:$BG$201,L14)>=1,_xlfn.XLOOKUP(ARTÍCULOS!L14,[1]CRITERIOS!$BG$11:$BG$201:#REF!,[1]CRITERIOS!$BJ$11:$BJ$201),_xlfn.XLOOKUP(ARTÍCULOS!C14,[1]CRITERIOS!$K$25:$K$42,[1]CRITERIOS!$M$25:$M$42))),0),(E14+V14-_xlfn.XLOOKUP(A14,'[1]DATOS PBI Artículos'!$A$4:$A$4,'[1]DATOS PBI Artículos'!$W$4:$W$4))/N14)} -> #N/A | AC14: =IF(N14=0,"",(ROUNDUP((N14/2)/(_xlfn.XLOOKUP(A14,'[1]DATOS PBI Artículos'!$A$4:$A$4,'[1]DATOS PBI Artículos'!$Z$4:$Z$4)*_xlfn.XLOOKUP(_xlfn.XLOOKUP(A14,'[1]DATOS PBI Artículos'!$A$4:$A$4,'[1]DATOS PBI Artículos'!$Y$4:$Y$4),[1]CRITERIOS!$P$79:$P$123,[1]CRITERIOS!$S$79:$S$123)),0)*[1]CRITERIOS!$M$80*([1]CRITERIOS!$M$110/[1]CRITERIOS!$M$86)+(_xlfn.XLOOKUP(A14,'[1]DATOS PBI Artículos'!$A$4:$A$4,'[1]DATOS PBI Artículos'!$AA$4:$AA$4)*([1]CRITERIOS!$M$95+[1]CRITERIOS!$M$98)))/N14) -> #N/A | AD14: =IF(N14=0,"",(ROUNDUP((N14/2)/(_xlfn.XLOOKUP(A14,'[1]DATOS PBI Artículos'!$A$4:$A$4,'[1]DATOS PBI Artículos'!$Z$4:$Z$4)*_xlfn.XLOOKUP(_xlfn.XLOOKUP(A14,'[1]DATOS PBI Artículos'!$A$4:$A$4,'[1]DATOS PBI Artículos'!$Y$4:$Y$4),[1]CRITERIOS!$P$79:$P$123,[1]CRITERIOS!$S$79:$S$123)),0)*[1]CRITERIOS!$M$80*([1]CRITERIOS!$M$89*[1]CRITERIOS!$M$92)+((_xlfn.XLOOKUP(A14,'[1]DATOS PBI Artículos'!$A$4:$A$4,'[1]DATOS PBI Artículos'!$AA$4:$AA$4)/2)*([1]CRITERIOS!$M$95+[1]CRITERIOS!$M$98)))/N14) -> #N/A | AE14: =IF($R14="MTO","", IF($H14=0,ROUNDUP(((_xlfn.XLOOKUP($A14,'[1]DATOS PBI Artículos'!$A:$A,'[1]DATOS PBI Artículos'!$AL:$AL))/(_xlfn.XLOOKUP($AF$1,[1]CRITERIOS!$S$16:$S$39,[1]CRITERIOS!$Y$16:$Y$39))*$J14+$Z14)/$G14,0)*$G14, ((_xlfn.XLOOKUP($A14,'[1]DATOS PBI Artículos'!$A:$A,'[1]DATOS PBI Artículos'!$AL:$AL))/(_xlfn.XLOOKUP($AF$1,[1]CRITERIOS!$S$16:$S$39,[1]CRITERIOS!$Y$16:$Y$39))*$J14+$Z14))) -> 640000 | AG14: =IF($R14="MTO","", IF($H14=0,ROUNDUP(((_xlfn.XLOOKUP($A14,'[1]DATOS PBI Artículos'!$A:$A,'[1]DATOS PBI Artículos'!$AM:$AM))/(_xlfn.XLOOKUP($AH$1,[1]CRITERIOS!$S$16:$S$39,[1]CRITERIOS!$Y$16:$Y$39))*$J14+$Z14)/$G14,0)*$G14, ((_xlfn.XLOOKUP($A14,'[1]DATOS PBI Artículos'!$A:$A,'[1]DATOS PBI Artículos'!$AM:$AM))/(_xlfn.XLOOKUP($AH$1,[1]CRITERIOS!$S$16:$S$39,[1]CRITERIOS!$Y$16:$Y$39))*$J14+$Z14))) -> 480000 | AI14: =IF($R14="MTO","", IF($H14=0,ROUNDUP(((_xlfn.XLOOKUP($A14,'[1]DATOS PBI Artículos'!$A:$A,'[1]DATOS PBI Artículos'!$AN:$AN))/(_xlfn.XLOOKUP($AJ$1,[1]CRITERIOS!$S$16:$S$39,[1]CRITERIOS!$Y$16:$Y$39))*$J14+$Z14)/$G14,0)*$G14, ((_xlfn.XLOOKUP($A14,'[1]DATOS PBI Artículos'!$A:$A,'[1]DATOS PBI Artículos'!$AN:$AN))/(_xlfn.XLOOKUP($AJ$1,[1]CRITERIOS!$S$16:$S$39,[1]CRITERIOS!$Y$16:$Y$39))*$J14+$Z14))) -> 640000 | AK14: =IF($R14="MTO","", IF($H14=0,ROUNDUP(((_xlfn.XLOOKUP($A14,'[1]DATOS PBI Artículos'!$A:$A,'[1]DATOS PBI Artículos'!$AO:$AO))/(_xlfn.XLOOKUP($AL$1,[1]CRITERIOS!$S$16:$S$39,[1]CRITERIOS!$Y$16:$Y$39))*$J14+$Z14)/$G14,0)*$G14, ((_xlfn.XLOOKUP($A14,'[1]DATOS PBI Artículos'!$A:$A,'[1]DATOS PBI Artículos'!$AO:$AO))/(_xlfn.XLOOKUP($AL$1,[1]CRITERIOS!$S$16:$S$39,[1]CRITERIOS!$Y$16:$Y$39))*$J14+$Z14))) -> 640000
A15: 404003 | B15: =_xlfn.XLOOKUP($A15,'[1]DATOS PBI Artículos'!A:A,'[1]DATOS PBI Artículos'!B:B) -> 0 | C15: =_xlfn.XLOOKUP($A15,'[1]DATOS PBI Artículos'!A:A,'[1]DATOS PBI Artículos'!C:C) -> UA02 | D15: =_xlfn.XLOOKUP(A15,'[1]DATOS PBI Artículos'!A:A,'[1]DATOS PBI Artículos'!T:T) -> 4 | E15: =IF(_xlfn.XLOOKUP($A15,'[1]DATOS PBI Artículos'!A:A,'[1]DATOS PBI Artículos'!AK:AK)="",_xlfn.XLOOKUP($A15,'[1]DATOS PBI Artículos'!A:A,'[1]DATOS PBI Artículos'!AJ:AJ),_xlfn.XLOOKUP($A15,'[1]DATOS PBI Artículos'!A:A,'[1]DATOS PBI Artículos'!AK:AK)) -> 730000 | F15: =_xlfn.XLOOKUP($A15,'[1]DATOS PBI Artículos'!A:A,'[1]DATOS PBI Artículos'!AP:AP) -> 1.173913 | G15: =_xlfn.XLOOKUP($A15,'[1]DATOS PBI Artículos'!A:A,'[1]DATOS PBI Artículos'!AR:AR) -> 15000 | H15: =_xlfn.XLOOKUP($A15,'[1]DATOS PBI Artículos'!A:A,'[1]DATOS PBI Artículos'!AT:AT) -> 3060.4456 | I15: =_xlfn.XLOOKUP($A15,'[1]DATOS PBI Artículos'!A:A,'[1]DATOS PBI Artículos'!AS:AS) -> 15000 | J15: =IF(COUNTIF([1]CRITERIOS!$F$179:$F$199,$A15)>=1, IF(O15<>"", (O15/_xlfn.XLOOKUP(CONCATENATE(A15,L15),[1]MÁQUINAS!A:A,[1]MÁQUINAS!D:D))/24, (N15/_xlfn.XLOOKUP(CONCATENATE(A15,L15),[1]MÁQUINAS!A:A,[1]MÁQUINAS!D:D))/24), _xlfn.XLOOKUP($A15,'[1]DATOS PBI Artículos'!A:A,'[1]DATOS PBI Artículos'!AU:AU)) -> 4.375 | K15: =_xlfn.XLOOKUP($A15,'[1]DATOS PBI Artículos'!A:A,'[1]DATOS PBI Artículos'!AV:AV) -> 5.2225369 | L15: =_xlfn.XLOOKUP(A15,[1]MÁQUINAS!B:B,[1]MÁQUINAS!C:C) -> 214 | M15: {=_xlfn.XLOOKUP(A15,'[1]DATOS PBI Artículos'!A:A,'[1]DATOS PBI Artículos'!AX:$AX)} -> 163128.26 | N15: =IF(I15="DV", E15, IF(COUNTIF([1]CRITERIOS!$I$179:$I$199,$A15)>=1, _xlfn.XLOOKUP($A15,[1]CRITERIOS!$I$179:$I$199,[1]CRITERIOS!$J$179:$J$199), IF(COUNTIF([1]CRITERIOS!$L$179:$L$199,$A15)>=1, _xlfn.CEILING.MATH(IF($M15>$E15, $E15, IF($M15<$E15/ROUNDDOWN([1]CRITERIOS!$M$16/_xlfn.XLOOKUP($C15,[1]CRITERIOS!$K$25:$K$42,[1]CRITERIOS!$M$25:$M$42), 1), E15/ROUNDDOWN([1]CRITERIOS!$M$16/_xlfn.XLOOKUP($C15,[1]CRITERIOS!$K$25:$K$42,[1]CRITERIOS!$M$25:$M$42), 1), $M15)), _xlfn.XLOOKUP($A15,[1]CRITERIOS!$L$179:$L$200,[1]CRITERIOS!$M$179:$M$200)), _xlfn.CEILING.MATH(IF($M15>$E15, $E15, IF($M15<$E15/ROUNDDOWN([1]CRITERIOS!$M$16/_xlfn.XLOOKUP($C15,[1]CRITERIOS!$K$25:$K$42,[1]CRITERIOS!$M$25:$M$42), 1), E15/ROUNDDOWN([1]CRITERIOS!$M$16/_xlfn.XLOOKUP($C15,[1]CRITERIOS!$K$25:$K$42,[1]CRITERIOS!$M$25:$M$42), 1), $M15)),_xlfn.XLOOKUP(A15,'[1]DATOS PBI Artículos'!A:A,'[1]DATOS PBI Artículos'!Z:Z ))))) -> 210000 | Q15: =IF(AND(O15="",N15=0), 0, IF(COUNTIF([1]CRITERIOS!$F$179:$F$199,$A15)>=1, 1, IF(R15="MTO", $D15, ROUNDUP( IF(($E15-SUMIF('[1]DATOS PBI Artículos'!A:A,A15,'[1]DATOS PBI Artículos'!X:X)+($V15-_xlfn.XLOOKUP(A15,'[1]DATOS PBI Artículos'!A:A,'[1]DATOS PBI Artículos'!W:W)))<0, 0, IF(($E15-SUMIF('[1]DATOS PBI Artículos'!A:A,A15,'[1]DATOS PBI Artículos'!X:X)+$V15-_xlfn.XLOOKUP($A15,'[1]DATOS PBI Artículos'!A:A,'[1]DATOS PBI Artículos'!W:W))/IF($O15="",$N15,$O15)>ROUNDUP([1]CRITERIOS!$M$16/(IF(COUNTIF([1]CRITERIOS!$BG$11:$BG$201,L15)>=1,_xlfn.XLOOKUP($C15,[1]CRITERIOS!$K$25:$K$42,[1]CRITERIOS!$M$25:$M$42),_xlfn.XLOOKUP($C15,[1]CRITERIOS!$K$25:$K$42,[1]CRITERIOS!$M$25:$M$42))),0), ROUNDUP([1]CRITERIOS!$M$16/(IF(COUNTIF([1]CRITERIOS!$BG$11:$BG$201,$L15)>=1,_xlfn.XLOOKUP($C15,[1]CRITERIOS!$K$25:$K$42,[1]CRITERIOS!$M$25:$M$42),_xlfn.XLOOKUP($C15,[1]CRITERIOS!$K$25:$K$42,[1]CRITERIOS!$M$25:$M$42))),0), (E15+V15-SUMIF('[1]DATOS PBI Artículos'!A:A,A15,'[1]DATOS PBI Artículos'!X:X)-_xlfn.XLOOKUP(A15,'[1]DATOS PBI Artículos'!A:A,'[1]DATOS PBI Artículos'!W:W))/IF($O15="",$N15,$O15))),0)))) -> 1 | R15: =IF(U15<>"",U15,IF(F15="DV","MTO",IF(N15=0,"MTO",_xlfn.XLOOKUP(CONCATENATE(S15,T15),[1]CRITERIOS!$K$160:$K$168,[1]CRITERIOS!$N$160:$N$168)))) -> MTS | S15: =IF(G15="DV","MTO",IF(N15=0,"MTO",IF(OR(AND(N15=0,O15=""),IF(O15="",G15/N15,G15/O15)>[1]CRITERIOS!$G$163),"MTO",IF(IF(O15="",G15/N15,G15/O15)<[1]CRITERIOS!$H$161,"MTS","MTOS")))) -> MTS | T15: =IF(F15="DV","MTO",IF(OR(AND($N15=0,O15=""),$F15/$J15>[1]CRITERIOS!$G$170,$F15="DV"),"MTO",IF($F15/$J15<[1]CRITERIOS!$H$168,"MTS","MTOS"))) -> MTS | V15: =IF(R15="MTO","", IF($H15=0,(((($J15/$F15)*$G15)+$Z15)/$G15)*$G15, (($J15/$F15)*$G15)+$Z15)) -> 100813.73 | X15: =IF(R15="MTO",0,V15+N15) -> 310813.73 | Y15: =IF(R15="MTO",0,Z15+(N15/2)) -> 149910.95 | Z15: =IF($R15="MTO", 0, ($H15+$K15*($E15/[1]CRITERIOS!$M$16))/[1]CRITERIOS!$X$48) -> 44910.949 | AA15: =ROUNDUP(($Y15/_xlfn.XLOOKUP($A15,'[1]DATOS PBI Artículos'!$A$4:$A$4,'[1]DATOS PBI Artículos'!$Z$4:$Z$4))/_xlfn.XLOOKUP(_xlfn.XLOOKUP($A15,'[1]DATOS PBI Artículos'!$A$4:$A$4,'[1]DATOS PBI Artículos'!$Y$4:$Y$4),[1]CRITERIOS!$P$79:$P$123,[1]CRITERIOS!$S$79:$S$123,),0) -> #N/A | AB15: {=IF((E15+V15-_xlfn.XLOOKUP(A15,'[1]DATOS PBI Artículos'!$A$4:$A$4,'[1]DATOS PBI Artículos'!$W$4:$W$4))/N15>ROUNDUP([1]CRITERIOS!$M$16/(IF(COUNTIF([1]CRITERIOS!$BG$11:$BG$201,L15)>=1,_xlfn.XLOOKUP(ARTÍCULOS!L15,[1]CRITERIOS!$BG$11:$BG$201,[1]CRITERIOS!$BJ$11:$BJ$201),_xlfn.XLOOKUP(ARTÍCULOS!C15,[1]CRITERIOS!$K$25:$K$42,[1]CRITERIOS!$M$25:$M$42))),0),ROUNDUP([1]CRITERIOS!$M$16/(IF(COUNTIF([1]CRITERIOS!$BG$11:$BG$201,L15)>=1,_xlfn.XLOOKUP(ARTÍCULOS!L15,[1]CRITERIOS!$BG$11:$BG$201:#REF!,[1]CRITERIOS!$BJ$11:$BJ$201),_xlfn.XLOOKUP(ARTÍCULOS!C15,[1]CRITERIOS!$K$25:$K$42,[1]CRITERIOS!$M$25:$M$42))),0),(E15+V15-_xlfn.XLOOKUP(A15,'[1]DATOS PBI Artículos'!$A$4:$A$4,'[1]DATOS PBI Artículos'!$W$4:$W$4))/N15)} -> #N/A | AC15: =IF(N15=0,"",(ROUNDUP((N15/2)/(_xlfn.XLOOKUP(A15,'[1]DATOS PBI Artículos'!$A$4:$A$4,'[1]DATOS PBI Artículos'!$Z$4:$Z$4)*_xlfn.XLOOKUP(_xlfn.XLOOKUP(A15,'[1]DATOS PBI Artículos'!$A$4:$A$4,'[1]DATOS PBI Artículos'!$Y$4:$Y$4),[1]CRITERIOS!$P$79:$P$123,[1]CRITERIOS!$S$79:$S$123)),0)*[1]CRITERIOS!$M$80*([1]CRITERIOS!$M$110/[1]CRITERIOS!$M$86)+(_xlfn.XLOOKUP(A15,'[1]DATOS PBI Artículos'!$A$4:$A$4,'[1]DATOS PBI Artículos'!$AA$4:$AA$4)*([1]CRITERIOS!$M$95+[1]CRITERIOS!$M$98)))/N15) -> #N/A | AD15: =IF(N15=0,"",(ROUNDUP((N15/2)/(_xlfn.XLOOKUP(A15,'[1]DATOS PBI Artículos'!$A$4:$A$4,'[1]DATOS PBI Artículos'!$Z$4:$Z$4)*_xlfn.XLOOKUP(_xlfn.XLOOKUP(A15,'[1]DATOS PBI Artículos'!$A$4:$A$4,'[1]DATOS PBI Artículos'!$Y$4:$Y$4),[1]CRITERIOS!$P$79:$P$123,[1]CRITERIOS!$S$79:$S$123)),0)*[1]CRITERIOS!$M$80*([1]CRITERIOS!$M$89*[1]CRITERIOS!$M$92)+((_xlfn.XLOOKUP(A15,'[1]DATOS PBI Artículos'!$A$4:$A$4,'[1]DATOS PBI Artículos'!$AA$4:$AA$4)/2)*([1]CRITERIOS!$M$95+[1]CRITERIOS!$M$98)))/N15) -> #N/A | AE15: =IF($R15="MTO","", IF($H15=0,ROUNDUP(((_xlfn.XLOOKUP($A15,'[1]DATOS PBI Artículos'!$A:$A,'[1]DATOS PBI Artículos'!$AL:$AL))/(_xlfn.XLOOKUP($AF$1,[1]CRITERIOS!$S$16:$S$39,[1]CRITERIOS!$Y$16:$Y$39))*$J15+$Z15)/$G15,0)*$G15, ((_xlfn.XLOOKUP($A15,'[1]DATOS PBI Artículos'!$A:$A,'[1]DATOS PBI Artículos'!$AL:$AL))/(_xlfn.XLOOKUP($AF$1,[1]CRITERIOS!$S$16:$S$39,[1]CRITERIOS!$Y$16:$Y$39))*$J15+$Z15))) -> 94161.469 | AG15: =IF($R15="MTO","", IF($H15=0,ROUNDUP(((_xlfn.XLOOKUP($A15,'[1]DATOS PBI Artículos'!$A:$A,'[1]DATOS PBI Artículos'!$AM:$AM))/(_xlfn.XLOOKUP($AH$1,[1]CRITERIOS!$S$16:$S$39,[1]CRITERIOS!$Y$16:$Y$39))*$J15+$Z15)/$G15,0)*$G15, ((_xlfn.XLOOKUP($A15,'[1]DATOS PBI Artículos'!$A:$A,'[1]DATOS PBI Artículos'!$AM:$AM))/(_xlfn.XLOOKUP($AH$1,[1]CRITERIOS!$S$16:$S$39,[1]CRITERIOS!$Y$16:$Y$39))*$J15+$Z15))) -> 80288.557 | AI15: =IF($R15="MTO","", IF($H15=0,ROUNDUP(((_xlfn.XLOOKUP($A15,'[1]DATOS PBI Artículos'!$A:$A,'[1]DATOS PBI Artículos'!$AN:$AN))/(_xlfn.XLOOKUP($AJ$1,[1]CRITERIOS!$S$16:$S$39,[1]CRITERIOS!$Y$16:$Y$39))*$J15+$Z15)/$G15,0)*$G15, ((_xlfn.XLOOKUP($A15,'[1]DATOS PBI Artículos'!$A:$A,'[1]DATOS PBI Artículos'!$AN:$AN))/(_xlfn.XLOOKUP($AJ$1,[1]CRITERIOS!$S$16:$S$39,[1]CRITERIOS!$Y$16:$Y$39))*$J15+$Z15))) -> 87284.45 | AK15: =IF($R15="MTO","", IF($H15=0,ROUNDUP(((_xlfn.XLOOKUP($A15,'[1]DATOS PBI Artículos'!$A:$A,'[1]DATOS PBI Artículos'!$AO:$AO))/(_xlfn.XLOOKUP($AL$1,[1]CRITERIOS!$S$16:$S$39,[1]CRITERIOS!$Y$16:$Y$39))*$J15+$Z15)/$G15,0)*$G15, ((_xlfn.XLOOKUP($A15,'[1]DATOS PBI Artículos'!$A:$A,'[1]DATOS PBI Artículos'!$AO:$AO))/(_xlfn.XLOOKUP($AL$1,[1]CRITERIOS!$S$16:$S$39,[1]CRITERIOS!$Y$16:$Y$39))*$J15+$Z15))) -> 91059.92
A16: 452130 | B16: =_xlfn.XLOOKUP($A16,'[1]DATOS PBI Artículos'!A:A,'[1]DATOS PBI Artículos'!B:B) -> 0 | C16: =_xlfn.XLOOKUP($A16,'[1]DATOS PBI Artículos'!A:A,'[1]DATOS PBI Artículos'!C:C) -> UA02 | D16: =_xlfn.XLOOKUP(A16,'[1]DATOS PBI Artículos'!A:A,'[1]DATOS PBI Artículos'!T:T) -> 4 | E16: =IF(_xlfn.XLOOKUP($A16,'[1]DATOS PBI Artículos'!A:A,'[1]DATOS PBI Artículos'!AK:AK)="",_xlfn.XLOOKUP($A16,'[1]DATOS PBI Artículos'!A:A,'[1]DATOS PBI Artículos'!AJ:AJ),_xlfn.XLOOKUP($A16,'[1]DATOS PBI Artículos'!A:A,'[1]DATOS PBI Artículos'!AK:AK)) -> 700000 | F16: =_xlfn.XLOOKUP($A16,'[1]DATOS PBI Artículos'!A:A,'[1]DATOS PBI Artículos'!AP:AP) -> 17.666667 | G16: =_xlfn.XLOOKUP($A16,'[1]DATOS PBI Artículos'!A:A,'[1]DATOS PBI Artículos'!AR:AR) -> 200000 | H16: =_xlfn.XLOOKUP($A16,'[1]DATOS PBI Artículos'!A:A,'[1]DATOS PBI Artículos'!AT:AT) -> 86602.54 | I16: =_xlfn.XLOOKUP($A16,'[1]DATOS PBI Artículos'!A:A,'[1]DATOS PBI Artículos'!AS:AS) -> 50000 | J16: =IF(COUNTIF([1]CRITERIOS!$F$179:$F$199,$A16)>=1, IF(O16<>"", (O16/_xlfn.XLOOKUP(CONCATENATE(A16,L16),[1]MÁQUINAS!A:A,[1]MÁQUINAS!D:D))/24, (N16/_xlfn.XLOOKUP(CONCATENATE(A16,L16),[1]MÁQUINAS!A:A,[1]MÁQUINAS!D:D))/24), _xlfn.XLOOKUP($A16,'[1]DATOS PBI Artículos'!A:A,'[1]DATOS PBI Artículos'!AU:AU)) -> 28.363636 | K16: =_xlfn.XLOOKUP($A16,'[1]DATOS PBI Artículos'!A:A,'[1]DATOS PBI Artículos'!AV:AV) -> 9.6671891 | L16: =_xlfn.XLOOKUP(A16,[1]MÁQUINAS!B:B,[1]MÁQUINAS!C:C) -> 215 | M16: {=_xlfn.XLOOKUP(A16,'[1]DATOS PBI Artículos'!A:A,'[1]DATOS PBI Artículos'!AX:$AX)} -> 198300.7 | N16: =IF(I16="DV", E16, IF(COUNTIF([1]CRITERIOS!$I$179:$I$199,$A16)>=1, _xlfn.XLOOKUP($A16,[1]CRITERIOS!$I$179:$I$199,[1]CRITERIOS!$J$179:$J$199), IF(COUNTIF([1]CRITERIOS!$L$179:$L$199,$A16)>=1, _xlfn.CEILING.MATH(IF($M16>$E16, $E16, IF($M16<$E16/ROUNDDOWN([1]CRITERIOS!$M$16/_xlfn.XLOOKUP($C16,[1]CRITERIOS!$K$25:$K$42,[1]CRITERIOS!$M$25:$M$42), 1), E16/ROUNDDOWN([1]CRITERIOS!$M$16/_xlfn.XLOOKUP($C16,[1]CRITERIOS!$K$25:$K$42,[1]CRITERIOS!$M$25:$M$42), 1), $M16)), _xlfn.XLOOKUP($A16,[1]CRITERIOS!$L$179:$L$200,[1]CRITERIOS!$M$179:$M$200)), _xlfn.CEILING.MATH(IF($M16>$E16, $E16, IF($M16<$E16/ROUNDDOWN([1]CRITERIOS!$M$16/_xlfn.XLOOKUP($C16,[1]CRITERIOS!$K$25:$K$42,[1]CRITERIOS!$M$25:$M$42), 1), E16/ROUNDDOWN([1]CRITERIOS!$M$16/_xlfn.XLOOKUP($C16,[1]CRITERIOS!$K$25:$K$42,[1]CRITERIOS!$M$25:$M$42), 1), $M16)),_xlfn.XLOOKUP(A16,'[1]DATOS PBI Artículos'!A:A,'[1]DATOS PBI Artículos'!Z:Z ))))) -> 200000 | Q16: =IF(AND(O16="",N16=0), 0, IF(COUNTIF([1]CRITERIOS!$F$179:$F$199,$A16)>=1, 1, IF(R16="MTO", $D16, ROUNDUP( IF(($E16-SUMIF('[1]DATOS PBI Artículos'!A:A,A16,'[1]DATOS PBI Artículos'!X:X)+($V16-_xlfn.XLOOKUP(A16,'[1]DATOS PBI Artículos'!A:A,'[1]DATOS PBI Artículos'!W:W)))<0, 0, IF(($E16-SUMIF('[1]DATOS PBI Artículos'!A:A,A16,'[1]DATOS PBI Artículos'!X:X)+$V16-_xlfn.XLOOKUP($A16,'[1]DATOS PBI Artículos'!A:A,'[1]DATOS PBI Artículos'!W:W))/IF($O16="",$N16,$O16)>ROUNDUP([1]CRITERIOS!$M$16/(IF(COUNTIF([1]CRITERIOS!$BG$11:$BG$201,L16)>=1,_xlfn.XLOOKUP($C16,[1]CRITERIOS!$K$25:$K$42,[1]CRITERIOS!$M$25:$M$42),_xlfn.XLOOKUP($C16,[1]CRITERIOS!$K$25:$K$42,[1]CRITERIOS!$M$25:$M$42))),0), ROUNDUP([1]CRITERIOS!$M$16/(IF(COUNTIF([1]CRITERIOS!$BG$11:$BG$201,$L16)>=1,_xlfn.XLOOKUP($C16,[1]CRITERIOS!$K$25:$K$42,[1]CRITERIOS!$M$25:$M$42),_xlfn.XLOOKUP($C16,[1]CRITERIOS!$K$25:$K$42,[1]CRITERIOS!$M$25:$M$42))),0), (E16+V16-SUMIF('[1]DATOS PBI Artículos'!A:A,A16,'[1]DATOS PBI Artículos'!X:X)-_xlfn.XLOOKUP(A16,'[1]DATOS PBI Artículos'!A:A,'[1]DATOS PBI Artículos'!W:W))/IF($O16="",$N16,$O16))),0)))) -> 3 | R16: =IF(U16<>"",U16,IF(F16="DV","MTO",IF(N16=0,"MTO",_xlfn.XLOOKUP(CONCATENATE(S16,T16),[1]CRITERIOS!$K$160:$K$168,[1]CRITERIOS!$N$160:$N$168)))) -> MTS | S16: =IF(G16="DV","MTO",IF(N16=0,"MTO",IF(OR(AND(N16=0,O16=""),IF(O16="",G16/N16,G16/O16)>[1]CRITERIOS!$G$163),"MTO",IF(IF(O16="",G16/N16,G16/O16)<[1]CRITERIOS!$H$161,"MTS","MTOS")))) -> MTO | T16: =IF(F16="DV","MTO",IF(OR(AND($N16=0,O16=""),$F16/$J16>[1]CRITERIOS!$G$170,$F16="DV"),"MTO",IF($F16/$J16<[1]CRITERIOS!$H$168,"MTS","MTOS"))) -> MTS | V16: =IF(R16="MTO","", IF($H16=0,(((($J16/$F16)*$G16)+$Z16)/$G16)*$G16, (($J16/$F16)*$G16)+$Z16)) -> 468455.8 | X16: =IF(R16="MTO",0,V16+N16) -> 668455.8 | Y16: =IF(R16="MTO",0,Z16+(N16/2)) -> 247358.03 | Z16: =IF($R16="MTO", 0, ($H16+$K16*($E16/[1]CRITERIOS!$M$16))/[1]CRITERIOS!$X$48) -> 147358.03 | AA16: =ROUNDUP(($Y16/_xlfn.XLOOKUP($A16,'[1]DATOS PBI Artículos'!$A$4:$A$4,'[1]DATOS PBI Artículos'!$Z$4:$Z$4))/_xlfn.XLOOKUP(_xlfn.XLOOKUP($A16,'[1]DATOS PBI Artículos'!$A$4:$A$4,'[1]DATOS PBI Artículos'!$Y$4:$Y$4),[1]CRITERIOS!$P$79:$P$123,[1]CRITERIOS!$S$79:$S$123,),0) -> #N/A | AB16: {=IF((E16+V16-_xlfn.XLOOKUP(A16,'[1]DATOS PBI Artículos'!$A$4:$A$4,'[1]DATOS PBI Artículos'!$W$4:$W$4))/N16>ROUNDUP([1]CRITERIOS!$M$16/(IF(COUNTIF([1]CRITERIOS!$BG$11:$BG$201,L16)>=1,_xlfn.XLOOKUP(ARTÍCULOS!L16,[1]CRITERIOS!$BG$11:$BG$201,[1]CRITERIOS!$BJ$11:$BJ$201),_xlfn.XLOOKUP(ARTÍCULOS!C16,[1]CRITERIOS!$K$25:$K$42,[1]CRITERIOS!$M$25:$M$42))),0),ROUNDUP([1]CRITERIOS!$M$16/(IF(COUNTIF([1]CRITERIOS!$BG$11:$BG$201,L16)>=1,_xlfn.XLOOKUP(ARTÍCULOS!L16,[1]CRITERIOS!$BG$11:$BG$201:#REF!,[1]CRITERIOS!$BJ$11:$BJ$201),_xlfn.XLOOKUP(ARTÍCULOS!C16,[1]CRITERIOS!$K$25:$K$42,[1]CRITERIOS!$M$25:$M$42))),0),(E16+V16-_xlfn.XLOOKUP(A16,'[1]DATOS PBI Artículos'!$A$4:$A$4,'[1]DATOS PBI Artículos'!$W$4:$W$4))/N16)} -> #N/A | AC16: =IF(N16=0,"",(ROUNDUP((N16/2)/(_xlfn.XLOOKUP(A16,'[1]DATOS PBI Artículos'!$A$4:$A$4,'[1]DATOS PBI Artículos'!$Z$4:$Z$4)*_xlfn.XLOOKUP(_xlfn.XLOOKUP(A16,'[1]DATOS PBI Artículos'!$A$4:$A$4,'[1]DATOS PBI Artículos'!$Y$4:$Y$4),[1]CRITERIOS!$P$79:$P$123,[1]CRITERIOS!$S$79:$S$123)),0)*[1]CRITERIOS!$M$80*([1]CRITERIOS!$M$110/[1]CRITERIOS!$M$86)+(_xlfn.XLOOKUP(A16,'[1]DATOS PBI Artículos'!$A$4:$A$4,'[1]DATOS PBI Artículos'!$AA$4:$AA$4)*([1]CRITERIOS!$M$95+[1]CRITERIOS!$M$98)))/N16) -> #N/A | AD16: =IF(N16=0,"",(ROUNDUP((N16/2)/(_xlfn.XLOOKUP(A16,'[1]DATOS PBI Artículos'!$A$4:$A$4,'[1]DATOS PBI Artículos'!$Z$4:$Z$4)*_xlfn.XLOOKUP(_xlfn.XLOOKUP(A16,'[1]DATOS PBI Artículos'!$A$4:$A$4,'[1]DATOS PBI Artículos'!$Y$4:$Y$4),[1]CRITERIOS!$P$79:$P$123,[1]CRITERIOS!$S$79:$S$123)),0)*[1]CRITERIOS!$M$80*([1]CRITERIOS!$M$89*[1]CRITERIOS!$M$92)+((_xlfn.XLOOKUP(A16,'[1]DATOS PBI Artículos'!$A$4:$A$4,'[1]DATOS PBI Artículos'!$AA$4:$AA$4)/2)*([1]CRITERIOS!$M$95+[1]CRITERIOS!$M$98)))/N16) -> #N/A | AE16: =IF($R16="MTO","", IF($H16=0,ROUNDUP(((_xlfn.XLOOKUP($A16,'[1]DATOS PBI Artículos'!$A:$A,'[1]DATOS PBI Artículos'!$AL:$AL))/(_xlfn.XLOOKUP($AF$1,[1]CRITERIOS!$S$16:$S$39,[1]CRITERIOS!$Y$16:$Y$39))*$J16+$Z16)/$G16,0)*$G16, ((_xlfn.XLOOKUP($A16,'[1]DATOS PBI Artículos'!$A:$A,'[1]DATOS PBI Artículos'!$AL:$AL))/(_xlfn.XLOOKUP($AF$1,[1]CRITERIOS!$S$16:$S$39,[1]CRITERIOS!$Y$16:$Y$39))*$J16+$Z16))) -> 453533.12 | AG16: =IF($R16="MTO","", IF($H16=0,ROUNDUP(((_xlfn.XLOOKUP($A16,'[1]DATOS PBI Artículos'!$A:$A,'[1]DATOS PBI Artículos'!$AM:$AM))/(_xlfn.XLOOKUP($AH$1,[1]CRITERIOS!$S$16:$S$39,[1]CRITERIOS!$Y$16:$Y$39))*$J16+$Z16)/$G16,0)*$G16, ((_xlfn.XLOOKUP($A16,'[1]DATOS PBI Artículos'!$A:$A,'[1]DATOS PBI Artículos'!$AM:$AM))/(_xlfn.XLOOKUP($AH$1,[1]CRITERIOS!$S$16:$S$39,[1]CRITERIOS!$Y$16:$Y$39))*$J16+$Z16))) -> 367289.57 | AI16: =IF($R16="MTO","", IF($H16=0,ROUNDUP(((_xlfn.XLOOKUP($A16,'[1]DATOS PBI Artículos'!$A:$A,'[1]DATOS PBI Artículos'!$AN:$AN))/(_xlfn.XLOOKUP($AJ$1,[1]CRITERIOS!$S$16:$S$39,[1]CRITERIOS!$Y$16:$Y$39))*$J16+$Z16)/$G16,0)*$G16, ((_xlfn.XLOOKUP($A16,'[1]DATOS PBI Artículos'!$A:$A,'[1]DATOS PBI Artículos'!$AN:$AN))/(_xlfn.XLOOKUP($AJ$1,[1]CRITERIOS!$S$16:$S$39,[1]CRITERIOS!$Y$16:$Y$39))*$J16+$Z16))) -> 410780.85 | AK16: =IF($R16="MTO","", IF($H16=0,ROUNDUP(((_xlfn.XLOOKUP($A16,'[1]DATOS PBI Artículos'!$A:$A,'[1]DATOS PBI Artículos'!$AO:$AO))/(_xlfn.XLOOKUP($AL$1,[1]CRITERIOS!$S$16:$S$39,[1]CRITERIOS!$Y$16:$Y$39))*$J16+$Z16)/$G16,0)*$G16, ((_xlfn.XLOOKUP($A16,'[1]DATOS PBI Artículos'!$A:$A,'[1]DATOS PBI Artículos'!$AO:$AO))/(_xlfn.XLOOKUP($AL$1,[1]CRITERIOS!$S$16:$S$39,[1]CRITERIOS!$Y$16:$Y$39))*$J16+$Z16))) -> 434251.76
A17: 422054B | B17: =_xlfn.XLOOKUP($A17,'[1]DATOS PBI Artículos'!A:A,'[1]DATOS PBI Artículos'!B:B) -> 0 | C17: =_xlfn.XLOOKUP($A17,'[1]DATOS PBI Artículos'!A:A,'[1]DATOS PBI Artículos'!C:C) -> UA01 | D17: =_xlfn.XLOOKUP(A17,'[1]DATOS PBI Artículos'!A:A,'[1]DATOS PBI Artículos'!T:T) -> 22 | E17: =IF(_xlfn.XLOOKUP($A17,'[1]DATOS PBI Artículos'!A:A,'[1]DATOS PBI Artículos'!AK:AK)="",_xlfn.XLOOKUP($A17,'[1]DATOS PBI Artículos'!A:A,'[1]DATOS PBI Artículos'!AJ:AJ),_xlfn.XLOOKUP($A17,'[1]DATOS PBI Artículos'!A:A,'[1]DATOS PBI Artículos'!AK:AK)) -> 690000 | F17: =_xlfn.XLOOKUP($A17,'[1]DATOS PBI Artículos'!A:A,'[1]DATOS PBI Artículos'!AP:AP) -> 3.6 | G17: =_xlfn.XLOOKUP($A17,'[1]DATOS PBI Artículos'!A:A,'[1]DATOS PBI Artículos'!AR:AR) -> 32000 | H17: =_xlfn.XLOOKUP($A17,'[1]DATOS PBI Artículos'!A:A,'[1]DATOS PBI Artículos'!AT:AT) -> 5461.5539 | I17: =_xlfn.XLOOKUP($A17,'[1]DATOS PBI Artículos'!A:A,'[1]DATOS PBI Artículos'!AS:AS) -> 4000 | J17: =IF(COUNTIF([1]CRITERIOS!$F$179:$F$199,$A17)>=1, IF(O17<>"", (O17/_xlfn.XLOOKUP(CONCATENATE(A17,L17),[1]MÁQUINAS!A:A,[1]MÁQUINAS!D:D))/24, (N17/_xlfn.XLOOKUP(CONCATENATE(A17,L17),[1]MÁQUINAS!A:A,[1]MÁQUINAS!D:D))/24), _xlfn.XLOOKUP($A17,'[1]DATOS PBI Artículos'!A:A,'[1]DATOS PBI Artículos'!AU:AU)) -> 24.098765 | K17: =_xlfn.XLOOKUP($A17,'[1]DATOS PBI Artículos'!A:A,'[1]DATOS PBI Artículos'!AV:AV) -> 6.0840055 | L17: =_xlfn.XLOOKUP(A17,[1]MÁQUINAS!B:B,[1]MÁQUINAS!C:C) -> 550 | M17: {=_xlfn.XLOOKUP(A17,'[1]DATOS PBI Artículos'!A:A,'[1]DATOS PBI Artículos'!AX:$AX)} -> 149902.54 | N17: =IF(I17="DV", E17, IF(COUNTIF([1]CRITERIOS!$I$179:$I$199,$A17)>=1, _xlfn.XLOOKUP($A17,[1]CRITERIOS!$I$179:$I$199,[1]CRITERIOS!$J$179:$J$199), IF(COUNTIF([1]CRITERIOS!$L$179:$L$199,$A17)>=1, _xlfn.CEILING.MATH(IF($M17>$E17, $E17, IF($M17<$E17/ROUNDDOWN([1]CRITERIOS!$M$16/_xlfn.XLOOKUP($C17,[1]CRITERIOS!$K$25:$K$42,[1]CRITERIOS!$M$25:$M$42), 1), E17/ROUNDDOWN([1]CRITERIOS!$M$16/_xlfn.XLOOKUP($C17,[1]CRITERIOS!$K$25:$K$42,[1]CRITERIOS!$M$25:$M$42), 1), $M17)), _xlfn.XLOOKUP($A17,[1]CRITERIOS!$L$179:$L$200,[1]CRITERIOS!$M$179:$M$200)), _xlfn.CEILING.MATH(IF($M17>$E17, $E17, IF($M17<$E17/ROUNDDOWN([1]CRITERIOS!$M$16/_xlfn.XLOOKUP($C17,[1]CRITERIOS!$K$25:$K$42,[1]CRITERIOS!$M$25:$M$42), 1), E17/ROUNDDOWN([1]CRITERIOS!$M$16/_xlfn.XLOOKUP($C17,[1]CRITERIOS!$K$25:$K$42,[1]CRITERIOS!$M$25:$M$42), 1), $M17)),_xlfn.XLOOKUP(A17,'[1]DATOS PBI Artículos'!A:A,'[1]DATOS PBI Artículos'!Z:Z ))))) -> 188000 | Q17: =IF(AND(O17="",N17=0), 0, IF(COUNTIF([1]CRITERIOS!$F$179:$F$199,$A17)>=1, 1, IF(R17="MTO", $D17, ROUNDUP( IF(($E17-SUMIF('[1]DATOS PBI Artículos'!A:A,A17,'[1]DATOS PBI Artículos'!X:X)+($V17-_xlfn.XLOOKUP(A17,'[1]DATOS PBI Artículos'!A:A,'[1]DATOS PBI Artículos'!W:W)))<0, 0, IF(($E17-SUMIF('[1]DATOS PBI Artículos'!A:A,A17,'[1]DATOS PBI Artículos'!X:X)+$V17-_xlfn.XLOOKUP($A17,'[1]DATOS PBI Artículos'!A:A,'[1]DATOS PBI Artículos'!W:W))/IF($O17="",$N17,$O17)>ROUNDUP([1]CRITERIOS!$M$16/(IF(COUNTIF([1]CRITERIOS!$BG$11:$BG$201,L17)>=1,_xlfn.XLOOKUP($C17,[1]CRITERIOS!$K$25:$K$42,[1]CRITERIOS!$M$25:$M$42),_xlfn.XLOOKUP($C17,[1]CRITERIOS!$K$25:$K$42,[1]CRITERIOS!$M$25:$M$42))),0), ROUNDUP([1]CRITERIOS!$M$16/(IF(COUNTIF([1]CRITERIOS!$BG$11:$BG$201,$L17)>=1,_xlfn.XLOOKUP($C17,[1]CRITERIOS!$K$25:$K$42,[1]CRITERIOS!$M$25:$M$42),_xlfn.XLOOKUP($C17,[1]CRITERIOS!$K$25:$K$42,[1]CRITERIOS!$M$25:$M$42))),0), (E17+V17-SUMIF('[1]DATOS PBI Artículos'!A:A,A17,'[1]DATOS PBI Artículos'!X:X)-_xlfn.XLOOKUP(A17,'[1]DATOS PBI Artículos'!A:A,'[1]DATOS PBI Artículos'!W:W))/IF($O17="",$N17,$O17))),0)))) -> 4 | R17: =IF(U17<>"",U17,IF(F17="DV","MTO",IF(N17=0,"MTO",_xlfn.XLOOKUP(CONCATENATE(S17,T17),[1]CRITERIOS!$K$160:$K$168,[1]CRITERIOS!$N$160:$N$168)))) -> MTS | S17: =IF(G17="DV","MTO",IF(N17=0,"MTO",IF(OR(AND(N17=0,O17=""),IF(O17="",G17/N17,G17/O17)>[1]CRITERIOS!$G$163),"MTO",IF(IF(O17="",G17/N17,G17/O17)<[1]CRITERIOS!$H$161,"MTS","MTOS")))) -> MTS | T17: =IF(F17="DV","MTO",IF(OR(AND($N17=0,O17=""),$F17/$J17>[1]CRITERIOS!$G$170,$F17="DV"),"MTO",IF($F17/$J17<[1]CRITERIOS!$H$168,"MTS","MTOS"))) -> MTS | V17: =IF(R17="MTO","", IF($H17=0,(((($J17/$F17)*$G17)+$Z17)/$G17)*$G17, (($J17/$F17)*$G17)+$Z17)) -> 265406.59 | X17: =IF(R17="MTO",0,V17+N17) -> 453406.59 | Y17: =IF(R17="MTO",0,Z17+(N17/2)) -> 145195.34 | Z17: =IF($R17="MTO", 0, ($H17+$K17*($E17/[1]CRITERIOS!$M$16))/[1]CRITERIOS!$X$48) -> 51195.337 | AA17: =ROUNDUP(($Y17/_xlfn.XLOOKUP($A17,'[1]DATOS PBI Artículos'!$A$4:$A$4,'[1]DATOS PBI Artículos'!$Z$4:$Z$4))/_xlfn.XLOOKUP(_xlfn.XLOOKUP($A17,'[1]DATOS PBI Artículos'!$A$4:$A$4,'[1]DATOS PBI Artículos'!$Y$4:$Y$4),[1]CRITERIOS!$P$79:$P$123,[1]CRITERIOS!$S$79:$S$123,),0) -> #N/A | AB17: {=IF((E17+V17-_xlfn.XLOOKUP(A17,'[1]DATOS PBI Artículos'!$A$4:$A$4,'[1]DATOS PBI Artículos'!$W$4:$W$4))/N17>ROUNDUP([1]CRITERIOS!$M$16/(IF(COUNTIF([1]CRITERIOS!$BG$11:$BG$201,L17)>=1,_xlfn.XLOOKUP(ARTÍCULOS!L17,[1]CRITERIOS!$BG$11:$BG$201,[1]CRITERIOS!$BJ$11:$BJ$201),_xlfn.XLOOKUP(ARTÍCULOS!C17,[1]CRITERIOS!$K$25:$K$42,[1]CRITERIOS!$M$25:$M$42))),0),ROUNDUP([1]CRITERIOS!$M$16/(IF(COUNTIF([1]CRITERIOS!$BG$11:$BG$201,L17)>=1,_xlfn.XLOOKUP(ARTÍCULOS!L17,[1]CRITERIOS!$BG$11:$BG$201:#REF!,[1]CRITERIOS!$BJ$11:$BJ$201),_xlfn.XLOOKUP(ARTÍCULOS!C17,[1]CRITERIOS!$K$25:$K$42,[1]CRITERIOS!$M$25:$M$42))),0),(E17+V17-_xlfn.XLOOKUP(A17,'[1]DATOS PBI Artículos'!$A$4:$A$4,'[1]DATOS PBI Artículos'!$W$4:$W$4))/N17)} -> #N/A | AC17: =IF(N17=0,"",(ROUNDUP((N17/2)/(_xlfn.XLOOKUP(A17,'[1]DATOS PBI Artículos'!$A$4:$A$4,'[1]DATOS PBI Artículos'!$Z$4:$Z$4)*_xlfn.XLOOKUP(_xlfn.XLOOKUP(A17,'[1]DATOS PBI Artículos'!$A$4:$A$4,'[1]DATOS PBI Artículos'!$Y$4:$Y$4),[1]CRITERIOS!$P$79:$P$123,[1]CRITERIOS!$S$79:$S$123)),0)*[1]CRITERIOS!$M$80*([1]CRITERIOS!$M$110/[1]CRITERIOS!$M$86)+(_xlfn.XLOOKUP(A17,'[1]DATOS PBI Artículos'!$A$4:$A$4,'[1]DATOS PBI Artículos'!$AA$4:$AA$4)*([1]CRITERIOS!$M$95+[1]CRITERIOS!$M$98)))/N17) -> #N/A | AD17: =IF(N17=0,"",(ROUNDUP((N17/2)/(_xlfn.XLOOKUP(A17,'[1]DATOS PBI Artículos'!$A$4:$A$4,'[1]DATOS PBI Artículos'!$Z$4:$Z$4)*_xlfn.XLOOKUP(_xlfn.XLOOKUP(A17,'[1]DATOS PBI Artículos'!$A$4:$A$4,'[1]DATOS PBI Artículos'!$Y$4:$Y$4),[1]CRITERIOS!$P$79:$P$123,[1]CRITERIOS!$S$79:$S$123)),0)*[1]CRITERIOS!$M$80*([1]CRITERIOS!$M$89*[1]CRITERIOS!$M$92)+((_xlfn.XLOOKUP(A17,'[1]DATOS PBI Artículos'!$A$4:$A$4,'[1]DATOS PBI Artículos'!$AA$4:$AA$4)/2)*([1]CRITERIOS!$M$95+[1]CRITERIOS!$M$98)))/N17) -> #N/A | AE17: =IF($R17="MTO","", IF($H17=0,ROUNDUP(((_xlfn.XLOOKUP($A17,'[1]DATOS PBI Artículos'!$A:$A,'[1]DATOS PBI Artículos'!$AL:$AL))/(_xlfn.XLOOKUP($AF$1,[1]CRITERIOS!$S$16:$S$39,[1]CRITERIOS!$Y$16:$Y$39))*$J17+$Z17)/$G17,0)*$G17, ((_xlfn.XLOOKUP($A17,'[1]DATOS PBI Artículos'!$A:$A,'[1]DATOS PBI Artículos'!$AL:$AL))/(_xlfn.XLOOKUP($AF$1,[1]CRITERIOS!$S$16:$S$39,[1]CRITERIOS!$Y$16:$Y$39))*$J17+$Z17))) -> 307616.46 | AG17: =IF($R17="MTO","", IF($H17=0,ROUNDUP(((_xlfn.XLOOKUP($A17,'[1]DATOS PBI Artículos'!$A:$A,'[1]DATOS PBI Artículos'!$AM:$AM))/(_xlfn.XLOOKUP($AH$1,[1]CRITERIOS!$S$16:$S$39,[1]CRITERIOS!$Y$16:$Y$39))*$J17+$Z17)/$G17,0)*$G17, ((_xlfn.XLOOKUP($A17,'[1]DATOS PBI Artículos'!$A:$A,'[1]DATOS PBI Artículos'!$AM:$AM))/(_xlfn.XLOOKUP($AH$1,[1]CRITERIOS!$S$16:$S$39,[1]CRITERIOS!$Y$16:$Y$39))*$J17+$Z17))) -> 235387.62 | AI17: =IF($R17="MTO","", IF($H17=0,ROUNDUP(((_xlfn.XLOOKUP($A17,'[1]DATOS PBI Artículos'!$A:$A,'[1]DATOS PBI Artículos'!$AN:$AN))/(_xlfn.XLOOKUP($AJ$1,[1]CRITERIOS!$S$16:$S$39,[1]CRITERIOS!$Y$16:$Y$39))*$J17+$Z17)/$G17,0)*$G17, ((_xlfn.XLOOKUP($A17,'[1]DATOS PBI Artículos'!$A:$A,'[1]DATOS PBI Artículos'!$AN:$AN))/(_xlfn.XLOOKUP($AJ$1,[1]CRITERIOS!$S$16:$S$39,[1]CRITERIOS!$Y$16:$Y$39))*$J17+$Z17))) -> 271811.5 | AK17: =IF($R17="MTO","", IF($H17=0,ROUNDUP(((_xlfn.XLOOKUP($A17,'[1]DATOS PBI Artículos'!$A:$A,'[1]DATOS PBI Artículos'!$AO:$AO))/(_xlfn.XLOOKUP($AL$1,[1]CRITERIOS!$S$16:$S$39,[1]CRITERIOS!$Y$16:$Y$39))*$J17+$Z17)/$G17,0)*$G17, ((_xlfn.XLOOKUP($A17,'[1]DATOS PBI Artículos'!$A:$A,'[1]DATOS PBI Artículos'!$AO:$AO))/(_xlfn.XLOOKUP($AL$1,[1]CRITERIOS!$S$16:$S$39,[1]CRITERIOS!$Y$16:$Y$39))*$J17+$Z17))) -> 291468.35
A18: 421429F | B18: =_xlfn.XLOOKUP($A18,'[1]DATOS PBI Artículos'!A:A,'[1]DATOS PBI Artículos'!B:B) -> 0 | C18: =_xlfn.XLOOKUP($A18,'[1]DATOS PBI Artículos'!A:A,'[1]DATOS PBI Artículos'!C:C) -> UA01 | D18: =_xlfn.XLOOKUP(A18,'[1]DATOS PBI Artículos'!A:A,'[1]DATOS PBI Artículos'!T:T) -> 3 | E18: =IF(_xlfn.XLOOKUP($A18,'[1]DATOS PBI Artículos'!A:A,'[1]DATOS PBI Artículos'!AK:AK)="",_xlfn.XLOOKUP($A18,'[1]DATOS PBI Artículos'!A:A,'[1]DATOS PBI Artículos'!AJ:AJ),_xlfn.XLOOKUP($A18,'[1]DATOS PBI Artículos'!A:A,'[1]DATOS PBI Artículos'!AK:AK)) -> 604800 | F18: =_xlfn.XLOOKUP($A18,'[1]DATOS PBI Artículos'!A:A,'[1]DATOS PBI Artículos'!AP:AP) -> 27.5 | G18: =_xlfn.XLOOKUP($A18,'[1]DATOS PBI Artículos'!A:A,'[1]DATOS PBI Artículos'!AR:AR) -> 201600 | H18: =_xlfn.XLOOKUP($A18,'[1]DATOS PBI Artículos'!A:A,'[1]DATOS PBI Artículos'!AT:AT) -> 0 | I18: =_xlfn.XLOOKUP($A18,'[1]DATOS PBI Artículos'!A:A,'[1]DATOS PBI Artículos'!AS:AS) -> 201600 | J18: =IF(COUNTIF([1]CRITERIOS!$F$179:$F$199,$A18)>=1, IF(O18<>"", (O18/_xlfn.XLOOKUP(CONCATENATE(A18,L18),[1]MÁQUINAS!A:A,[1]MÁQUINAS!D:D))/24, (N18/_xlfn.XLOOKUP(CONCATENATE(A18,L18),[1]MÁQUINAS!A:A,[1]MÁQUINAS!D:D))/24), _xlfn.XLOOKUP($A18,'[1]DATOS PBI Artículos'!A:A,'[1]DATOS PBI Artículos'!AU:AU)) -> 21.130435 | K18: =_xlfn.XLOOKUP($A18,'[1]DATOS PBI Artículos'!A:A,'[1]DATOS PBI Artículos'!AV:AV) -> 5.0838814 | L18: =_xlfn.XLOOKUP(A18,[1]MÁQUINAS!B:B,[1]MÁQUINAS!C:C) -> 505 | M18: {=_xlfn.XLOOKUP(A18,'[1]DATOS PBI Artículos'!A:A,'[1]DATOS PBI Artículos'!AX:$AX)} -> 282537.42 | N18: =IF(I18="DV", E18, IF(COUNTIF([1]CRITERIOS!$I$179:$I$199,$A18)>=1, _xlfn.XLOOKUP($A18,[1]CRITERIOS!$I$179:$I$199,[1]CRITERIOS!$J$179:$J$199), IF(COUNTIF([1]CRITERIOS!$L$179:$L$199,$A18)>=1, _xlfn.CEILING.MATH(IF($M18>$E18, $E18, IF($M18<$E18/ROUNDDOWN([1]CRITERIOS!$M$16/_xlfn.XLOOKUP($C18,[1]CRITERIOS!$K$25:$K$42,[1]CRITERIOS!$M$25:$M$42), 1), E18/ROUNDDOWN([1]CRITERIOS!$M$16/_xlfn.XLOOKUP($C18,[1]CRITERIOS!$K$25:$K$42,[1]CRITERIOS!$M$25:$M$42), 1), $M18)), _xlfn.XLOOKUP($A18,[1]CRITERIOS!$L$179:$L$200,[1]CRITERIOS!$M$179:$M$200)), _xlfn.CEILING.MATH(IF($M18>$E18, $E18, IF($M18<$E18/ROUNDDOWN([1]CRITERIOS!$M$16/_xlfn.XLOOKUP($C18,[1]CRITERIOS!$K$25:$K$42,[1]CRITERIOS!$M$25:$M$42), 1), E18/ROUNDDOWN([1]CRITERIOS!$M$16/_xlfn.XLOOKUP($C18,[1]CRITERIOS!$K$25:$K$42,[1]CRITERIOS!$M$25:$M$42), 1), $M18)),_xlfn.XLOOKUP(A18,'[1]DATOS PBI Artículos'!A:A,'[1]DATOS PBI Artículos'!Z:Z ))))) -> 285600 | Q18: =IF(AND(O18="",N18=0), 0, IF(COUNTIF([1]CRITERIOS!$F$179:$F$199,$A18)>=1, 1, IF(R18="MTO", $D18, ROUNDUP( IF(($E18-SUMIF('[1]DATOS PBI Artículos'!A:A,A18,'[1]DATOS PBI Artículos'!X:X)+($V18-_xlfn.XLOOKUP(A18,'[1]DATOS PBI Artículos'!A:A,'[1]DATOS PBI Artículos'!W:W)))<0, 0, IF(($E18-SUMIF('[1]DATOS PBI Artículos'!A:A,A18,'[1]DATOS PBI Artículos'!X:X)+$V18-_xlfn.XLOOKUP($A18,'[1]DATOS PBI Artículos'!A:A,'[1]DATOS PBI Artículos'!W:W))/IF($O18="",$N18,$O18)>ROUNDUP([1]CRITERIOS!$M$16/(IF(COUNTIF([1]CRITERIOS!$BG$11:$BG$201,L18)>=1,_xlfn.XLOOKUP($C18,[1]CRITERIOS!$K$25:$K$42,[1]CRITERIOS!$M$25:$M$42),_xlfn.XLOOKUP($C18,[1]CRITERIOS!$K$25:$K$42,[1]CRITERIOS!$M$25:$M$42))),0), ROUNDUP([1]CRITERIOS!$M$16/(IF(COUNTIF([1]CRITERIOS!$BG$11:$BG$201,$L18)>=1,_xlfn.XLOOKUP($C18,[1]CRITERIOS!$K$25:$K$42,[1]CRITERIOS!$M$25:$M$42),_xlfn.XLOOKUP($C18,[1]CRITERIOS!$K$25:$K$42,[1]CRITERIOS!$M$25:$M$42))),0), (E18+V18-SUMIF('[1]DATOS PBI Artículos'!A:A,A18,'[1]DATOS PBI Artículos'!X:X)-_xlfn.XLOOKUP(A18,'[1]DATOS PBI Artículos'!A:A,'[1]DATOS PBI Artículos'!W:W))/IF($O18="",$N18,$O18))),0)))) -> 3 | R18: =IF(U18<>"",U18,IF(F18="DV","MTO",IF(N18=0,"MTO",_xlfn.XLOOKUP(CONCATENATE(S18,T18),[1]CRITERIOS!$K$160:$K$168,[1]CRITERIOS!$N$160:$N$168)))) -> MTO | S18: =IF(G18="DV","MTO",IF(N18=0,"MTO",IF(OR(AND(N18=0,O18=""),IF(O18="",G18/N18,G18/O18)>[1]CRITERIOS!$G$163),"MTO",IF(IF(O18="",G18/N18,G18/O18)<[1]CRITERIOS!$H$161,"MTS","MTOS")))) -> MTOS | T18: =IF(F18="DV","MTO",IF(OR(AND($N18=0,O18=""),$F18/$J18>[1]CRITERIOS!$G$170,$F18="DV"),"MTO",IF($F18/$J18<[1]CRITERIOS!$H$168,"MTS","MTOS"))) -> MTO | V18: =IF(R18="MTO","", IF($H18=0,(((($J18/$F18)*$G18)+$Z18)/$G18)*$G18, (($J18/$F18)*$G18)+$Z18)) | X18: =IF(R18="MTO",0,V18+N18) -> 0 | Y18: =IF(R18="MTO",0,Z18+(N18/2)) -> 0 | Z18: =IF($R18="MTO", 0, ($H18+$K18*($E18/[1]CRITERIOS!$M$16))/[1]CRITERIOS!$X$48) -> 0 | AA18: =ROUNDUP(($Y18/_xlfn.XLOOKUP($A18,'[1]DATOS PBI Artículos'!$A$4:$A$4,'[1]DATOS PBI Artículos'!$Z$4:$Z$4))/_xlfn.XLOOKUP(_xlfn.XLOOKUP($A18,'[1]DATOS PBI Artículos'!$A$4:$A$4,'[1]DATOS PBI Artículos'!$Y$4:$Y$4),[1]CRITERIOS!$P$79:$P$123,[1]CRITERIOS!$S$79:$S$123,),0) -> #N/A | AB18: {=IF((E18+V18-_xlfn.XLOOKUP(A18,'[1]DATOS PBI Artículos'!$A$4:$A$4,'[1]DATOS PBI Artículos'!$W$4:$W$4))/N18>ROUNDUP([1]CRITERIOS!$M$16/(IF(COUNTIF([1]CRITERIOS!$BG$11:$BG$201,L18)>=1,_xlfn.XLOOKUP(ARTÍCULOS!L18,[1]CRITERIOS!$BG$11:$BG$201,[1]CRITERIOS!$BJ$11:$BJ$201),_xlfn.XLOOKUP(ARTÍCULOS!C18,[1]CRITERIOS!$K$25:$K$42,[1]CRITERIOS!$M$25:$M$42))),0),ROUNDUP([1]CRITERIOS!$M$16/(IF(COUNTIF([1]CRITERIOS!$BG$11:$BG$201,L18)>=1,_xlfn.XLOOKUP(ARTÍCULOS!L18,[1]CRITERIOS!$BG$11:$BG$201:#REF!,[1]CRITERIOS!$BJ$11:$BJ$201),_xlfn.XLOOKUP(ARTÍCULOS!C18,[1]CRITERIOS!$K$25:$K$42,[1]CRITERIOS!$M$25:$M$42))),0),(E18+V18-_xlfn.XLOOKUP(A18,'[1]DATOS PBI Artículos'!$A$4:$A$4,'[1]DATOS PBI Artículos'!$W$4:$W$4))/N18)} -> #VALUE! | AC18: =IF(N18=0,"",(ROUNDUP((N18/2)/(_xlfn.XLOOKUP(A18,'[1]DATOS PBI Artículos'!$A$4:$A$4,'[1]DATOS PBI Artículos'!$Z$4:$Z$4)*_xlfn.XLOOKUP(_xlfn.XLOOKUP(A18,'[1]DATOS PBI Artículos'!$A$4:$A$4,'[1]DATOS PBI Artículos'!$Y$4:$Y$4),[1]CRITERIOS!$P$79:$P$123,[1]CRITERIOS!$S$79:$S$123)),0)*[1]CRITERIOS!$M$80*([1]CRITERIOS!$M$110/[1]CRITERIOS!$M$86)+(_xlfn.XLOOKUP(A18,'[1]DATOS PBI Artículos'!$A$4:$A$4,'[1]DATOS PBI Artículos'!$AA$4:$AA$4)*([1]CRITERIOS!$M$95+[1]CRITERIOS!$M$98)))/N18) -> #N/A | AD18: =IF(N18=0,"",(ROUNDUP((N18/2)/(_xlfn.XLOOKUP(A18,'[1]DATOS PBI Artículos'!$A$4:$A$4,'[1]DATOS PBI Artículos'!$Z$4:$Z$4)*_xlfn.XLOOKUP(_xlfn.XLOOKUP(A18,'[1]DATOS PBI Artículos'!$A$4:$A$4,'[1]DATOS PBI Artículos'!$Y$4:$Y$4),[1]CRITERIOS!$P$79:$P$123,[1]CRITERIOS!$S$79:$S$123)),0)*[1]CRITERIOS!$M$80*([1]CRITERIOS!$M$89*[1]CRITERIOS!$M$92)+((_xlfn.XLOOKUP(A18,'[1]DATOS PBI Artículos'!$A$4:$A$4,'[1]DATOS PBI Artículos'!$AA$4:$AA$4)/2)*([1]CRITERIOS!$M$95+[1]CRITERIOS!$M$98)))/N18) -> #N/A | AE18: =IF($R18="MTO","", IF($H18=0,ROUNDUP(((_xlfn.XLOOKUP($A18,'[1]DATOS PBI Artículos'!$A:$A,'[1]DATOS PBI Artículos'!$AL:$AL))/(_xlfn.XLOOKUP($AF$1,[1]CRITERIOS!$S$16:$S$39,[1]CRITERIOS!$Y$16:$Y$39))*$J18+$Z18)/$G18,0)*$G18, ((_xlfn.XLOOKUP($A18,'[1]DATOS PBI Artículos'!$A:$A,'[1]DATOS PBI Artículos'!$AL:$AL))/(_xlfn.XLOOKUP($AF$1,[1]CRITERIOS!$S$16:$S$39,[1]CRITERIOS!$Y$16:$Y$39))*$J18+$Z18))) | AG18: =IF($R18="MTO","", IF($H18=0,ROUNDUP(((_xlfn.XLOOKUP($A18,'[1]DATOS PBI Artículos'!$A:$A,'[1]DATOS PBI Artículos'!$AM:$AM))/(_xlfn.XLOOKUP($AH$1,[1]CRITERIOS!$S$16:$S$39,[1]CRITERIOS!$Y$16:$Y$39))*$J18+$Z18)/$G18,0)*$G18, ((_xlfn.XLOOKUP($A18,'[1]DATOS PBI Artículos'!$A:$A,'[1]DATOS PBI Artículos'!$AM:$AM))/(_xlfn.XLOOKUP($AH$1,[1]CRITERIOS!$S$16:$S$39,[1]CRITERIOS!$Y$16:$Y$39))*$J18+$Z18))) | AI18: =IF($R18="MTO","", IF($H18=0,ROUNDUP(((_xlfn.XLOOKUP($A18,'[1]DATOS PBI Artículos'!$A:$A,'[1]DATOS PBI Artículos'!$AN:$AN))/(_xlfn.XLOOKUP($AJ$1,[1]CRITERIOS!$S$16:$S$39,[1]CRITERIOS!$Y$16:$Y$39))*$J18+$Z18)/$G18,0)*$G18, ((_xlfn.XLOOKUP($A18,'[1]DATOS PBI Artículos'!$A:$A,'[1]DATOS PBI Artículos'!$AN:$AN))/(_xlfn.XLOOKUP($AJ$1,[1]CRITERIOS!$S$16:$S$39,[1]CRITERIOS!$Y$16:$Y$39))*$J18+$Z18))) | AK18: =IF($R18="MTO","", IF($H18=0,ROUNDUP(((_xlfn.XLOOKUP($A18,'[1]DATOS PBI Artículos'!$A:$A,'[1]DATOS PBI Artículos'!$AO:$AO))/(_xlfn.XLOOKUP($AL$1,[1]CRITERIOS!$S$16:$S$39,[1]CRITERIOS!$Y$16:$Y$39))*$J18+$Z18)/$G18,0)*$G18, ((_xlfn.XLOOKUP($A18,'[1]DATOS PBI Artículos'!$A:$A,'[1]DATOS PBI Artículos'!$AO:$AO))/(_xlfn.XLOOKUP($AL$1,[1]CRITERIOS!$S$16:$S$39,[1]CRITERIOS!$Y$16:$Y$39))*$J18+$Z18)))
A19: 451460C | B19: =_xlfn.XLOOKUP($A19,'[1]DATOS PBI Artículos'!A:A,'[1]DATOS PBI Artículos'!B:B) -> 0 | C19: =_xlfn.XLOOKUP($A19,'[1]DATOS PBI Artículos'!A:A,'[1]DATOS PBI Artículos'!C:C) -> UA02 | D19: =_xlfn.XLOOKUP(A19,'[1]DATOS PBI Artículos'!A:A,'[1]DATOS PBI Artículos'!T:T) -> 4 | E19: =IF(_xlfn.XLOOKUP($A19,'[1]DATOS PBI Artículos'!A:A,'[1]DATOS PBI Artículos'!AK:AK)="",_xlfn.XLOOKUP($A19,'[1]DATOS PBI Artículos'!A:A,'[1]DATOS PBI Artículos'!AJ:AJ),_xlfn.XLOOKUP($A19,'[1]DATOS PBI Artículos'!A:A,'[1]DATOS PBI Artículos'!AK:AK)) -> 550000 | F19: =_xlfn.XLOOKUP($A19,'[1]DATOS PBI Artículos'!A:A,'[1]DATOS PBI Artículos'!AP:AP) -> 1.2857143 | G19: =_xlfn.XLOOKUP($A19,'[1]DATOS PBI Artículos'!A:A,'[1]DATOS PBI Artículos'!AR:AR) -> 10000 | H19: =_xlfn.XLOOKUP($A19,'[1]DATOS PBI Artículos'!A:A,'[1]DATOS PBI Artículos'!AT:AT) -> 0 | I19: =_xlfn.XLOOKUP($A19,'[1]DATOS PBI Artículos'!A:A,'[1]DATOS PBI Artículos'!AS:AS) -> 10000 | J19: =IF(COUNTIF([1]CRITERIOS!$F$179:$F$199,$A19)>=1, IF(O19<>"", (O19/_xlfn.XLOOKUP(CONCATENATE(A19,L19),[1]MÁQUINAS!A:A,[1]MÁQUINAS!D:D))/24, (N19/_xlfn.XLOOKUP(CONCATENATE(A19,L19),[1]MÁQUINAS!A:A,[1]MÁQUINAS!D:D))/24), _xlfn.XLOOKUP($A19,'[1]DATOS PBI Artículos'!A:A,'[1]DATOS PBI Artículos'!AU:AU)) -> 20 | K19: =_xlfn.XLOOKUP($A19,'[1]DATOS PBI Artículos'!A:A,'[1]DATOS PBI Artículos'!AV:AV) -> 2 | L19: =_xlfn.XLOOKUP(A19,[1]MÁQUINAS!B:B,[1]MÁQUINAS!C:C) -> 213 | M19: {=_xlfn.XLOOKUP(A19,'[1]DATOS PBI Artículos'!A:A,'[1]DATOS PBI Artículos'!AX:$AX)} -> 118238.77 | N19: =IF(I19="DV", E19, IF(COUNTIF([1]CRITERIOS!$I$179:$I$199,$A19)>=1, _xlfn.XLOOKUP($A19,[1]CRITERIOS!$I$179:$I$199,[1]CRITERIOS!$J$179:$J$199), IF(COUNTIF([1]CRITERIOS!$L$179:$L$199,$A19)>=1, _xlfn.CEILING.MATH(IF($M19>$E19, $E19, IF($M19<$E19/ROUNDDOWN([1]CRITERIOS!$M$16/_xlfn.XLOOKUP($C19,[1]CRITERIOS!$K$25:$K$42,[1]CRITERIOS!$M$25:$M$42), 1), E19/ROUNDDOWN([1]CRITERIOS!$M$16/_xlfn.XLOOKUP($C19,[1]CRITERIOS!$K$25:$K$42,[1]CRITERIOS!$M$25:$M$42), 1), $M19)), _xlfn.XLOOKUP($A19,[1]CRITERIOS!$L$179:$L$200,[1]CRITERIOS!$M$179:$M$200)), _xlfn.CEILING.MATH(IF($M19>$E19, $E19, IF($M19<$E19/ROUNDDOWN([1]CRITERIOS!$M$16/_xlfn.XLOOKUP($C19,[1]CRITERIOS!$K$25:$K$42,[1]CRITERIOS!$M$25:$M$42), 1), E19/ROUNDDOWN([1]CRITERIOS!$M$16/_xlfn.XLOOKUP($C19,[1]CRITERIOS!$K$25:$K$42,[1]CRITERIOS!$M$25:$M$42), 1), $M19)),_xlfn.XLOOKUP(A19,'[1]DATOS PBI Artículos'!A:A,'[1]DATOS PBI Artículos'!Z:Z ))))) -> 150000 | Q19: =IF(AND(O19="",N19=0), 0, IF(COUNTIF([1]CRITERIOS!$F$179:$F$199,$A19)>=1, 1, IF(R19="MTO", $D19, ROUNDUP( IF(($E19-SUMIF('[1]DATOS PBI Artículos'!A:A,A19,'[1]DATOS PBI Artículos'!X:X)+($V19-_xlfn.XLOOKUP(A19,'[1]DATOS PBI Artículos'!A:A,'[1]DATOS PBI Artículos'!W:W)))<0, 0, IF(($E19-SUMIF('[1]DATOS PBI Artículos'!A:A,A19,'[1]DATOS PBI Artículos'!X:X)+$V19-_xlfn.XLOOKUP($A19,'[1]DATOS PBI Artículos'!A:A,'[1]DATOS PBI Artículos'!W:W))/IF($O19="",$N19,$O19)>ROUNDUP([1]CRITERIOS!$M$16/(IF(COUNTIF([1]CRITERIOS!$BG$11:$BG$201,L19)>=1,_xlfn.XLOOKUP($C19,[1]CRITERIOS!$K$25:$K$42,[1]CRITERIOS!$M$25:$M$42),_xlfn.XLOOKUP($C19,[1]CRITERIOS!$K$25:$K$42,[1]CRITERIOS!$M$25:$M$42))),0), ROUNDUP([1]CRITERIOS!$M$16/(IF(COUNTIF([1]CRITERIOS!$BG$11:$BG$201,$L19)>=1,_xlfn.XLOOKUP($C19,[1]CRITERIOS!$K$25:$K$42,[1]CRITERIOS!$M$25:$M$42),_xlfn.XLOOKUP($C19,[1]CRITERIOS!$K$25:$K$42,[1]CRITERIOS!$M$25:$M$42))),0), (E19+V19-SUMIF('[1]DATOS PBI Artículos'!A:A,A19,'[1]DATOS PBI Artículos'!X:X)-_xlfn.XLOOKUP(A19,'[1]DATOS PBI Artículos'!A:A,'[1]DATOS PBI Artículos'!W:W))/IF($O19="",$N19,$O19))),0)))) -> 4 | R19: =IF(U19<>"",U19,IF(F19="DV","MTO",IF(N19=0,"MTO",_xlfn.XLOOKUP(CONCATENATE(S19,T19),[1]CRITERIOS!$K$160:$K$168,[1]CRITERIOS!$N$160:$N$168)))) -> MTS | S19: =IF(G19="DV","MTO",IF(N19=0,"MTO",IF(OR(AND(N19=0,O19=""),IF(O19="",G19/N19,G19/O19)>[1]CRITERIOS!$G$163),"MTO",IF(IF(O19="",G19/N19,G19/O19)<[1]CRITERIOS!$H$161,"MTS","MTOS")))) -> MTS | T19: =IF(F19="DV","MTO",IF(OR(AND($N19=0,O19=""),$F19/$J19>[1]CRITERIOS!$G$170,$F19="DV"),"MTO",IF($F19/$J19<[1]CRITERIOS!$H$168,"MTS","MTOS"))) -> MTS | V19: =IF(R19="MTO","", IF($H19=0,(((($J19/$F19)*$G19)+$Z19)/$G19)*$G19, (($J19/$F19)*$G19)+$Z19)) -> 167777.78 | X19: =IF(R19="MTO",0,V19+N19) -> 317777.78 | Y19: =IF(R19="MTO",0,Z19+(N19/2)) -> 87222.222 | Z19: =IF($R19="MTO", 0, ($H19+$K19*($E19/[1]CRITERIOS!$M$16))/[1]CRITERIOS!$X$48) -> 12222.222 | AA19: =ROUNDUP(($Y19/_xlfn.XLOOKUP($A19,'[1]DATOS PBI Artículos'!$A$4:$A$4,'[1]DATOS PBI Artículos'!$Z$4:$Z$4))/_xlfn.XLOOKUP(_xlfn.XLOOKUP($A19,'[1]DATOS PBI Artículos'!$A$4:$A$4,'[1]DATOS PBI Artículos'!$Y$4:$Y$4),[1]CRITERIOS!$P$79:$P$123,[1]CRITERIOS!$S$79:$S$123,),0) -> #N/A | AB19: {=IF((E19+V19-_xlfn.XLOOKUP(A19,'[1]DATOS PBI Artículos'!$A$4:$A$4,'[1]DATOS PBI Artículos'!$W$4:$W$4))/N19>ROUNDUP([1]CRITERIOS!$M$16/(IF(COUNTIF([1]CRITERIOS!$BG$11:$BG$201,L19)>=1,_xlfn.XLOOKUP(ARTÍCULOS!L19,[1]CRITERIOS!$BG$11:$BG$201,[1]CRITERIOS!$BJ$11:$BJ$201),_xlfn.XLOOKUP(ARTÍCULOS!C19,[1]CRITERIOS!$K$25:$K$42,[1]CRITERIOS!$M$25:$M$42))),0),ROUNDUP([1]CRITERIOS!$M$16/(IF(COUNTIF([1]CRITERIOS!$BG$11:$BG$201,L19)>=1,_xlfn.XLOOKUP(ARTÍCULOS!L19,[1]CRITERIOS!$BG$11:$BG$201:#REF!,[1]CRITERIOS!$BJ$11:$BJ$201),_xlfn.XLOOKUP(ARTÍCULOS!C19,[1]CRITERIOS!$K$25:$K$42,[1]CRITERIOS!$M$25:$M$42))),0),(E19+V19-_xlfn.XLOOKUP(A19,'[1]DATOS PBI Artículos'!$A$4:$A$4,'[1]DATOS PBI Artículos'!$W$4:$W$4))/N19)} -> #N/A | AC19: =IF(N19=0,"",(ROUNDUP((N19/2)/(_xlfn.XLOOKUP(A19,'[1]DATOS PBI Artículos'!$A$4:$A$4,'[1]DATOS PBI Artículos'!$Z$4:$Z$4)*_xlfn.XLOOKUP(_xlfn.XLOOKUP(A19,'[1]DATOS PBI Artículos'!$A$4:$A$4,'[1]DATOS PBI Artículos'!$Y$4:$Y$4),[1]CRITERIOS!$P$79:$P$123,[1]CRITERIOS!$S$79:$S$123)),0)*[1]CRITERIOS!$M$80*([1]CRITERIOS!$M$110/[1]CRITERIOS!$M$86)+(_xlfn.XLOOKUP(A19,'[1]DATOS PBI Artículos'!$A$4:$A$4,'[1]DATOS PBI Artículos'!$AA$4:$AA$4)*([1]CRITERIOS!$M$95+[1]CRITERIOS!$M$98)))/N19) -> #N/A | AD19: =IF(N19=0,"",(ROUNDUP((N19/2)/(_xlfn.XLOOKUP(A19,'[1]DATOS PBI Artículos'!$A$4:$A$4,'[1]DATOS PBI Artículos'!$Z$4:$Z$4)*_xlfn.XLOOKUP(_xlfn.XLOOKUP(A19,'[1]DATOS PBI Artículos'!$A$4:$A$4,'[1]DATOS PBI Artículos'!$Y$4:$Y$4),[1]CRITERIOS!$P$79:$P$123,[1]CRITERIOS!$S$79:$S$123)),0)*[1]CRITERIOS!$M$80*([1]CRITERIOS!$M$89*[1]CRITERIOS!$M$92)+((_xlfn.XLOOKUP(A19,'[1]DATOS PBI Artículos'!$A$4:$A$4,'[1]DATOS PBI Artículos'!$AA$4:$AA$4)/2)*([1]CRITERIOS!$M$95+[1]CRITERIOS!$M$98)))/N19) -> #N/A | AE19: =IF($R19="MTO","", IF($H19=0,ROUNDUP(((_xlfn.XLOOKUP($A19,'[1]DATOS PBI Artículos'!$A:$A,'[1]DATOS PBI Artículos'!$AL:$AL))/(_xlfn.XLOOKUP($AF$1,[1]CRITERIOS!$S$16:$S$39,[1]CRITERIOS!$Y$16:$Y$39))*$J19+$Z19)/$G19,0)*$G19, ((_xlfn.XLOOKUP($A19,'[1]DATOS PBI Artículos'!$A:$A,'[1]DATOS PBI Artículos'!$AL:$AL))/(_xlfn.XLOOKUP($AF$1,[1]CRITERIOS!$S$16:$S$39,[1]CRITERIOS!$Y$16:$Y$39))*$J19+$Z19))) -> 190000 | AG19: =IF($R19="MTO","", IF($H19=0,ROUNDUP(((_xlfn.XLOOKUP($A19,'[1]DATOS PBI Artículos'!$A:$A,'[1]DATOS PBI Artículos'!$AM:$AM))/(_xlfn.XLOOKUP($AH$1,[1]CRITERIOS!$S$16:$S$39,[1]CRITERIOS!$Y$16:$Y$39))*$J19+$Z19)/$G19,0)*$G19, ((_xlfn.XLOOKUP($A19,'[1]DATOS PBI Artículos'!$A:$A,'[1]DATOS PBI Artículos'!$AM:$AM))/(_xlfn.XLOOKUP($AH$1,[1]CRITERIOS!$S$16:$S$39,[1]CRITERIOS!$Y$16:$Y$39))*$J19+$Z19))) -> 140000 | AI19: =IF($R19="MTO","", IF($H19=0,ROUNDUP(((_xlfn.XLOOKUP($A19,'[1]DATOS PBI Artículos'!$A:$A,'[1]DATOS PBI Artículos'!$AN:$AN))/(_xlfn.XLOOKUP($AJ$1,[1]CRITERIOS!$S$16:$S$39,[1]CRITERIOS!$Y$16:$Y$39))*$J19+$Z19)/$G19,0)*$G19, ((_xlfn.XLOOKUP($A19,'[1]DATOS PBI Artículos'!$A:$A,'[1]DATOS PBI Artículos'!$AN:$AN))/(_xlfn.XLOOKUP($AJ$1,[1]CRITERIOS!$S$16:$S$39,[1]CRITERIOS!$Y$16:$Y$39))*$J19+$Z19))) -> 160000 | AK19: =IF($R19="MTO","", IF($H19=0,ROUNDUP(((_xlfn.XLOOKUP($A19,'[1]DATOS PBI Artículos'!$A:$A,'[1]DATOS PBI Artículos'!$AO:$AO))/(_xlfn.XLOOKUP($AL$1,[1]CRITERIOS!$S$16:$S$39,[1]CRITERIOS!$Y$16:$Y$39))*$J19+$Z19)/$G19,0)*$G19, ((_xlfn.XLOOKUP($A19,'[1]DATOS PBI Artículos'!$A:$A,'[1]DATOS PBI Artículos'!$AO:$AO))/(_xlfn.XLOOKUP($AL$1,[1]CRITERIOS!$S$16:$S$39,[1]CRITERIOS!$Y$16:$Y$39))*$J19+$Z19))) -> 180000
A20: 453389 | B20: =_xlfn.XLOOKUP($A20,'[1]DATOS PBI Artículos'!A:A,'[1]DATOS PBI Artículos'!B:B) -> 0 | C20: =_xlfn.XLOOKUP($A20,'[1]DATOS PBI Artículos'!A:A,'[1]DATOS PBI Artículos'!C:C) -> UA03 | D20: =_xlfn.XLOOKUP(A20,'[1]DATOS PBI Artículos'!A:A,'[1]DATOS PBI Artículos'!T:T) -> 7 | E20: =IF(_xlfn.XLOOKUP($A20,'[1]DATOS PBI Artículos'!A:A,'[1]DATOS PBI Artículos'!AK:AK)="",_xlfn.XLOOKUP($A20,'[1]DATOS PBI Artículos'!A:A,'[1]DATOS PBI Artículos'!AJ:AJ),_xlfn.XLOOKUP($A20,'[1]DATOS PBI Artículos'!A:A,'[1]DATOS PBI Artículos'!AK:AK)) -> 540000 | F20: =_xlfn.XLOOKUP($A20,'[1]DATOS PBI Artículos'!A:A,'[1]DATOS PBI Artículos'!AP:AP) -> 8.8333333 | G20: =_xlfn.XLOOKUP($A20,'[1]DATOS PBI Artículos'!A:A,'[1]DATOS PBI Artículos'!AR:AR) -> 80000 | H20: =_xlfn.XLOOKUP($A20,'[1]DATOS PBI Artículos'!A:A,'[1]DATOS PBI Artículos'!AT:AT) -> 21380.899 | I20: =_xlfn.XLOOKUP($A20,'[1]DATOS PBI Artículos'!A:A,'[1]DATOS PBI Artículos'!AS:AS) -> 20000 | J20: =IF(COUNTIF([1]CRITERIOS!$F$179:$F$199,$A20)>=1, IF(O20<>"", (O20/_xlfn.XLOOKUP(CONCATENATE(A20,L20),[1]MÁQUINAS!A:A,[1]MÁQUINAS!D:D))/24, (N20/_xlfn.XLOOKUP(CONCATENATE(A20,L20),[1]MÁQUINAS!A:A,[1]MÁQUINAS!D:D))/24), _xlfn.XLOOKUP($A20,'[1]DATOS PBI Artículos'!A:A,'[1]DATOS PBI Artículos'!AU:AU)) -> 20.714286 | K20: =_xlfn.XLOOKUP($A20,'[1]DATOS PBI Artículos'!A:A,'[1]DATOS PBI Artículos'!AV:AV) -> 8.3409489 | L20: =_xlfn.XLOOKUP(A20,[1]MÁQUINAS!B:B,[1]MÁQUINAS!C:C) -> 122 | M20: {=_xlfn.XLOOKUP(A20,'[1]DATOS PBI Artículos'!A:A,'[1]DATOS PBI Artículos'!AX:$AX)} -> 137439.88 | N20: =IF(I20="DV", E20, IF(COUNTIF([1]CRITERIOS!$I$179:$I$199,$A20)>=1, _xlfn.XLOOKUP($A20,[1]CRITERIOS!$I$179:$I$199,[1]CRITERIOS!$J$179:$J$199), IF(COUNTIF([1]CRITERIOS!$L$179:$L$199,$A20)>=1, _xlfn.CEILING.MATH(IF($M20>$E20, $E20, IF($M20<$E20/ROUNDDOWN([1]CRITERIOS!$M$16/_xlfn.XLOOKUP($C20,[1]CRITERIOS!$K$25:$K$42,[1]CRITERIOS!$M$25:$M$42), 1), E20/ROUNDDOWN([1]CRITERIOS!$M$16/_xlfn.XLOOKUP($C20,[1]CRITERIOS!$K$25:$K$42,[1]CRITERIOS!$M$25:$M$42), 1), $M20)), _xlfn.XLOOKUP($A20,[1]CRITERIOS!$L$179:$L$200,[1]CRITERIOS!$M$179:$M$200)), _xlfn.CEILING.MATH(IF($M20>$E20, $E20, IF($M20<$E20/ROUNDDOWN([1]CRITERIOS!$M$16/_xlfn.XLOOKUP($C20,[1]CRITERIOS!$K$25:$K$42,[1]CRITERIOS!$M$25:$M$42), 1), E20/ROUNDDOWN([1]CRITERIOS!$M$16/_xlfn.XLOOKUP($C20,[1]CRITERIOS!$K$25:$K$42,[1]CRITERIOS!$M$25:$M$42), 1), $M20)),_xlfn.XLOOKUP(A20,'[1]DATOS PBI Artículos'!A:A,'[1]DATOS PBI Artículos'!Z:Z ))))) -> 150000 | Q20: =IF(AND(O20="",N20=0), 0, IF(COUNTIF([1]CRITERIOS!$F$179:$F$199,$A20)>=1, 1, IF(R20="MTO", $D20, ROUNDUP( IF(($E20-SUMIF('[1]DATOS PBI Artículos'!A:A,A20,'[1]DATOS PBI Artículos'!X:X)+($V20-_xlfn.XLOOKUP(A20,'[1]DATOS PBI Artículos'!A:A,'[1]DATOS PBI Artículos'!W:W)))<0, 0, IF(($E20-SUMIF('[1]DATOS PBI Artículos'!A:A,A20,'[1]DATOS PBI Artículos'!X:X)+$V20-_xlfn.XLOOKUP($A20,'[1]DATOS PBI Artículos'!A:A,'[1]DATOS PBI Artículos'!W:W))/IF($O20="",$N20,$O20)>ROUNDUP([1]CRITERIOS!$M$16/(IF(COUNTIF([1]CRITERIOS!$BG$11:$BG$201,L20)>=1,_xlfn.XLOOKUP($C20,[1]CRITERIOS!$K$25:$K$42,[1]CRITERIOS!$M$25:$M$42),_xlfn.XLOOKUP($C20,[1]CRITERIOS!$K$25:$K$42,[1]CRITERIOS!$M$25:$M$42))),0), ROUNDUP([1]CRITERIOS!$M$16/(IF(COUNTIF([1]CRITERIOS!$BG$11:$BG$201,$L20)>=1,_xlfn.XLOOKUP($C20,[1]CRITERIOS!$K$25:$K$42,[1]CRITERIOS!$M$25:$M$42),_xlfn.XLOOKUP($C20,[1]CRITERIOS!$K$25:$K$42,[1]CRITERIOS!$M$25:$M$42))),0), (E20+V20-SUMIF('[1]DATOS PBI Artículos'!A:A,A20,'[1]DATOS PBI Artículos'!X:X)-_xlfn.XLOOKUP(A20,'[1]DATOS PBI Artículos'!A:A,'[1]DATOS PBI Artículos'!W:W))/IF($O20="",$N20,$O20))),0)))) -> 4 | R20: =IF(U20<>"",U20,IF(F20="DV","MTO",IF(N20=0,"MTO",_xlfn.XLOOKUP(CONCATENATE(S20,T20),[1]CRITERIOS!$K$160:$K$168,[1]CRITERIOS!$N$160:$N$168)))) -> MTS | S20: =IF(G20="DV","MTO",IF(N20=0,"MTO",IF(OR(AND(N20=0,O20=""),IF(O20="",G20/N20,G20/O20)>[1]CRITERIOS!$G$163),"MTO",IF(IF(O20="",G20/N20,G20/O20)<[1]CRITERIOS!$H$161,"MTS","MTOS")))) -> MTOS | T20: =IF(F20="DV","MTO",IF(OR(AND($N20=0,O20=""),$F20/$J20>[1]CRITERIOS!$G$170,$F20="DV"),"MTO",IF($F20/$J20<[1]CRITERIOS!$H$168,"MTS","MTOS"))) -> MTS | V20: =IF(R20="MTO","", IF($H20=0,(((($J20/$F20)*$G20)+$Z20)/$G20)*$G20, (($J20/$F20)*$G20)+$Z20)) -> 255464.19 | X20: =IF(R20="MTO",0,V20+N20) -> 405464.19 | Y20: =IF(R20="MTO",0,Z20+(N20/2)) -> 142863.11 | Z20: =IF($R20="MTO", 0, ($H20+$K20*($E20/[1]CRITERIOS!$M$16))/[1]CRITERIOS!$X$48) -> 67863.11 | AA20: =ROUNDUP(($Y20/_xlfn.XLOOKUP($A20,'[1]DATOS PBI Artículos'!$A$4:$A$4,'[1]DATOS PBI Artículos'!$Z$4:$Z$4))/_xlfn.XLOOKUP(_xlfn.XLOOKUP($A20,'[1]DATOS PBI Artículos'!$A$4:$A$4,'[1]DATOS PBI Artículos'!$Y$4:$Y$4),[1]CRITERIOS!$P$79:$P$123,[1]CRITERIOS!$S$79:$S$123,),0) -> #N/A | AB20: {=IF((E20+V20-_xlfn.XLOOKUP(A20,'[1]DATOS PBI Artículos'!$A$4:$A$4,'[1]DATOS PBI Artículos'!$W$4:$W$4))/N20>ROUNDUP([1]CRITERIOS!$M$16/(IF(COUNTIF([1]CRITERIOS!$BG$11:$BG$201,L20)>=1,_xlfn.XLOOKUP(ARTÍCULOS!L20,[1]CRITERIOS!$BG$11:$BG$201,[1]CRITERIOS!$BJ$11:$BJ$201),_xlfn.XLOOKUP(ARTÍCULOS!C20,[1]CRITERIOS!$K$25:$K$42,[1]CRITERIOS!$M$25:$M$42))),0),ROUNDUP([1]CRITERIOS!$M$16/(IF(COUNTIF([1]CRITERIOS!$BG$11:$BG$201,L20)>=1,_xlfn.XLOOKUP(ARTÍCULOS!L20,[1]CRITERIOS!$BG$11:$BG$201:#REF!,[1]CRITERIOS!$BJ$11:$BJ$201),_xlfn.XLOOKUP(ARTÍCULOS!C20,[1]CRITERIOS!$K$25:$K$42,[1]CRITERIOS!$M$25:$M$42))),0),(E20+V20-_xlfn.XLOOKUP(A20,'[1]DATOS PBI Artículos'!$A$4:$A$4,'[1]DATOS PBI Artículos'!$W$4:$W$4))/N20)} -> #N/A | AC20: =IF(N20=0,"",(ROUNDUP((N20/2)/(_xlfn.XLOOKUP(A20,'[1]DATOS PBI Artículos'!$A$4:$A$4,'[1]DATOS PBI Artículos'!$Z$4:$Z$4)*_xlfn.XLOOKUP(_xlfn.XLOOKUP(A20,'[1]DATOS PBI Artículos'!$A$4:$A$4,'[1]DATOS PBI Artículos'!$Y$4:$Y$4),[1]CRITERIOS!$P$79:$P$123,[1]CRITERIOS!$S$79:$S$123)),0)*[1]CRITERIOS!$M$80*([1]CRITERIOS!$M$110/[1]CRITERIOS!$M$86)+(_xlfn.XLOOKUP(A20,'[1]DATOS PBI Artículos'!$A$4:$A$4,'[1]DATOS PBI Artículos'!$AA$4:$AA$4)*([1]CRITERIOS!$M$95+[1]CRITERIOS!$M$98)))/N20) -> #N/A | AD20: =IF(N20=0,"",(ROUNDUP((N20/2)/(_xlfn.XLOOKUP(A20,'[1]DATOS PBI Artículos'!$A$4:$A$4,'[1]DATOS PBI Artículos'!$Z$4:$Z$4)*_xlfn.XLOOKUP(_xlfn.XLOOKUP(A20,'[1]DATOS PBI Artículos'!$A$4:$A$4,'[1]DATOS PBI Artículos'!$Y$4:$Y$4),[1]CRITERIOS!$P$79:$P$123,[1]CRITERIOS!$S$79:$S$123)),0)*[1]CRITERIOS!$M$80*([1]CRITERIOS!$M$89*[1]CRITERIOS!$M$92)+((_xlfn.XLOOKUP(A20,'[1]DATOS PBI Artículos'!$A$4:$A$4,'[1]DATOS PBI Artículos'!$AA$4:$AA$4)/2)*([1]CRITERIOS!$M$95+[1]CRITERIOS!$M$98)))/N20) -> #N/A | AE20: =IF($R20="MTO","", IF($H20=0,ROUNDUP(((_xlfn.XLOOKUP($A20,'[1]DATOS PBI Artículos'!$A:$A,'[1]DATOS PBI Artículos'!$AL:$AL))/(_xlfn.XLOOKUP($AF$1,[1]CRITERIOS!$S$16:$S$39,[1]CRITERIOS!$Y$16:$Y$39))*$J20+$Z20)/$G20,0)*$G20, ((_xlfn.XLOOKUP($A20,'[1]DATOS PBI Artículos'!$A:$A,'[1]DATOS PBI Artículos'!$AL:$AL))/(_xlfn.XLOOKUP($AF$1,[1]CRITERIOS!$S$16:$S$39,[1]CRITERIOS!$Y$16:$Y$39))*$J20+$Z20))) -> 257606.35 | AG20: =IF($R20="MTO","", IF($H20=0,ROUNDUP(((_xlfn.XLOOKUP($A20,'[1]DATOS PBI Artículos'!$A:$A,'[1]DATOS PBI Artículos'!$AM:$AM))/(_xlfn.XLOOKUP($AH$1,[1]CRITERIOS!$S$16:$S$39,[1]CRITERIOS!$Y$16:$Y$39))*$J20+$Z20)/$G20,0)*$G20, ((_xlfn.XLOOKUP($A20,'[1]DATOS PBI Artículos'!$A:$A,'[1]DATOS PBI Artículos'!$AM:$AM))/(_xlfn.XLOOKUP($AH$1,[1]CRITERIOS!$S$16:$S$39,[1]CRITERIOS!$Y$16:$Y$39))*$J20+$Z20))) -> 204159.38 | AI20: =IF($R20="MTO","", IF($H20=0,ROUNDUP(((_xlfn.XLOOKUP($A20,'[1]DATOS PBI Artículos'!$A:$A,'[1]DATOS PBI Artículos'!$AN:$AN))/(_xlfn.XLOOKUP($AJ$1,[1]CRITERIOS!$S$16:$S$39,[1]CRITERIOS!$Y$16:$Y$39))*$J20+$Z20)/$G20,0)*$G20, ((_xlfn.XLOOKUP($A20,'[1]DATOS PBI Artículos'!$A:$A,'[1]DATOS PBI Artículos'!$AN:$AN))/(_xlfn.XLOOKUP($AJ$1,[1]CRITERIOS!$S$16:$S$39,[1]CRITERIOS!$Y$16:$Y$39))*$J20+$Z20))) -> 231111.85 | AK20: =IF($R20="MTO","", IF($H20=0,ROUNDUP(((_xlfn.XLOOKUP($A20,'[1]DATOS PBI Artículos'!$A:$A,'[1]DATOS PBI Artículos'!$AO:$AO))/(_xlfn.XLOOKUP($AL$1,[1]CRITERIOS!$S$16:$S$39,[1]CRITERIOS!$Y$16:$Y$39))*$J20+$Z20)/$G20,0)*$G20, ((_xlfn.XLOOKUP($A20,'[1]DATOS PBI Artículos'!$A:$A,'[1]DATOS PBI Artículos'!$AO:$AO))/(_xlfn.XLOOKUP($AL$1,[1]CRITERIOS!$S$16:$S$39,[1]CRITERIOS!$Y$16:$Y$39))*$J20+$Z20))) -> 245657.28
A21: 451596F | B21: =_xlfn.XLOOKUP($A21,'[1]DATOS PBI Artículos'!A:A,'[1]DATOS PBI Artículos'!B:B) -> 0 | C21: =_xlfn.XLOOKUP($A21,'[1]DATOS PBI Artículos'!A:A,'[1]DATOS PBI Artículos'!C:C) -> UA03 | D21: =_xlfn.XLOOKUP(A21,'[1]DATOS PBI Artículos'!A:A,'[1]DATOS PBI Artículos'!T:T) -> 5 | E21: =IF(_xlfn.XLOOKUP($A21,'[1]DATOS PBI Artículos'!A:A,'[1]DATOS PBI Artículos'!AK:AK)="",_xlfn.XLOOKUP($A21,'[1]DATOS PBI Artículos'!A:A,'[1]DATOS PBI Artículos'!AJ:AJ),_xlfn.XLOOKUP($A21,'[1]DATOS PBI Artículos'!A:A,'[1]DATOS PBI Artículos'!AK:AK)) -> 514000 | F21: =_xlfn.XLOOKUP($A21,'[1]DATOS PBI Artículos'!A:A,'[1]DATOS PBI Artículos'!AP:AP) -> 14.75 | G21: =_xlfn.XLOOKUP($A21,'[1]DATOS PBI Artículos'!A:A,'[1]DATOS PBI Artículos'!AR:AR) -> 102000 | H21: =_xlfn.XLOOKUP($A21,'[1]DATOS PBI Artículos'!A:A,'[1]DATOS PBI Artículos'!AT:AT) -> 6260.9903 | I21: =_xlfn.XLOOKUP($A21,'[1]DATOS PBI Artículos'!A:A,'[1]DATOS PBI Artículos'!AS:AS) -> 2000 | J21: =IF(COUNTIF([1]CRITERIOS!$F$179:$F$199,$A21)>=1, IF(O21<>"", (O21/_xlfn.XLOOKUP(CONCATENATE(A21,L21),[1]MÁQUINAS!A:A,[1]MÁQUINAS!D:D))/24, (N21/_xlfn.XLOOKUP(CONCATENATE(A21,L21),[1]MÁQUINAS!A:A,[1]MÁQUINAS!D:D))/24), _xlfn.XLOOKUP($A21,'[1]DATOS PBI Artículos'!A:A,'[1]DATOS PBI Artículos'!AU:AU)) -> 50.928571 | K21: =_xlfn.XLOOKUP($A21,'[1]DATOS PBI Artículos'!A:A,'[1]DATOS PBI Artículos'!AV:AV) -> 14.139221 | L21: =_xlfn.XLOOKUP(A21,[1]MÁQUINAS!B:B,[1]MÁQUINAS!C:C) -> 136 | M21: {=_xlfn.XLOOKUP(A21,'[1]DATOS PBI Artículos'!A:A,'[1]DATOS PBI Artículos'!AX:$AX)} -> 74715.055 | N21: =IF(I21="DV", E21, IF(COUNTIF([1]CRITERIOS!$I$179:$I$199,$A21)>=1, _xlfn.XLOOKUP($A21,[1]CRITERIOS!$I$179:$I$199,[1]CRITERIOS!$J$179:$J$199), IF(COUNTIF([1]CRITERIOS!$L$179:$L$199,$A21)>=1, _xlfn.CEILING.MATH(IF($M21>$E21, $E21, IF($M21<$E21/ROUNDDOWN([1]CRITERIOS!$M$16/_xlfn.XLOOKUP($C21,[1]CRITERIOS!$K$25:$K$42,[1]CRITERIOS!$M$25:$M$42), 1), E21/ROUNDDOWN([1]CRITERIOS!$M$16/_xlfn.XLOOKUP($C21,[1]CRITERIOS!$K$25:$K$42,[1]CRITERIOS!$M$25:$M$42), 1), $M21)), _xlfn.XLOOKUP($A21,[1]CRITERIOS!$L$179:$L$200,[1]CRITERIOS!$M$179:$M$200)), _xlfn.CEILING.MATH(IF($M21>$E21, $E21, IF($M21<$E21/ROUNDDOWN([1]CRITERIOS!$M$16/_xlfn.XLOOKUP($C21,[1]CRITERIOS!$K$25:$K$42,[1]CRITERIOS!$M$25:$M$42), 1), E21/ROUNDDOWN([1]CRITERIOS!$M$16/_xlfn.XLOOKUP($C21,[1]CRITERIOS!$K$25:$K$42,[1]CRITERIOS!$M$25:$M$42), 1), $M21)),_xlfn.XLOOKUP(A21,'[1]DATOS PBI Artículos'!A:A,'[1]DATOS PBI Artículos'!Z:Z ))))) -> 140000 | Q21: =IF(AND(O21="",N21=0), 0, IF(COUNTIF([1]CRITERIOS!$F$179:$F$199,$A21)>=1, 1, IF(R21="MTO", $D21, ROUNDUP( IF(($E21-SUMIF('[1]DATOS PBI Artículos'!A:A,A21,'[1]DATOS PBI Artículos'!X:X)+($V21-_xlfn.XLOOKUP(A21,'[1]DATOS PBI Artículos'!A:A,'[1]DATOS PBI Artículos'!W:W)))<0, 0, IF(($E21-SUMIF('[1]DATOS PBI Artículos'!A:A,A21,'[1]DATOS PBI Artículos'!X:X)+$V21-_xlfn.XLOOKUP($A21,'[1]DATOS PBI Artículos'!A:A,'[1]DATOS PBI Artículos'!W:W))/IF($O21="",$N21,$O21)>ROUNDUP([1]CRITERIOS!$M$16/(IF(COUNTIF([1]CRITERIOS!$BG$11:$BG$201,L21)>=1,_xlfn.XLOOKUP($C21,[1]CRITERIOS!$K$25:$K$42,[1]CRITERIOS!$M$25:$M$42),_xlfn.XLOOKUP($C21,[1]CRITERIOS!$K$25:$K$42,[1]CRITERIOS!$M$25:$M$42))),0), ROUNDUP([1]CRITERIOS!$M$16/(IF(COUNTIF([1]CRITERIOS!$BG$11:$BG$201,$L21)>=1,_xlfn.XLOOKUP($C21,[1]CRITERIOS!$K$25:$K$42,[1]CRITERIOS!$M$25:$M$42),_xlfn.XLOOKUP($C21,[1]CRITERIOS!$K$25:$K$42,[1]CRITERIOS!$M$25:$M$42))),0), (E21+V21-SUMIF('[1]DATOS PBI Artículos'!A:A,A21,'[1]DATOS PBI Artículos'!X:X)-_xlfn.XLOOKUP(A21,'[1]DATOS PBI Artículos'!A:A,'[1]DATOS PBI Artículos'!W:W))/IF($O21="",$N21,$O21))),0)))) -> 4 | R21: =IF(U21<>"",U21,IF(F21="DV","MTO",IF(N21=0,"MTO",_xlfn.XLOOKUP(CONCATENATE(S21,T21),[1]CRITERIOS!$K$160:$K$168,[1]CRITERIOS!$N$160:$N$168)))) -> MTS | S21: =IF(G21="DV","MTO",IF(N21=0,"MTO",IF(OR(AND(N21=0,O21=""),IF(O21="",G21/N21,G21/O21)>[1]CRITERIOS!$G$163),"MTO",IF(IF(O21="",G21/N21,G21/O21)<[1]CRITERIOS!$H$161,"MTS","MTOS")))) -> MTOS | T21: =IF(F21="DV","MTO",IF(OR(AND($N21=0,O21=""),$F21/$J21>[1]CRITERIOS!$G$170,$F21="DV"),"MTO",IF($F21/$J21<[1]CRITERIOS!$H$168,"MTS","MTOS"))) -> MTS | V21: =IF(R21="MTO","", IF($H21=0,(((($J21/$F21)*$G21)+$Z21)/$G21)*$G21, (($J21/$F21)*$G21)+$Z21)) -> 438152.18 | X21: =IF(R21="MTO",0,V21+N21) -> 578152.18 | Y21: =IF(R21="MTO",0,Z21+(N21/2)) -> 155968.16 | Z21: =IF($R21="MTO", 0, ($H21+$K21*($E21/[1]CRITERIOS!$M$16))/[1]CRITERIOS!$X$48) -> 85968.157 | AA21: =ROUNDUP(($Y21/_xlfn.XLOOKUP($A21,'[1]DATOS PBI Artículos'!$A$4:$A$4,'[1]DATOS PBI Artículos'!$Z$4:$Z$4))/_xlfn.XLOOKUP(_xlfn.XLOOKUP($A21,'[1]DATOS PBI Artículos'!$A$4:$A$4,'[1]DATOS PBI Artículos'!$Y$4:$Y$4),[1]CRITERIOS!$P$79:$P$123,[1]CRITERIOS!$S$79:$S$123,),0) -> #N/A | AB21: {=IF((E21+V21-_xlfn.XLOOKUP(A21,'[1]DATOS PBI Artículos'!$A$4:$A$4,'[1]DATOS PBI Artículos'!$W$4:$W$4))/N21>ROUNDUP([1]CRITERIOS!$M$16/(IF(COUNTIF([1]CRITERIOS!$BG$11:$BG$201,L21)>=1,_xlfn.XLOOKUP(ARTÍCULOS!L21,[1]CRITERIOS!$BG$11:$BG$201,[1]CRITERIOS!$BJ$11:$BJ$201),_xlfn.XLOOKUP(ARTÍCULOS!C21,[1]CRITERIOS!$K$25:$K$42,[1]CRITERIOS!$M$25:$M$42))),0),ROUNDUP([1]CRITERIOS!$M$16/(IF(COUNTIF([1]CRITERIOS!$BG$11:$BG$201,L21)>=1,_xlfn.XLOOKUP(ARTÍCULOS!L21,[1]CRITERIOS!$BG$11:$BG$201:#REF!,[1]CRITERIOS!$BJ$11:$BJ$201),_xlfn.XLOOKUP(ARTÍCULOS!C21,[1]CRITERIOS!$K$25:$K$42,[1]CRITERIOS!$M$25:$M$42))),0),(E21+V21-_xlfn.XLOOKUP(A21,'[1]DATOS PBI Artículos'!$A$4:$A$4,'[1]DATOS PBI Artículos'!$W$4:$W$4))/N21)} -> #N/A | AC21: =IF(N21=0,"",(ROUNDUP((N21/2)/(_xlfn.XLOOKUP(A21,'[1]DATOS PBI Artículos'!$A$4:$A$4,'[1]DATOS PBI Artículos'!$Z$4:$Z$4)*_xlfn.XLOOKUP(_xlfn.XLOOKUP(A21,'[1]DATOS PBI Artículos'!$A$4:$A$4,'[1]DATOS PBI Artículos'!$Y$4:$Y$4),[1]CRITERIOS!$P$79:$P$123,[1]CRITERIOS!$S$79:$S$123)),0)*[1]CRITERIOS!$M$80*([1]CRITERIOS!$M$110/[1]CRITERIOS!$M$86)+(_xlfn.XLOOKUP(A21,'[1]DATOS PBI Artículos'!$A$4:$A$4,'[1]DATOS PBI Artículos'!$AA$4:$AA$4)*([1]CRITERIOS!$M$95+[1]CRITERIOS!$M$98)))/N21) -> #N/A | AD21: =IF(N21=0,"",(ROUNDUP((N21/2)/(_xlfn.XLOOKUP(A21,'[1]DATOS PBI Artículos'!$A$4:$A$4,'[1]DATOS PBI Artículos'!$Z$4:$Z$4)*_xlfn.XLOOKUP(_xlfn.XLOOKUP(A21,'[1]DATOS PBI Artículos'!$A$4:$A$4,'[1]DATOS PBI Artículos'!$Y$4:$Y$4),[1]CRITERIOS!$P$79:$P$123,[1]CRITERIOS!$S$79:$S$123)),0)*[1]CRITERIOS!$M$80*([1]CRITERIOS!$M$89*[1]CRITERIOS!$M$92)+((_xlfn.XLOOKUP(A21,'[1]DATOS PBI Artículos'!$A$4:$A$4,'[1]DATOS PBI Artículos'!$AA$4:$AA$4)/2)*([1]CRITERIOS!$M$95+[1]CRITERIOS!$M$98)))/N21) -> #N/A | AE21: =IF($R21="MTO","", IF($H21=0,ROUNDUP(((_xlfn.XLOOKUP($A21,'[1]DATOS PBI Artículos'!$A:$A,'[1]DATOS PBI Artículos'!$AL:$AL))/(_xlfn.XLOOKUP($AF$1,[1]CRITERIOS!$S$16:$S$39,[1]CRITERIOS!$Y$16:$Y$39))*$J21+$Z21)/$G21,0)*$G21, ((_xlfn.XLOOKUP($A21,'[1]DATOS PBI Artículos'!$A:$A,'[1]DATOS PBI Artículos'!$AL:$AL))/(_xlfn.XLOOKUP($AF$1,[1]CRITERIOS!$S$16:$S$39,[1]CRITERIOS!$Y$16:$Y$39))*$J21+$Z21))) -> 530013.38 | AG21: =IF($R21="MTO","", IF($H21=0,ROUNDUP(((_xlfn.XLOOKUP($A21,'[1]DATOS PBI Artículos'!$A:$A,'[1]DATOS PBI Artículos'!$AM:$AM))/(_xlfn.XLOOKUP($AH$1,[1]CRITERIOS!$S$16:$S$39,[1]CRITERIOS!$Y$16:$Y$39))*$J21+$Z21)/$G21,0)*$G21, ((_xlfn.XLOOKUP($A21,'[1]DATOS PBI Artículos'!$A:$A,'[1]DATOS PBI Artículos'!$AM:$AM))/(_xlfn.XLOOKUP($AH$1,[1]CRITERIOS!$S$16:$S$39,[1]CRITERIOS!$Y$16:$Y$39))*$J21+$Z21))) -> 404934.49 | AI21: =IF($R21="MTO","", IF($H21=0,ROUNDUP(((_xlfn.XLOOKUP($A21,'[1]DATOS PBI Artículos'!$A:$A,'[1]DATOS PBI Artículos'!$AN:$AN))/(_xlfn.XLOOKUP($AJ$1,[1]CRITERIOS!$S$16:$S$39,[1]CRITERIOS!$Y$16:$Y$39))*$J21+$Z21)/$G21,0)*$G21, ((_xlfn.XLOOKUP($A21,'[1]DATOS PBI Artículos'!$A:$A,'[1]DATOS PBI Artículos'!$AN:$AN))/(_xlfn.XLOOKUP($AJ$1,[1]CRITERIOS!$S$16:$S$39,[1]CRITERIOS!$Y$16:$Y$39))*$J21+$Z21))) -> 468009.83 | AK21: =IF($R21="MTO","", IF($H21=0,ROUNDUP(((_xlfn.XLOOKUP($A21,'[1]DATOS PBI Artículos'!$A:$A,'[1]DATOS PBI Artículos'!$AO:$AO))/(_xlfn.XLOOKUP($AL$1,[1]CRITERIOS!$S$16:$S$39,[1]CRITERIOS!$Y$16:$Y$39))*$J21+$Z21)/$G21,0)*$G21, ((_xlfn.XLOOKUP($A21,'[1]DATOS PBI Artículos'!$A:$A,'[1]DATOS PBI Artículos'!$AO:$AO))/(_xlfn.XLOOKUP($AL$1,[1]CRITERIOS!$S$16:$S$39,[1]CRITERIOS!$Y$16:$Y$39))*$J21+$Z21))) -> 502049.66
A22: 451811 | B22: =_xlfn.XLOOKUP($A22,'[1]DATOS PBI Artículos'!A:A,'[1]DATOS PBI Artículos'!B:B) -> 0 | C22: =_xlfn.XLOOKUP($A22,'[1]DATOS PBI Artículos'!A:A,'[1]DATOS PBI Artículos'!C:C) -> UA03 | D22: =_xlfn.XLOOKUP(A22,'[1]DATOS PBI Artículos'!A:A,'[1]DATOS PBI Artículos'!T:T) -> 4 | E22: =IF(_xlfn.XLOOKUP($A22,'[1]DATOS PBI Artículos'!A:A,'[1]DATOS PBI Artículos'!AK:AK)="",_xlfn.XLOOKUP($A22,'[1]DATOS PBI Artículos'!A:A,'[1]DATOS PBI Artículos'!AJ:AJ),_xlfn.XLOOKUP($A22,'[1]DATOS PBI Artículos'!A:A,'[1]DATOS PBI Artículos'!AK:AK)) -> 500000 | F22: =_xlfn.XLOOKUP($A22,'[1]DATOS PBI Artículos'!A:A,'[1]DATOS PBI Artículos'!AP:AP) -> 21.666667 | G22: =_xlfn.XLOOKUP($A22,'[1]DATOS PBI Artículos'!A:A,'[1]DATOS PBI Artículos'!AR:AR) -> 150000 | H22: =_xlfn.XLOOKUP($A22,'[1]DATOS PBI Artículos'!A:A,'[1]DATOS PBI Artículos'!AT:AT) -> 28867.513 | I22: =_xlfn.XLOOKUP($A22,'[1]DATOS PBI Artículos'!A:A,'[1]DATOS PBI Artículos'!AS:AS) -> 50000 | J22: =IF(COUNTIF([1]CRITERIOS!$F$179:$F$199,$A22)>=1, IF(O22<>"", (O22/_xlfn.XLOOKUP(CONCATENATE(A22,L22),[1]MÁQUINAS!A:A,[1]MÁQUINAS!D:D))/24, (N22/_xlfn.XLOOKUP(CONCATENATE(A22,L22),[1]MÁQUINAS!A:A,[1]MÁQUINAS!D:D))/24), _xlfn.XLOOKUP($A22,'[1]DATOS PBI Artículos'!A:A,'[1]DATOS PBI Artículos'!AU:AU)) -> 1.4583333 | K22: =_xlfn.XLOOKUP($A22,'[1]DATOS PBI Artículos'!A:A,'[1]DATOS PBI Artículos'!AV:AV) -> 5.6921963 | L22: =_xlfn.XLOOKUP(A22,[1]MÁQUINAS!B:B,[1]MÁQUINAS!C:C) -> 109 | M22: {=_xlfn.XLOOKUP(A22,'[1]DATOS PBI Artículos'!A:A,'[1]DATOS PBI Artículos'!AX:$AX)} -> 65895.107 | N22: =IF(I22="DV", E22, IF(COUNTIF([1]CRITERIOS!$I$179:$I$199,$A22)>=1, _xlfn.XLOOKUP($A22,[1]CRITERIOS!$I$179:$I$199,[1]CRITERIOS!$J$179:$J$199), IF(COUNTIF([1]CRITERIOS!$L$179:$L$199,$A22)>=1, _xlfn.CEILING.MATH(IF($M22>$E22, $E22, IF($M22<$E22/ROUNDDOWN([1]CRITERIOS!$M$16/_xlfn.XLOOKUP($C22,[1]CRITERIOS!$K$25:$K$42,[1]CRITERIOS!$M$25:$M$42), 1), E22/ROUNDDOWN([1]CRITERIOS!$M$16/_xlfn.XLOOKUP($C22,[1]CRITERIOS!$K$25:$K$42,[1]CRITERIOS!$M$25:$M$42), 1), $M22)), _xlfn.XLOOKUP($A22,[1]CRITERIOS!$L$179:$L$200,[1]CRITERIOS!$M$179:$M$200)), _xlfn.CEILING.MATH(IF($M22>$E22, $E22, IF($M22<$E22/ROUNDDOWN([1]CRITERIOS!$M$16/_xlfn.XLOOKUP($C22,[1]CRITERIOS!$K$25:$K$42,[1]CRITERIOS!$M$25:$M$42), 1), E22/ROUNDDOWN([1]CRITERIOS!$M$16/_xlfn.XLOOKUP($C22,[1]CRITERIOS!$K$25:$K$42,[1]CRITERIOS!$M$25:$M$42), 1), $M22)),_xlfn.XLOOKUP(A22,'[1]DATOS PBI Artículos'!A:A,'[1]DATOS PBI Artículos'!Z:Z ))))) -> 140000 | Q22: =IF(AND(O22="",N22=0), 0, IF(COUNTIF([1]CRITERIOS!$F$179:$F$199,$A22)>=1, 1, IF(R22="MTO", $D22, ROUNDUP( IF(($E22-SUMIF('[1]DATOS PBI Artículos'!A:A,A22,'[1]DATOS PBI Artículos'!X:X)+($V22-_xlfn.XLOOKUP(A22,'[1]DATOS PBI Artículos'!A:A,'[1]DATOS PBI Artículos'!W:W)))<0, 0, IF(($E22-SUMIF('[1]DATOS PBI Artículos'!A:A,A22,'[1]DATOS PBI Artículos'!X:X)+$V22-_xlfn.XLOOKUP($A22,'[1]DATOS PBI Artículos'!A:A,'[1]DATOS PBI Artículos'!W:W))/IF($O22="",$N22,$O22)>ROUNDUP([1]CRITERIOS!$M$16/(IF(COUNTIF([1]CRITERIOS!$BG$11:$BG$201,L22)>=1,_xlfn.XLOOKUP($C22,[1]CRITERIOS!$K$25:$K$42,[1]CRITERIOS!$M$25:$M$42),_xlfn.XLOOKUP($C22,[1]CRITERIOS!$K$25:$K$42,[1]CRITERIOS!$M$25:$M$42))),0), ROUNDUP([1]CRITERIOS!$M$16/(IF(COUNTIF([1]CRITERIOS!$BG$11:$BG$201,$L22)>=1,_xlfn.XLOOKUP($C22,[1]CRITERIOS!$K$25:$K$42,[1]CRITERIOS!$M$25:$M$42),_xlfn.XLOOKUP($C22,[1]CRITERIOS!$K$25:$K$42,[1]CRITERIOS!$M$25:$M$42))),0), (E22+V22-SUMIF('[1]DATOS PBI Artículos'!A:A,A22,'[1]DATOS PBI Artículos'!X:X)-_xlfn.XLOOKUP(A22,'[1]DATOS PBI Artículos'!A:A,'[1]DATOS PBI Artículos'!W:W))/IF($O22="",$N22,$O22))),0)))) -> 1 | R22: =IF(U22<>"",U22,IF(F22="DV","MTO",IF(N22=0,"MTO",_xlfn.XLOOKUP(CONCATENATE(S22,T22),[1]CRITERIOS!$K$160:$K$168,[1]CRITERIOS!$N$160:$N$168)))) -> MTO | S22: =IF(G22="DV","MTO",IF(N22=0,"MTO",IF(OR(AND(N22=0,O22=""),IF(O22="",G22/N22,G22/O22)>[1]CRITERIOS!$G$163),"MTO",IF(IF(O22="",G22/N22,G22/O22)<[1]CRITERIOS!$H$161,"MTS","MTOS")))) -> MTO | T22: =IF(F22="DV","MTO",IF(OR(AND($N22=0,O22=""),$F22/$J22>[1]CRITERIOS!$G$170,$F22="DV"),"MTO",IF($F22/$J22<[1]CRITERIOS!$H$168,"MTS","MTOS"))) -> MTO | V22: =IF(R22="MTO","", IF($H22=0,(((($J22/$F22)*$G22)+$Z22)/$G22)*$G22, (($J22/$F22)*$G22)+$Z22)) | X22: =IF(R22="MTO",0,V22+N22) -> 0 | Y22: =IF(R22="MTO",0,Z22+(N22/2)) -> 0 | Z22: =IF($R22="MTO", 0, ($H22+$K22*($E22/[1]CRITERIOS!$M$16))/[1]CRITERIOS!$X$48) -> 0 | AA22: =ROUNDUP(($Y22/_xlfn.XLOOKUP($A22,'[1]DATOS PBI Artículos'!$A$4:$A$4,'[1]DATOS PBI Artículos'!$Z$4:$Z$4))/_xlfn.XLOOKUP(_xlfn.XLOOKUP($A22,'[1]DATOS PBI Artículos'!$A$4:$A$4,'[1]DATOS PBI Artículos'!$Y$4:$Y$4),[1]CRITERIOS!$P$79:$P$123,[1]CRITERIOS!$S$79:$S$123,),0) -> #N/A | AB22: {=IF((E22+V22-_xlfn.XLOOKUP(A22,'[1]DATOS PBI Artículos'!$A$4:$A$4,'[1]DATOS PBI Artículos'!$W$4:$W$4))/N22>ROUNDUP([1]CRITERIOS!$M$16/(IF(COUNTIF([1]CRITERIOS!$BG$11:$BG$201,L22)>=1,_xlfn.XLOOKUP(ARTÍCULOS!L22,[1]CRITERIOS!$BG$11:$BG$201,[1]CRITERIOS!$BJ$11:$BJ$201),_xlfn.XLOOKUP(ARTÍCULOS!C22,[1]CRITERIOS!$K$25:$K$42,[1]CRITERIOS!$M$25:$M$42))),0),ROUNDUP([1]CRITERIOS!$M$16/(IF(COUNTIF([1]CRITERIOS!$BG$11:$BG$201,L22)>=1,_xlfn.XLOOKUP(ARTÍCULOS!L22,[1]CRITERIOS!$BG$11:$BG$201:#REF!,[1]CRITERIOS!$BJ$11:$BJ$201),_xlfn.XLOOKUP(ARTÍCULOS!C22,[1]CRITERIOS!$K$25:$K$42,[1]CRITERIOS!$M$25:$M$42))),0),(E22+V22-_xlfn.XLOOKUP(A22,'[1]DATOS PBI Artículos'!$A$4:$A$4,'[1]DATOS PBI Artículos'!$W$4:$W$4))/N22)} -> #VALUE! | AC22: =IF(N22=0,"",(ROUNDUP((N22/2)/(_xlfn.XLOOKUP(A22,'[1]DATOS PBI Artículos'!$A$4:$A$4,'[1]DATOS PBI Artículos'!$Z$4:$Z$4)*_xlfn.XLOOKUP(_xlfn.XLOOKUP(A22,'[1]DATOS PBI Artículos'!$A$4:$A$4,'[1]DATOS PBI Artículos'!$Y$4:$Y$4),[1]CRITERIOS!$P$79:$P$123,[1]CRITERIOS!$S$79:$S$123)),0)*[1]CRITERIOS!$M$80*([1]CRITERIOS!$M$110/[1]CRITERIOS!$M$86)+(_xlfn.XLOOKUP(A22,'[1]DATOS PBI Artículos'!$A$4:$A$4,'[1]DATOS PBI Artículos'!$AA$4:$AA$4)*([1]CRITERIOS!$M$95+[1]CRITERIOS!$M$98)))/N22) -> #N/A | AD22: =IF(N22=0,"",(ROUNDUP((N22/2)/(_xlfn.XLOOKUP(A22,'[1]DATOS PBI Artículos'!$A$4:$A$4,'[1]DATOS PBI Artículos'!$Z$4:$Z$4)*_xlfn.XLOOKUP(_xlfn.XLOOKUP(A22,'[1]DATOS PBI Artículos'!$A$4:$A$4,'[1]DATOS PBI Artículos'!$Y$4:$Y$4),[1]CRITERIOS!$P$79:$P$123,[1]CRITERIOS!$S$79:$S$123)),0)*[1]CRITERIOS!$M$80*([1]CRITERIOS!$M$89*[1]CRITERIOS!$M$92)+((_xlfn.XLOOKUP(A22,'[1]DATOS PBI Artículos'!$A$4:$A$4,'[1]DATOS PBI Artículos'!$AA$4:$AA$4)/2)*([1]CRITERIOS!$M$95+[1]CRITERIOS!$M$98)))/N22) -> #N/A | AE22: =IF($R22="MTO","", IF($H22=0,ROUNDUP(((_xlfn.XLOOKUP($A22,'[1]DATOS PBI Artículos'!$A:$A,'[1]DATOS PBI Artículos'!$AL:$AL))/(_xlfn.XLOOKUP($AF$1,[1]CRITERIOS!$S$16:$S$39,[1]CRITERIOS!$Y$16:$Y$39))*$J22+$Z22)/$G22,0)*$G22, ((_xlfn.XLOOKUP($A22,'[1]DATOS PBI Artículos'!$A:$A,'[1]DATOS PBI Artículos'!$AL:$AL))/(_xlfn.XLOOKUP($AF$1,[1]CRITERIOS!$S$16:$S$39,[1]CRITERIOS!$Y$16:$Y$39))*$J22+$Z22))) | AG22: =IF($R22="MTO","", IF($H22=0,ROUNDUP(((_xlfn.XLOOKUP($A22,'[1]DATOS PBI Artículos'!$A:$A,'[1]DATOS PBI Artículos'!$AM:$AM))/(_xlfn.XLOOKUP($AH$1,[1]CRITERIOS!$S$16:$S$39,[1]CRITERIOS!$Y$16:$Y$39))*$J22+$Z22)/$G22,0)*$G22, ((_xlfn.XLOOKUP($A22,'[1]DATOS PBI Artículos'!$A:$A,'[1]DATOS PBI Artículos'!$AM:$AM))/(_xlfn.XLOOKUP($AH$1,[1]CRITERIOS!$S$16:$S$39,[1]CRITERIOS!$Y$16:$Y$39))*$J22+$Z22))) | AI22: =IF($R22="MTO","", IF($H22=0,ROUNDUP(((_xlfn.XLOOKUP($A22,'[1]DATOS PBI Artículos'!$A:$A,'[1]DATOS PBI Artículos'!$AN:$AN))/(_xlfn.XLOOKUP($AJ$1,[1]CRITERIOS!$S$16:$S$39,[1]CRITERIOS!$Y$16:$Y$39))*$J22+$Z22)/$G22,0)*$G22, ((_xlfn.XLOOKUP($A22,'[1]DATOS PBI Artículos'!$A:$A,'[1]DATOS PBI Artículos'!$AN:$AN))/(_xlfn.XLOOKUP($AJ$1,[1]CRITERIOS!$S$16:$S$39,[1]CRITERIOS!$Y$16:$Y$39))*$J22+$Z22))) | AK22: =IF($R22="MTO","", IF($H22=0,ROUNDUP(((_xlfn.XLOOKUP($A22,'[1]DATOS PBI Artículos'!$A:$A,'[1]DATOS PBI Artículos'!$AO:$AO))/(_xlfn.XLOOKUP($AL$1,[1]CRITERIOS!$S$16:$S$39,[1]CRITERIOS!$Y$16:$Y$39))*$J22+$Z22)/$G22,0)*$G22, ((_xlfn.XLOOKUP($A22,'[1]DATOS PBI Artículos'!$A:$A,'[1]DATOS PBI Artículos'!$AO:$AO))/(_xlfn.XLOOKUP($AL$1,[1]CRITERIOS!$S$16:$S$39,[1]CRITERIOS!$Y$16:$Y$39))*$J22+$Z22)))
A23: 450962 | B23: =_xlfn.XLOOKUP($A23,'[1]DATOS PBI Artículos'!A:A,'[1]DATOS PBI Artículos'!B:B) -> 0 | C23: =_xlfn.XLOOKUP($A23,'[1]DATOS PBI Artículos'!A:A,'[1]DATOS PBI Artículos'!C:C) -> UA03 | D23: =_xlfn.XLOOKUP(A23,'[1]DATOS PBI Artículos'!A:A,'[1]DATOS PBI Artículos'!T:T) -> 15 | E23: =IF(_xlfn.XLOOKUP($A23,'[1]DATOS PBI Artículos'!A:A,'[1]DATOS PBI Artículos'!AK:AK)="",_xlfn.XLOOKUP($A23,'[1]DATOS PBI Artículos'!A:A,'[1]DATOS PBI Artículos'!AJ:AJ),_xlfn.XLOOKUP($A23,'[1]DATOS PBI Artículos'!A:A,'[1]DATOS PBI Artículos'!AK:AK)) -> 474045 | F23: =_xlfn.XLOOKUP($A23,'[1]DATOS PBI Artículos'!A:A,'[1]DATOS PBI Artículos'!AP:AP) -> 3.6315789 | G23: =_xlfn.XLOOKUP($A23,'[1]DATOS PBI Artículos'!A:A,'[1]DATOS PBI Artículos'!AR:AR) -> 22440 | H23: =_xlfn.XLOOKUP($A23,'[1]DATOS PBI Artículos'!A:A,'[1]DATOS PBI Artículos'!AT:AT) -> 20562.17 | I23: =_xlfn.XLOOKUP($A23,'[1]DATOS PBI Artículos'!A:A,'[1]DATOS PBI Artículos'!AS:AS) -> 2805 | J23: =IF(COUNTIF([1]CRITERIOS!$F$179:$F$199,$A23)>=1, IF(O23<>"", (O23/_xlfn.XLOOKUP(CONCATENATE(A23,L23),[1]MÁQUINAS!A:A,[1]MÁQUINAS!D:D))/24, (N23/_xlfn.XLOOKUP(CONCATENATE(A23,L23),[1]MÁQUINAS!A:A,[1]MÁQUINAS!D:D))/24), _xlfn.XLOOKUP($A23,'[1]DATOS PBI Artículos'!A:A,'[1]DATOS PBI Artículos'!AU:AU)) -> 17.142857 | K23: =_xlfn.XLOOKUP($A23,'[1]DATOS PBI Artículos'!A:A,'[1]DATOS PBI Artículos'!AV:AV) -> 3.9880775 | L23: =_xlfn.XLOOKUP(A23,[1]MÁQUINAS!B:B,[1]MÁQUINAS!C:C) -> 142 | M23: {=_xlfn.XLOOKUP(A23,'[1]DATOS PBI Artículos'!A:A,'[1]DATOS PBI Artículos'!AX:$AX)} -> 71301.474 | N23: =IF(I23="DV", E23, IF(COUNTIF([1]CRITERIOS!$I$179:$I$199,$A23)>=1, _xlfn.XLOOKUP($A23,[1]CRITERIOS!$I$179:$I$199,[1]CRITERIOS!$J$179:$J$199), IF(COUNTIF([1]CRITERIOS!$L$179:$L$199,$A23)>=1, _xlfn.CEILING.MATH(IF($M23>$E23, $E23, IF($M23<$E23/ROUNDDOWN([1]CRITERIOS!$M$16/_xlfn.XLOOKUP($C23,[1]CRITERIOS!$K$25:$K$42,[1]CRITERIOS!$M$25:$M$42), 1), E23/ROUNDDOWN([1]CRITERIOS!$M$16/_xlfn.XLOOKUP($C23,[1]CRITERIOS!$K$25:$K$42,[1]CRITERIOS!$M$25:$M$42), 1), $M23)), _xlfn.XLOOKUP($A23,[1]CRITERIOS!$L$179:$L$200,[1]CRITERIOS!$M$179:$M$200)), _xlfn.CEILING.MATH(IF($M23>$E23, $E23, IF($M23<$E23/ROUNDDOWN([1]CRITERIOS!$M$16/_xlfn.XLOOKUP($C23,[1]CRITERIOS!$K$25:$K$42,[1]CRITERIOS!$M$25:$M$42), 1), E23/ROUNDDOWN([1]CRITERIOS!$M$16/_xlfn.XLOOKUP($C23,[1]CRITERIOS!$K$25:$K$42,[1]CRITERIOS!$M$25:$M$42), 1), $M23)),_xlfn.XLOOKUP(A23,'[1]DATOS PBI Artículos'!A:A,'[1]DATOS PBI Artículos'!Z:Z ))))) -> 129030 | Q23: =IF(AND(O23="",N23=0), 0, IF(COUNTIF([1]CRITERIOS!$F$179:$F$199,$A23)>=1, 1, IF(R23="MTO", $D23, ROUNDUP( IF(($E23-SUMIF('[1]DATOS PBI Artículos'!A:A,A23,'[1]DATOS PBI Artículos'!X:X)+($V23-_xlfn.XLOOKUP(A23,'[1]DATOS PBI Artículos'!A:A,'[1]DATOS PBI Artículos'!W:W)))<0, 0, IF(($E23-SUMIF('[1]DATOS PBI Artículos'!A:A,A23,'[1]DATOS PBI Artículos'!X:X)+$V23-_xlfn.XLOOKUP($A23,'[1]DATOS PBI Artículos'!A:A,'[1]DATOS PBI Artículos'!W:W))/IF($O23="",$N23,$O23)>ROUNDUP([1]CRITERIOS!$M$16/(IF(COUNTIF([1]CRITERIOS!$BG$11:$BG$201,L23)>=1,_xlfn.XLOOKUP($C23,[1]CRITERIOS!$K$25:$K$42,[1]CRITERIOS!$M$25:$M$42),_xlfn.XLOOKUP($C23,[1]CRITERIOS!$K$25:$K$42,[1]CRITERIOS!$M$25:$M$42))),0), ROUNDUP([1]CRITERIOS!$M$16/(IF(COUNTIF([1]CRITERIOS!$BG$11:$BG$201,$L23)>=1,_xlfn.XLOOKUP($C23,[1]CRITERIOS!$K$25:$K$42,[1]CRITERIOS!$M$25:$M$42),_xlfn.XLOOKUP($C23,[1]CRITERIOS!$K$25:$K$42,[1]CRITERIOS!$M$25:$M$42))),0), (E23+V23-SUMIF('[1]DATOS PBI Artículos'!A:A,A23,'[1]DATOS PBI Artículos'!X:X)-_xlfn.XLOOKUP(A23,'[1]DATOS PBI Artículos'!A:A,'[1]DATOS PBI Artículos'!W:W))/IF($O23="",$N23,$O23))),0)))) -> 4 | R23: =IF(U23<>"",U23,IF(F23="DV","MTO",IF(N23=0,"MTO",_xlfn.XLOOKUP(CONCATENATE(S23,T23),[1]CRITERIOS!$K$160:$K$168,[1]CRITERIOS!$N$160:$N$168)))) -> MTS | S23: =IF(G23="DV","MTO",IF(N23=0,"MTO",IF(OR(AND(N23=0,O23=""),IF(O23="",G23/N23,G23/O23)>[1]CRITERIOS!$G$163),"MTO",IF(IF(O23="",G23/N23,G23/O23)<[1]CRITERIOS!$H$161,"MTS","MTOS")))) -> MTS | T23: =IF(F23="DV","MTO",IF(OR(AND($N23=0,O23=""),$F23/$J23>[1]CRITERIOS!$G$170,$F23="DV"),"MTO",IF($F23/$J23<[1]CRITERIOS!$H$168,"MTS","MTOS"))) -> MTS | V23: =IF(R23="MTO","", IF($H23=0,(((($J23/$F23)*$G23)+$Z23)/$G23)*$G23, (($J23/$F23)*$G23)+$Z23)) -> 144068.96 | X23: =IF(R23="MTO",0,V23+N23) -> 273098.96 | Y23: =IF(R23="MTO",0,Z23+(N23/2)) -> 102656.01 | Z23: =IF($R23="MTO", 0, ($H23+$K23*($E23/[1]CRITERIOS!$M$16))/[1]CRITERIOS!$X$48) -> 38141.01 | AA23: =ROUNDUP(($Y23/_xlfn.XLOOKUP($A23,'[1]DATOS PBI Artículos'!$A$4:$A$4,'[1]DATOS PBI Artículos'!$Z$4:$Z$4))/_xlfn.XLOOKUP(_xlfn.XLOOKUP($A23,'[1]DATOS PBI Artículos'!$A$4:$A$4,'[1]DATOS PBI Artículos'!$Y$4:$Y$4),[1]CRITERIOS!$P$79:$P$123,[1]CRITERIOS!$S$79:$S$123,),0) -> #N/A | AB23: {=IF((E23+V23-_xlfn.XLOOKUP(A23,'[1]DATOS PBI Artículos'!$A$4:$A$4,'[1]DATOS PBI Artículos'!$W$4:$W$4))/N23>ROUNDUP([1]CRITERIOS!$M$16/(IF(COUNTIF([1]CRITERIOS!$BG$11:$BG$201,L23)>=1,_xlfn.XLOOKUP(ARTÍCULOS!L23,[1]CRITERIOS!$BG$11:$BG$201,[1]CRITERIOS!$BJ$11:$BJ$201),_xlfn.XLOOKUP(ARTÍCULOS!C23,[1]CRITERIOS!$K$25:$K$42,[1]CRITERIOS!$M$25:$M$42))),0),ROUNDUP([1]CRITERIOS!$M$16/(IF(COUNTIF([1]CRITERIOS!$BG$11:$BG$201,L23)>=1,_xlfn.XLOOKUP(ARTÍCULOS!L23,[1]CRITERIOS!$BG$11:$BG$201:#REF!,[1]CRITERIOS!$BJ$11:$BJ$201),_xlfn.XLOOKUP(ARTÍCULOS!C23,[1]CRITERIOS!$K$25:$K$42,[1]CRITERIOS!$M$25:$M$42))),0),(E23+V23-_xlfn.XLOOKUP(A23,'[1]DATOS PBI Artículos'!$A$4:$A$4,'[1]DATOS PBI Artículos'!$W$4:$W$4))/N23)} -> #N/A | AC23: =IF(N23=0,"",(ROUNDUP((N23/2)/(_xlfn.XLOOKUP(A23,'[1]DATOS PBI Artículos'!$A$4:$A$4,'[1]DATOS PBI Artículos'!$Z$4:$Z$4)*_xlfn.XLOOKUP(_xlfn.XLOOKUP(A23,'[1]DATOS PBI Artículos'!$A$4:$A$4,'[1]DATOS PBI Artículos'!$Y$4:$Y$4),[1]CRITERIOS!$P$79:$P$123,[1]CRITERIOS!$S$79:$S$123)),0)*[1]CRITERIOS!$M$80*([1]CRITERIOS!$M$110/[1]CRITERIOS!$M$86)+(_xlfn.XLOOKUP(A23,'[1]DATOS PBI Artículos'!$A$4:$A$4,'[1]DATOS PBI Artículos'!$AA$4:$AA$4)*([1]CRITERIOS!$M$95+[1]CRITERIOS!$M$98)))/N23) -> #N/A | AD23: =IF(N23=0,"",(ROUNDUP((N23/2)/(_xlfn.XLOOKUP(A23,'[1]DATOS PBI Artículos'!$A$4:$A$4,'[1]DATOS PBI Artículos'!$Z$4:$Z$4)*_xlfn.XLOOKUP(_xlfn.XLOOKUP(A23,'[1]DATOS PBI Artículos'!$A$4:$A$4,'[1]DATOS PBI Artículos'!$Y$4:$Y$4),[1]CRITERIOS!$P$79:$P$123,[1]CRITERIOS!$S$79:$S$123)),0)*[1]CRITERIOS!$M$80*([1]CRITERIOS!$M$89*[1]CRITERIOS!$M$92)+((_xlfn.XLOOKUP(A23,'[1]DATOS PBI Artículos'!$A$4:$A$4,'[1]DATOS PBI Artículos'!$AA$4:$AA$4)/2)*([1]CRITERIOS!$M$95+[1]CRITERIOS!$M$98)))/N23) -> #N/A | AE23: =IF($R23="MTO","", IF($H23=0,ROUNDUP(((_xlfn.XLOOKUP($A23,'[1]DATOS PBI Artículos'!$A:$A,'[1]DATOS PBI Artículos'!$AL:$AL))/(_xlfn.XLOOKUP($AF$1,[1]CRITERIOS!$S$16:$S$39,[1]CRITERIOS!$Y$16:$Y$39))*$J23+$Z23)/$G23,0)*$G23, ((_xlfn.XLOOKUP($A23,'[1]DATOS PBI Artículos'!$A:$A,'[1]DATOS PBI Artículos'!$AL:$AL))/(_xlfn.XLOOKUP($AF$1,[1]CRITERIOS!$S$16:$S$39,[1]CRITERIOS!$Y$16:$Y$39))*$J23+$Z23))) -> 175990.56 | AG23: =IF($R23="MTO","", IF($H23=0,ROUNDUP(((_xlfn.XLOOKUP($A23,'[1]DATOS PBI Artículos'!$A:$A,'[1]DATOS PBI Artículos'!$AM:$AM))/(_xlfn.XLOOKUP($AH$1,[1]CRITERIOS!$S$16:$S$39,[1]CRITERIOS!$Y$16:$Y$39))*$J23+$Z23)/$G23,0)*$G23, ((_xlfn.XLOOKUP($A23,'[1]DATOS PBI Artículos'!$A:$A,'[1]DATOS PBI Artículos'!$AM:$AM))/(_xlfn.XLOOKUP($AH$1,[1]CRITERIOS!$S$16:$S$39,[1]CRITERIOS!$Y$16:$Y$39))*$J23+$Z23))) -> 137161.03 | AI23: =IF($R23="MTO","", IF($H23=0,ROUNDUP(((_xlfn.XLOOKUP($A23,'[1]DATOS PBI Artículos'!$A:$A,'[1]DATOS PBI Artículos'!$AN:$AN))/(_xlfn.XLOOKUP($AJ$1,[1]CRITERIOS!$S$16:$S$39,[1]CRITERIOS!$Y$16:$Y$39))*$J23+$Z23)/$G23,0)*$G23, ((_xlfn.XLOOKUP($A23,'[1]DATOS PBI Artículos'!$A:$A,'[1]DATOS PBI Artículos'!$AN:$AN))/(_xlfn.XLOOKUP($AJ$1,[1]CRITERIOS!$S$16:$S$39,[1]CRITERIOS!$Y$16:$Y$39))*$J23+$Z23))) -> 156742.16 | AK23: =IF($R23="MTO","", IF($H23=0,ROUNDUP(((_xlfn.XLOOKUP($A23,'[1]DATOS PBI Artículos'!$A:$A,'[1]DATOS PBI Artículos'!$AO:$AO))/(_xlfn.XLOOKUP($AL$1,[1]CRITERIOS!$S$16:$S$39,[1]CRITERIOS!$Y$16:$Y$39))*$J23+$Z23)/$G23,0)*$G23, ((_xlfn.XLOOKUP($A23,'[1]DATOS PBI Artículos'!$A:$A,'[1]DATOS PBI Artículos'!$AO:$AO))/(_xlfn.XLOOKUP($AL$1,[1]CRITERIOS!$S$16:$S$39,[1]CRITERIOS!$Y$16:$Y$39))*$J23+$Z23))) -> 167309.5
A24: 450431 | B24: =_xlfn.XLOOKUP($A24,'[1]DATOS PBI Artículos'!A:A,'[1]DATOS PBI Artículos'!B:B) -> 0 | C24: =_xlfn.XLOOKUP($A24,'[1]DATOS PBI Artículos'!A:A,'[1]DATOS PBI Artículos'!C:C) -> UA03 | D24: =_xlfn.XLOOKUP(A24,'[1]DATOS PBI Artículos'!A:A,'[1]DATOS PBI Artículos'!T:T) -> 16 | E24: =IF(_xlfn.XLOOKUP($A24,'[1]DATOS PBI Artículos'!A:A,'[1]DATOS PBI Artículos'!AK:AK)="",_xlfn.XLOOKUP($A24,'[1]DATOS PBI Artículos'!A:A,'[1]DATOS PBI Artículos'!AJ:AJ),_xlfn.XLOOKUP($A24,'[1]DATOS PBI Artículos'!A:A,'[1]DATOS PBI Artículos'!AK:AK)) -> 462000 | F24: =_xlfn.XLOOKUP($A24,'[1]DATOS PBI Artículos'!A:A,'[1]DATOS PBI Artículos'!AP:AP) -> 5 | G24: =_xlfn.XLOOKUP($A24,'[1]DATOS PBI Artículos'!A:A,'[1]DATOS PBI Artículos'!AR:AR) -> 21000 | H24: =_xlfn.XLOOKUP($A24,'[1]DATOS PBI Artículos'!A:A,'[1]DATOS PBI Artículos'!AT:AT) -> 22262.075 | I24: =_xlfn.XLOOKUP($A24,'[1]DATOS PBI Artículos'!A:A,'[1]DATOS PBI Artículos'!AS:AS) -> 21000 | J24: =IF(COUNTIF([1]CRITERIOS!$F$179:$F$199,$A24)>=1, IF(O24<>"", (O24/_xlfn.XLOOKUP(CONCATENATE(A24,L24),[1]MÁQUINAS!A:A,[1]MÁQUINAS!D:D))/24, (N24/_xlfn.XLOOKUP(CONCATENATE(A24,L24),[1]MÁQUINAS!A:A,[1]MÁQUINAS!D:D))/24), _xlfn.XLOOKUP($A24,'[1]DATOS PBI Artículos'!A:A,'[1]DATOS PBI Artículos'!AU:AU)) -> 15.766667 | K24: =_xlfn.XLOOKUP($A24,'[1]DATOS PBI Artículos'!A:A,'[1]DATOS PBI Artículos'!AV:AV) -> 2.908766 | L24: =_xlfn.XLOOKUP(A24,[1]MÁQUINAS!B:B,[1]MÁQUINAS!C:C) -> 142 | M24: {=_xlfn.XLOOKUP(A24,'[1]DATOS PBI Artículos'!A:A,'[1]DATOS PBI Artículos'!AX:$AX)} -> 76647.773 | N24: =IF(I24="DV", E24, IF(COUNTIF([1]CRITERIOS!$I$179:$I$199,$A24)>=1, _xlfn.XLOOKUP($A24,[1]CRITERIOS!$I$179:$I$199,[1]CRITERIOS!$J$179:$J$199), IF(COUNTIF([1]CRITERIOS!$L$179:$L$199,$A24)>=1, _xlfn.CEILING.MATH(IF($M24>$E24, $E24, IF($M24<$E24/ROUNDDOWN([1]CRITERIOS!$M$16/_xlfn.XLOOKUP($C24,[1]CRITERIOS!$K$25:$K$42,[1]CRITERIOS!$M$25:$M$42), 1), E24/ROUNDDOWN([1]CRITERIOS!$M$16/_xlfn.XLOOKUP($C24,[1]CRITERIOS!$K$25:$K$42,[1]CRITERIOS!$M$25:$M$42), 1), $M24)), _xlfn.XLOOKUP($A24,[1]CRITERIOS!$L$179:$L$200,[1]CRITERIOS!$M$179:$M$200)), _xlfn.CEILING.MATH(IF($M24>$E24, $E24, IF($M24<$E24/ROUNDDOWN([1]CRITERIOS!$M$16/_xlfn.XLOOKUP($C24,[1]CRITERIOS!$K$25:$K$42,[1]CRITERIOS!$M$25:$M$42), 1), E24/ROUNDDOWN([1]CRITERIOS!$M$16/_xlfn.XLOOKUP($C24,[1]CRITERIOS!$K$25:$K$42,[1]CRITERIOS!$M$25:$M$42), 1), $M24)),_xlfn.XLOOKUP(A24,'[1]DATOS PBI Artículos'!A:A,'[1]DATOS PBI Artículos'!Z:Z ))))) -> 126000 | Q24: =IF(AND(O24="",N24=0), 0, IF(COUNTIF([1]CRITERIOS!$F$179:$F$199,$A24)>=1, 1, IF(R24="MTO", $D24, ROUNDUP( IF(($E24-SUMIF('[1]DATOS PBI Artículos'!A:A,A24,'[1]DATOS PBI Artículos'!X:X)+($V24-_xlfn.XLOOKUP(A24,'[1]DATOS PBI Artículos'!A:A,'[1]DATOS PBI Artículos'!W:W)))<0, 0, IF(($E24-SUMIF('[1]DATOS PBI Artículos'!A:A,A24,'[1]DATOS PBI Artículos'!X:X)+$V24-_xlfn.XLOOKUP($A24,'[1]DATOS PBI Artículos'!A:A,'[1]DATOS PBI Artículos'!W:W))/IF($O24="",$N24,$O24)>ROUNDUP([1]CRITERIOS!$M$16/(IF(COUNTIF([1]CRITERIOS!$BG$11:$BG$201,L24)>=1,_xlfn.XLOOKUP($C24,[1]CRITERIOS!$K$25:$K$42,[1]CRITERIOS!$M$25:$M$42),_xlfn.XLOOKUP($C24,[1]CRITERIOS!$K$25:$K$42,[1]CRITERIOS!$M$25:$M$42))),0), ROUNDUP([1]CRITERIOS!$M$16/(IF(COUNTIF([1]CRITERIOS!$BG$11:$BG$201,$L24)>=1,_xlfn.XLOOKUP($C24,[1]CRITERIOS!$K$25:$K$42,[1]CRITERIOS!$M$25:$M$42),_xlfn.XLOOKUP($C24,[1]CRITERIOS!$K$25:$K$42,[1]CRITERIOS!$M$25:$M$42))),0), (E24+V24-SUMIF('[1]DATOS PBI Artículos'!A:A,A24,'[1]DATOS PBI Artículos'!X:X)-_xlfn.XLOOKUP(A24,'[1]DATOS PBI Artículos'!A:A,'[1]DATOS PBI Artículos'!W:W))/IF($O24="",$N24,$O24))),0)))) -> 4 | R24: =IF(U24<>"",U24,IF(F24="DV","MTO",IF(N24=0,"MTO",_xlfn.XLOOKUP(CONCATENATE(S24,T24),[1]CRITERIOS!$K$160:$K$168,[1]CRITERIOS!$N$160:$N$168)))) -> MTS | S24: =IF(G24="DV","MTO",IF(N24=0,"MTO",IF(OR(AND(N24=0,O24=""),IF(O24="",G24/N24,G24/O24)>[1]CRITERIOS!$G$163),"MTO",IF(IF(O24="",G24/N24,G24/O24)<[1]CRITERIOS!$H$161,"MTS","MTOS")))) -> MTS | T24: =IF(F24="DV","MTO",IF(OR(AND($N24=0,O24=""),$F24/$J24>[1]CRITERIOS!$G$170,$F24="DV"),"MTO",IF($F24/$J24<[1]CRITERIOS!$H$168,"MTS","MTOS"))) -> MTS | V24: =IF(R24="MTO","", IF($H24=0,(((($J24/$F24)*$G24)+$Z24)/$G24)*$G24, (($J24/$F24)*$G24)+$Z24)) -> 99703.395 | X24: =IF(R24="MTO",0,V24+N24) -> 225703.39 | Y24: =IF(R24="MTO",0,Z24+(N24/2)) -> 96483.395 | Z24: =IF($R24="MTO", 0, ($H24+$K24*($E24/[1]CRITERIOS!$M$16))/[1]CRITERIOS!$X$48) -> 33483.395 | AA24: =ROUNDUP(($Y24/_xlfn.XLOOKUP($A24,'[1]DATOS PBI Artículos'!$A$4:$A$4,'[1]DATOS PBI Artículos'!$Z$4:$Z$4))/_xlfn.XLOOKUP(_xlfn.XLOOKUP($A24,'[1]DATOS PBI Artículos'!$A$4:$A$4,'[1]DATOS PBI Artículos'!$Y$4:$Y$4),[1]CRITERIOS!$P$79:$P$123,[1]CRITERIOS!$S$79:$S$123,),0) -> #N/A | AB24: {=IF((E24+V24-_xlfn.XLOOKUP(A24,'[1]DATOS PBI Artículos'!$A$4:$A$4,'[1]DATOS PBI Artículos'!$W$4:$W$4))/N24>ROUNDUP([1]CRITERIOS!$M$16/(IF(COUNTIF([1]CRITERIOS!$BG$11:$BG$201,L24)>=1,_xlfn.XLOOKUP(ARTÍCULOS!L24,[1]CRITERIOS!$BG$11:$BG$201,[1]CRITERIOS!$BJ$11:$BJ$201),_xlfn.XLOOKUP(ARTÍCULOS!C24,[1]CRITERIOS!$K$25:$K$42,[1]CRITERIOS!$M$25:$M$42))),0),ROUNDUP([1]CRITERIOS!$M$16/(IF(COUNTIF([1]CRITERIOS!$BG$11:$BG$201,L24)>=1,_xlfn.XLOOKUP(ARTÍCULOS!L24,[1]CRITERIOS!$BG$11:$BG$201:#REF!,[1]CRITERIOS!$BJ$11:$BJ$201),_xlfn.XLOOKUP(ARTÍCULOS!C24,[1]CRITERIOS!$K$25:$K$42,[1]CRITERIOS!$M$25:$M$42))),0),(E24+V24-_xlfn.XLOOKUP(A24,'[1]DATOS PBI Artículos'!$A$4:$A$4,'[1]DATOS PBI Artículos'!$W$4:$W$4))/N24)} -> #N/A | AC24: =IF(N24=0,"",(ROUNDUP((N24/2)/(_xlfn.XLOOKUP(A24,'[1]DATOS PBI Artículos'!$A$4:$A$4,'[1]DATOS PBI Artículos'!$Z$4:$Z$4)*_xlfn.XLOOKUP(_xlfn.XLOOKUP(A24,'[1]DATOS PBI Artículos'!$A$4:$A$4,'[1]DATOS PBI Artículos'!$Y$4:$Y$4),[1]CRITERIOS!$P$79:$P$123,[1]CRITERIOS!$S$79:$S$123)),0)*[1]CRITERIOS!$M$80*([1]CRITERIOS!$M$110/[1]CRITERIOS!$M$86)+(_xlfn.XLOOKUP(A24,'[1]DATOS PBI Artículos'!$A$4:$A$4,'[1]DATOS PBI Artículos'!$AA$4:$AA$4)*([1]CRITERIOS!$M$95+[1]CRITERIOS!$M$98)))/N24) -> #N/A | AD24: =IF(N24=0,"",(ROUNDUP((N24/2)/(_xlfn.XLOOKUP(A24,'[1]DATOS PBI Artículos'!$A$4:$A$4,'[1]DATOS PBI Artículos'!$Z$4:$Z$4)*_xlfn.XLOOKUP(_xlfn.XLOOKUP(A24,'[1]DATOS PBI Artículos'!$A$4:$A$4,'[1]DATOS PBI Artículos'!$Y$4:$Y$4),[1]CRITERIOS!$P$79:$P$123,[1]CRITERIOS!$S$79:$S$123)),0)*[1]CRITERIOS!$M$80*([1]CRITERIOS!$M$89*[1]CRITERIOS!$M$92)+((_xlfn.XLOOKUP(A24,'[1]DATOS PBI Artículos'!$A$4:$A$4,'[1]DATOS PBI Artículos'!$AA$4:$AA$4)/2)*([1]CRITERIOS!$M$95+[1]CRITERIOS!$M$98)))/N24) -> #N/A | AE24: =IF($R24="MTO","", IF($H24=0,ROUNDUP(((_xlfn.XLOOKUP($A24,'[1]DATOS PBI Artículos'!$A:$A,'[1]DATOS PBI Artículos'!$AL:$AL))/(_xlfn.XLOOKUP($AF$1,[1]CRITERIOS!$S$16:$S$39,[1]CRITERIOS!$Y$16:$Y$39))*$J24+$Z24)/$G24,0)*$G24, ((_xlfn.XLOOKUP($A24,'[1]DATOS PBI Artículos'!$A:$A,'[1]DATOS PBI Artículos'!$AL:$AL))/(_xlfn.XLOOKUP($AF$1,[1]CRITERIOS!$S$16:$S$39,[1]CRITERIOS!$Y$16:$Y$39))*$J24+$Z24))) -> 157045.26 | AG24: =IF($R24="MTO","", IF($H24=0,ROUNDUP(((_xlfn.XLOOKUP($A24,'[1]DATOS PBI Artículos'!$A:$A,'[1]DATOS PBI Artículos'!$AM:$AM))/(_xlfn.XLOOKUP($AH$1,[1]CRITERIOS!$S$16:$S$39,[1]CRITERIOS!$Y$16:$Y$39))*$J24+$Z24)/$G24,0)*$G24, ((_xlfn.XLOOKUP($A24,'[1]DATOS PBI Artículos'!$A:$A,'[1]DATOS PBI Artículos'!$AM:$AM))/(_xlfn.XLOOKUP($AH$1,[1]CRITERIOS!$S$16:$S$39,[1]CRITERIOS!$Y$16:$Y$39))*$J24+$Z24))) -> 122240.29 | AI24: =IF($R24="MTO","", IF($H24=0,ROUNDUP(((_xlfn.XLOOKUP($A24,'[1]DATOS PBI Artículos'!$A:$A,'[1]DATOS PBI Artículos'!$AN:$AN))/(_xlfn.XLOOKUP($AJ$1,[1]CRITERIOS!$S$16:$S$39,[1]CRITERIOS!$Y$16:$Y$39))*$J24+$Z24)/$G24,0)*$G24, ((_xlfn.XLOOKUP($A24,'[1]DATOS PBI Artículos'!$A:$A,'[1]DATOS PBI Artículos'!$AN:$AN))/(_xlfn.XLOOKUP($AJ$1,[1]CRITERIOS!$S$16:$S$39,[1]CRITERIOS!$Y$16:$Y$39))*$J24+$Z24))) -> 139791.89 | AK24: =IF($R24="MTO","", IF($H24=0,ROUNDUP(((_xlfn.XLOOKUP($A24,'[1]DATOS PBI Artículos'!$A:$A,'[1]DATOS PBI Artículos'!$AO:$AO))/(_xlfn.XLOOKUP($AL$1,[1]CRITERIOS!$S$16:$S$39,[1]CRITERIOS!$Y$16:$Y$39))*$J24+$Z24)/$G24,0)*$G24, ((_xlfn.XLOOKUP($A24,'[1]DATOS PBI Artículos'!$A:$A,'[1]DATOS PBI Artículos'!$AO:$AO))/(_xlfn.XLOOKUP($AL$1,[1]CRITERIOS!$S$16:$S$39,[1]CRITERIOS!$Y$16:$Y$39))*$J24+$Z24))) -> 149263.96
A25: 400311 | B25: =_xlfn.XLOOKUP($A25,'[1]DATOS PBI Artículos'!A:A,'[1]DATOS PBI Artículos'!B:B) -> 0 | C25: =_xlfn.XLOOKUP($A25,'[1]DATOS PBI Artículos'!A:A,'[1]DATOS PBI Artículos'!C:C) -> UA03 | D25: =_xlfn.XLOOKUP(A25,'[1]DATOS PBI Artículos'!A:A,'[1]DATOS PBI Artículos'!T:T) -> 4 | E25: =IF(_xlfn.XLOOKUP($A25,'[1]DATOS PBI Artículos'!A:A,'[1]DATOS PBI Artículos'!AK:AK)="",_xlfn.XLOOKUP($A25,'[1]DATOS PBI Artículos'!A:A,'[1]DATOS PBI Artículos'!AJ:AJ),_xlfn.XLOOKUP($A25,'[1]DATOS PBI Artículos'!A:A,'[1]DATOS PBI Artículos'!AK:AK)) -> 448560 | F25: =_xlfn.XLOOKUP($A25,'[1]DATOS PBI Artículos'!A:A,'[1]DATOS PBI Artículos'!AP:AP) -> 5.6666667 | G25: =_xlfn.XLOOKUP($A25,'[1]DATOS PBI Artículos'!A:A,'[1]DATOS PBI Artículos'!AR:AR) -> 110880 | H25: =_xlfn.XLOOKUP($A25,'[1]DATOS PBI Artículos'!A:A,'[1]DATOS PBI Artículos'!AT:AT) -> 46625.675 | I25: =_xlfn.XLOOKUP($A25,'[1]DATOS PBI Artículos'!A:A,'[1]DATOS PBI Artículos'!AS:AS) -> 5040 | J25: =IF(COUNTIF([1]CRITERIOS!$F$179:$F$199,$A25)>=1, IF(O25<>"", (O25/_xlfn.XLOOKUP(CONCATENATE(A25,L25),[1]MÁQUINAS!A:A,[1]MÁQUINAS!D:D))/24, (N25/_xlfn.XLOOKUP(CONCATENATE(A25,L25),[1]MÁQUINAS!A:A,[1]MÁQUINAS!D:D))/24), _xlfn.XLOOKUP($A25,'[1]DATOS PBI Artículos'!A:A,'[1]DATOS PBI Artículos'!AU:AU)) -> 15.130435 | K25: =_xlfn.XLOOKUP($A25,'[1]DATOS PBI Artículos'!A:A,'[1]DATOS PBI Artículos'!AV:AV) -> 2.455131 | L25: =_xlfn.XLOOKUP(A25,[1]MÁQUINAS!B:B,[1]MÁQUINAS!C:C) -> 142 | M25: {=_xlfn.XLOOKUP(A25,'[1]DATOS PBI Artículos'!A:A,'[1]DATOS PBI Artículos'!AX:$AX)} -> 83812.849 | N25: =IF(I25="DV", E25, IF(COUNTIF([1]CRITERIOS!$I$179:$I$199,$A25)>=1, _xlfn.XLOOKUP($A25,[1]CRITERIOS!$I$179:$I$199,[1]CRITERIOS!$J$179:$J$199), IF(COUNTIF([1]CRITERIOS!$L$179:$L$199,$A25)>=1, _xlfn.CEILING.MATH(IF($M25>$E25, $E25, IF($M25<$E25/ROUNDDOWN([1]CRITERIOS!$M$16/_xlfn.XLOOKUP($C25,[1]CRITERIOS!$K$25:$K$42,[1]CRITERIOS!$M$25:$M$42), 1), E25/ROUNDDOWN([1]CRITERIOS!$M$16/_xlfn.XLOOKUP($C25,[1]CRITERIOS!$K$25:$K$42,[1]CRITERIOS!$M$25:$M$42), 1), $M25)), _xlfn.XLOOKUP($A25,[1]CRITERIOS!$L$179:$L$200,[1]CRITERIOS!$M$179:$M$200)), _xlfn.CEILING.MATH(IF($M25>$E25, $E25, IF($M25<$E25/ROUNDDOWN([1]CRITERIOS!$M$16/_xlfn.XLOOKUP($C25,[1]CRITERIOS!$K$25:$K$42,[1]CRITERIOS!$M$25:$M$42), 1), E25/ROUNDDOWN([1]CRITERIOS!$M$16/_xlfn.XLOOKUP($C25,[1]CRITERIOS!$K$25:$K$42,[1]CRITERIOS!$M$25:$M$42), 1), $M25)),_xlfn.XLOOKUP(A25,'[1]DATOS PBI Artículos'!A:A,'[1]DATOS PBI Artículos'!Z:Z ))))) -> 126000 | Q25: =IF(AND(O25="",N25=0), 0, IF(COUNTIF([1]CRITERIOS!$F$179:$F$199,$A25)>=1, 1, IF(R25="MTO", $D25, ROUNDUP( IF(($E25-SUMIF('[1]DATOS PBI Artículos'!A:A,A25,'[1]DATOS PBI Artículos'!X:X)+($V25-_xlfn.XLOOKUP(A25,'[1]DATOS PBI Artículos'!A:A,'[1]DATOS PBI Artículos'!W:W)))<0, 0, IF(($E25-SUMIF('[1]DATOS PBI Artículos'!A:A,A25,'[1]DATOS PBI Artículos'!X:X)+$V25-_xlfn.XLOOKUP($A25,'[1]DATOS PBI Artículos'!A:A,'[1]DATOS PBI Artículos'!W:W))/IF($O25="",$N25,$O25)>ROUNDUP([1]CRITERIOS!$M$16/(IF(COUNTIF([1]CRITERIOS!$BG$11:$BG$201,L25)>=1,_xlfn.XLOOKUP($C25,[1]CRITERIOS!$K$25:$K$42,[1]CRITERIOS!$M$25:$M$42),_xlfn.XLOOKUP($C25,[1]CRITERIOS!$K$25:$K$42,[1]CRITERIOS!$M$25:$M$42))),0), ROUNDUP([1]CRITERIOS!$M$16/(IF(COUNTIF([1]CRITERIOS!$BG$11:$BG$201,$L25)>=1,_xlfn.XLOOKUP($C25,[1]CRITERIOS!$K$25:$K$42,[1]CRITERIOS!$M$25:$M$42),_xlfn.XLOOKUP($C25,[1]CRITERIOS!$K$25:$K$42,[1]CRITERIOS!$M$25:$M$42))),0), (E25+V25-SUMIF('[1]DATOS PBI Artículos'!A:A,A25,'[1]DATOS PBI Artículos'!X:X)-_xlfn.XLOOKUP(A25,'[1]DATOS PBI Artículos'!A:A,'[1]DATOS PBI Artículos'!W:W))/IF($O25="",$N25,$O25))),0)))) -> 4 | R25: =IF(U25<>"",U25,IF(F25="DV","MTO",IF(N25=0,"MTO",_xlfn.XLOOKUP(CONCATENATE(S25,T25),[1]CRITERIOS!$K$160:$K$168,[1]CRITERIOS!$N$160:$N$168)))) -> MTS | S25: =IF(G25="DV","MTO",IF(N25=0,"MTO",IF(OR(AND(N25=0,O25=""),IF(O25="",G25/N25,G25/O25)>[1]CRITERIOS!$G$163),"MTO",IF(IF(O25="",G25/N25,G25/O25)<[1]CRITERIOS!$H$161,"MTS","MTOS")))) -> MTO | T25: =IF(F25="DV","MTO",IF(OR(AND($N25=0,O25=""),$F25/$J25>[1]CRITERIOS!$G$170,$F25="DV"),"MTO",IF($F25/$J25<[1]CRITERIOS!$H$168,"MTS","MTOS"))) -> MTS | V25: =IF(R25="MTO","", IF($H25=0,(((($J25/$F25)*$G25)+$Z25)/$G25)*$G25, (($J25/$F25)*$G25)+$Z25)) -> 347149.21 | X25: =IF(R25="MTO",0,V25+N25) -> 473149.21 | Y25: =IF(R25="MTO",0,Z25+(N25/2)) -> 114091.1 | Z25: =IF($R25="MTO", 0, ($H25+$K25*($E25/[1]CRITERIOS!$M$16))/[1]CRITERIOS!$X$48) -> 51091.102 | AA25: =ROUNDUP(($Y25/_xlfn.XLOOKUP($A25,'[1]DATOS PBI Artículos'!$A$4:$A$4,'[1]DATOS PBI Artículos'!$Z$4:$Z$4))/_xlfn.XLOOKUP(_xlfn.XLOOKUP($A25,'[1]DATOS PBI Artículos'!$A$4:$A$4,'[1]DATOS PBI Artículos'!$Y$4:$Y$4),[1]CRITERIOS!$P$79:$P$123,[1]CRITERIOS!$S$79:$S$123,),0) -> #N/A | AB25: {=IF((E25+V25-_xlfn.XLOOKUP(A25,'[1]DATOS PBI Artículos'!$A$4:$A$4,'[1]DATOS PBI Artículos'!$W$4:$W$4))/N25>ROUNDUP([1]CRITERIOS!$M$16/(IF(COUNTIF([1]CRITERIOS!$BG$11:$BG$201,L25)>=1,_xlfn.XLOOKUP(ARTÍCULOS!L25,[1]CRITERIOS!$BG$11:$BG$201,[1]CRITERIOS!$BJ$11:$BJ$201),_xlfn.XLOOKUP(ARTÍCULOS!C25,[1]CRITERIOS!$K$25:$K$42,[1]CRITERIOS!$M$25:$M$42))),0),ROUNDUP([1]CRITERIOS!$M$16/(IF(COUNTIF([1]CRITERIOS!$BG$11:$BG$201,L25)>=1,_xlfn.XLOOKUP(ARTÍCULOS!L25,[1]CRITERIOS!$BG$11:$BG$201:#REF!,[1]CRITERIOS!$BJ$11:$BJ$201),_xlfn.XLOOKUP(ARTÍCULOS!C25,[1]CRITERIOS!$K$25:$K$42,[1]CRITERIOS!$M$25:$M$42))),0),(E25+V25-_xlfn.XLOOKUP(A25,'[1]DATOS PBI Artículos'!$A$4:$A$4,'[1]DATOS PBI Artículos'!$W$4:$W$4))/N25)} -> #N/A | AC25: =IF(N25=0,"",(ROUNDUP((N25/2)/(_xlfn.XLOOKUP(A25,'[1]DATOS PBI Artículos'!$A$4:$A$4,'[1]DATOS PBI Artículos'!$Z$4:$Z$4)*_xlfn.XLOOKUP(_xlfn.XLOOKUP(A25,'[1]DATOS PBI Artículos'!$A$4:$A$4,'[1]DATOS PBI Artículos'!$Y$4:$Y$4),[1]CRITERIOS!$P$79:$P$123,[1]CRITERIOS!$S$79:$S$123)),0)*[1]CRITERIOS!$M$80*([1]CRITERIOS!$M$110/[1]CRITERIOS!$M$86)+(_xlfn.XLOOKUP(A25,'[1]DATOS PBI Artículos'!$A$4:$A$4,'[1]DATOS PBI Artículos'!$AA$4:$AA$4)*([1]CRITERIOS!$M$95+[1]CRITERIOS!$M$98)))/N25) -> #N/A | AD25: =IF(N25=0,"",(ROUNDUP((N25/2)/(_xlfn.XLOOKUP(A25,'[1]DATOS PBI Artículos'!$A$4:$A$4,'[1]DATOS PBI Artículos'!$Z$4:$Z$4)*_xlfn.XLOOKUP(_xlfn.XLOOKUP(A25,'[1]DATOS PBI Artículos'!$A$4:$A$4,'[1]DATOS PBI Artículos'!$Y$4:$Y$4),[1]CRITERIOS!$P$79:$P$123,[1]CRITERIOS!$S$79:$S$123)),0)*[1]CRITERIOS!$M$80*([1]CRITERIOS!$M$89*[1]CRITERIOS!$M$92)+((_xlfn.XLOOKUP(A25,'[1]DATOS PBI Artículos'!$A$4:$A$4,'[1]DATOS PBI Artículos'!$AA$4:$AA$4)/2)*([1]CRITERIOS!$M$95+[1]CRITERIOS!$M$98)))/N25) -> #N/A | AE25: =IF($R25="MTO","", IF($H25=0,ROUNDUP(((_xlfn.XLOOKUP($A25,'[1]DATOS PBI Artículos'!$A:$A,'[1]DATOS PBI Artículos'!$AL:$AL))/(_xlfn.XLOOKUP($AF$1,[1]CRITERIOS!$S$16:$S$39,[1]CRITERIOS!$Y$16:$Y$39))*$J25+$Z25)/$G25,0)*$G25, ((_xlfn.XLOOKUP($A25,'[1]DATOS PBI Artículos'!$A:$A,'[1]DATOS PBI Artículos'!$AL:$AL))/(_xlfn.XLOOKUP($AF$1,[1]CRITERIOS!$S$16:$S$39,[1]CRITERIOS!$Y$16:$Y$39))*$J25+$Z25))) -> 166217.4 | AG25: =IF($R25="MTO","", IF($H25=0,ROUNDUP(((_xlfn.XLOOKUP($A25,'[1]DATOS PBI Artículos'!$A:$A,'[1]DATOS PBI Artículos'!$AM:$AM))/(_xlfn.XLOOKUP($AH$1,[1]CRITERIOS!$S$16:$S$39,[1]CRITERIOS!$Y$16:$Y$39))*$J25+$Z25)/$G25,0)*$G25, ((_xlfn.XLOOKUP($A25,'[1]DATOS PBI Artículos'!$A:$A,'[1]DATOS PBI Artículos'!$AM:$AM))/(_xlfn.XLOOKUP($AH$1,[1]CRITERIOS!$S$16:$S$39,[1]CRITERIOS!$Y$16:$Y$39))*$J25+$Z25))) -> 133788.57 | AI25: =IF($R25="MTO","", IF($H25=0,ROUNDUP(((_xlfn.XLOOKUP($A25,'[1]DATOS PBI Artículos'!$A:$A,'[1]DATOS PBI Artículos'!$AN:$AN))/(_xlfn.XLOOKUP($AJ$1,[1]CRITERIOS!$S$16:$S$39,[1]CRITERIOS!$Y$16:$Y$39))*$J25+$Z25)/$G25,0)*$G25, ((_xlfn.XLOOKUP($A25,'[1]DATOS PBI Artículos'!$A:$A,'[1]DATOS PBI Artículos'!$AN:$AN))/(_xlfn.XLOOKUP($AJ$1,[1]CRITERIOS!$S$16:$S$39,[1]CRITERIOS!$Y$16:$Y$39))*$J25+$Z25))) -> 150141.92 | AK25: =IF($R25="MTO","", IF($H25=0,ROUNDUP(((_xlfn.XLOOKUP($A25,'[1]DATOS PBI Artículos'!$A:$A,'[1]DATOS PBI Artículos'!$AO:$AO))/(_xlfn.XLOOKUP($AL$1,[1]CRITERIOS!$S$16:$S$39,[1]CRITERIOS!$Y$16:$Y$39))*$J25+$Z25)/$G25,0)*$G25, ((_xlfn.XLOOKUP($A25,'[1]DATOS PBI Artículos'!$A:$A,'[1]DATOS PBI Artículos'!$AO:$AO))/(_xlfn.XLOOKUP($AL$1,[1]CRITERIOS!$S$16:$S$39,[1]CRITERIOS!$Y$16:$Y$39))*$J25+$Z25))) -> 158967.33
A26: 400293 | B26: =_xlfn.XLOOKUP($A26,'[1]DATOS PBI Artículos'!A:A,'[1]DATOS PBI Artículos'!B:B) -> 0 | C26: =_xlfn.XLOOKUP($A26,'[1]DATOS PBI Artículos'!A:A,'[1]DATOS PBI Artículos'!C:C) -> UA03 | D26: =_xlfn.XLOOKUP(A26,'[1]DATOS PBI Artículos'!A:A,'[1]DATOS PBI Artículos'!T:T) -> 8 | E26: =IF(_xlfn.XLOOKUP($A26,'[1]DATOS PBI Artículos'!A:A,'[1]DATOS PBI Artículos'!AK:AK)="",_xlfn.XLOOKUP($A26,'[1]DATOS PBI Artículos'!A:A,'[1]DATOS PBI Artículos'!AJ:AJ),_xlfn.XLOOKUP($A26,'[1]DATOS PBI Artículos'!A:A,'[1]DATOS PBI Artículos'!AK:AK)) -> 438600 | F26: =_xlfn.XLOOKUP($A26,'[1]DATOS PBI Artículos'!A:A,'[1]DATOS PBI Artículos'!AP:AP) -> 10.142857 | G26: =_xlfn.XLOOKUP($A26,'[1]DATOS PBI Artículos'!A:A,'[1]DATOS PBI Artículos'!AR:AR) -> 51000 | H26: =_xlfn.XLOOKUP($A26,'[1]DATOS PBI Artículos'!A:A,'[1]DATOS PBI Artículos'!AT:AT) -> 13285.196 | I26: =_xlfn.XLOOKUP($A26,'[1]DATOS PBI Artículos'!A:A,'[1]DATOS PBI Artículos'!AS:AS) -> 10200 | J26: =IF(COUNTIF([1]CRITERIOS!$F$179:$F$199,$A26)>=1, IF(O26<>"", (O26/_xlfn.XLOOKUP(CONCATENATE(A26,L26),[1]MÁQUINAS!A:A,[1]MÁQUINAS!D:D))/24, (N26/_xlfn.XLOOKUP(CONCATENATE(A26,L26),[1]MÁQUINAS!A:A,[1]MÁQUINAS!D:D))/24), _xlfn.XLOOKUP($A26,'[1]DATOS PBI Artículos'!A:A,'[1]DATOS PBI Artículos'!AU:AU)) -> 14.285714 | K26: =_xlfn.XLOOKUP($A26,'[1]DATOS PBI Artículos'!A:A,'[1]DATOS PBI Artículos'!AV:AV) -> 2.1246849 | L26: =_xlfn.XLOOKUP(A26,[1]MÁQUINAS!B:B,[1]MÁQUINAS!C:C) -> 142 | M26: {=_xlfn.XLOOKUP(A26,'[1]DATOS PBI Artículos'!A:A,'[1]DATOS PBI Artículos'!AX:$AX)} -> 121503.67 | N26: =IF(I26="DV", E26, IF(COUNTIF([1]CRITERIOS!$I$179:$I$199,$A26)>=1, _xlfn.XLOOKUP($A26,[1]CRITERIOS!$I$179:$I$199,[1]CRITERIOS!$J$179:$J$199), IF(COUNTIF([1]CRITERIOS!$L$179:$L$199,$A26)>=1, _xlfn.CEILING.MATH(IF($M26>$E26, $E26, IF($M26<$E26/ROUNDDOWN([1]CRITERIOS!$M$16/_xlfn.XLOOKUP($C26,[1]CRITERIOS!$K$25:$K$42,[1]CRITERIOS!$M$25:$M$42), 1), E26/ROUNDDOWN([1]CRITERIOS!$M$16/_xlfn.XLOOKUP($C26,[1]CRITERIOS!$K$25:$K$42,[1]CRITERIOS!$M$25:$M$42), 1), $M26)), _xlfn.XLOOKUP($A26,[1]CRITERIOS!$L$179:$L$200,[1]CRITERIOS!$M$179:$M$200)), _xlfn.CEILING.MATH(IF($M26>$E26, $E26, IF($M26<$E26/ROUNDDOWN([1]CRITERIOS!$M$16/_xlfn.XLOOKUP($C26,[1]CRITERIOS!$K$25:$K$42,[1]CRITERIOS!$M$25:$M$42), 1), E26/ROUNDDOWN([1]CRITERIOS!$M$16/_xlfn.XLOOKUP($C26,[1]CRITERIOS!$K$25:$K$42,[1]CRITERIOS!$M$25:$M$42), 1), $M26)),_xlfn.XLOOKUP(A26,'[1]DATOS PBI Artículos'!A:A,'[1]DATOS PBI Artículos'!Z:Z ))))) -> 122400 | Q26: =IF(AND(O26="",N26=0), 0, IF(COUNTIF([1]CRITERIOS!$F$179:$F$199,$A26)>=1, 1, IF(R26="MTO", $D26, ROUNDUP( IF(($E26-SUMIF('[1]DATOS PBI Artículos'!A:A,A26,'[1]DATOS PBI Artículos'!X:X)+($V26-_xlfn.XLOOKUP(A26,'[1]DATOS PBI Artículos'!A:A,'[1]DATOS PBI Artículos'!W:W)))<0, 0, IF(($E26-SUMIF('[1]DATOS PBI Artículos'!A:A,A26,'[1]DATOS PBI Artículos'!X:X)+$V26-_xlfn.XLOOKUP($A26,'[1]DATOS PBI Artículos'!A:A,'[1]DATOS PBI Artículos'!W:W))/IF($O26="",$N26,$O26)>ROUNDUP([1]CRITERIOS!$M$16/(IF(COUNTIF([1]CRITERIOS!$BG$11:$BG$201,L26)>=1,_xlfn.XLOOKUP($C26,[1]CRITERIOS!$K$25:$K$42,[1]CRITERIOS!$M$25:$M$42),_xlfn.XLOOKUP($C26,[1]CRITERIOS!$K$25:$K$42,[1]CRITERIOS!$M$25:$M$42))),0), ROUNDUP([1]CRITERIOS!$M$16/(IF(COUNTIF([1]CRITERIOS!$BG$11:$BG$201,$L26)>=1,_xlfn.XLOOKUP($C26,[1]CRITERIOS!$K$25:$K$42,[1]CRITERIOS!$M$25:$M$42),_xlfn.XLOOKUP($C26,[1]CRITERIOS!$K$25:$K$42,[1]CRITERIOS!$M$25:$M$42))),0), (E26+V26-SUMIF('[1]DATOS PBI Artículos'!A:A,A26,'[1]DATOS PBI Artículos'!X:X)-_xlfn.XLOOKUP(A26,'[1]DATOS PBI Artículos'!A:A,'[1]DATOS PBI Artículos'!W:W))/IF($O26="",$N26,$O26))),0)))) -> 3 | R26: =IF(U26<>"",U26,IF(F26="DV","MTO",IF(N26=0,"MTO",_xlfn.XLOOKUP(CONCATENATE(S26,T26),[1]CRITERIOS!$K$160:$K$168,[1]CRITERIOS!$N$160:$N$168)))) -> MTS | S26: =IF(G26="DV","MTO",IF(N26=0,"MTO",IF(OR(AND(N26=0,O26=""),IF(O26="",G26/N26,G26/O26)>[1]CRITERIOS!$G$163),"MTO",IF(IF(O26="",G26/N26,G26/O26)<[1]CRITERIOS!$H$161,"MTS","MTOS")))) -> MTS | T26: =IF(F26="DV","MTO",IF(OR(AND($N26=0,O26=""),$F26/$J26>[1]CRITERIOS!$G$170,$F26="DV"),"MTO",IF($F26/$J26<[1]CRITERIOS!$H$168,"MTS","MTOS"))) -> MTS | V26: =IF(R26="MTO","", IF($H26=0,(((($J26/$F26)*$G26)+$Z26)/$G26)*$G26, (($J26/$F26)*$G26)+$Z26)) -> 93256.28 | X26: =IF(R26="MTO",0,V26+N26) -> 215656.28 | Y26: =IF(R26="MTO",0,Z26+(N26/2)) -> 82625.294 | Z26: =IF($R26="MTO", 0, ($H26+$K26*($E26/[1]CRITERIOS!$M$16))/[1]CRITERIOS!$X$48) -> 21425.294 | AA26: =ROUNDUP(($Y26/_xlfn.XLOOKUP($A26,'[1]DATOS PBI Artículos'!$A$4:$A$4,'[1]DATOS PBI Artículos'!$Z$4:$Z$4))/_xlfn.XLOOKUP(_xlfn.XLOOKUP($A26,'[1]DATOS PBI Artículos'!$A$4:$A$4,'[1]DATOS PBI Artículos'!$Y$4:$Y$4),[1]CRITERIOS!$P$79:$P$123,[1]CRITERIOS!$S$79:$S$123,),0) -> #N/A | AB26: {=IF((E26+V26-_xlfn.XLOOKUP(A26,'[1]DATOS PBI Artículos'!$A$4:$A$4,'[1]DATOS PBI Artículos'!$W$4:$W$4))/N26>ROUNDUP([1]CRITERIOS!$M$16/(IF(COUNTIF([1]CRITERIOS!$BG$11:$BG$201,L26)>=1,_xlfn.XLOOKUP(ARTÍCULOS!L26,[1]CRITERIOS!$BG$11:$BG$201,[1]CRITERIOS!$BJ$11:$BJ$201),_xlfn.XLOOKUP(ARTÍCULOS!C26,[1]CRITERIOS!$K$25:$K$42,[1]CRITERIOS!$M$25:$M$42))),0),ROUNDUP([1]CRITERIOS!$M$16/(IF(COUNTIF([1]CRITERIOS!$BG$11:$BG$201,L26)>=1,_xlfn.XLOOKUP(ARTÍCULOS!L26,[1]CRITERIOS!$BG$11:$BG$201:#REF!,[1]CRITERIOS!$BJ$11:$BJ$201),_xlfn.XLOOKUP(ARTÍCULOS!C26,[1]CRITERIOS!$K$25:$K$42,[1]CRITERIOS!$M$25:$M$42))),0),(E26+V26-_xlfn.XLOOKUP(A26,'[1]DATOS PBI Artículos'!$A$4:$A$4,'[1]DATOS PBI Artículos'!$W$4:$W$4))/N26)} -> #N/A | AC26: =IF(N26=0,"",(ROUNDUP((N26/2)/(_xlfn.XLOOKUP(A26,'[1]DATOS PBI Artículos'!$A$4:$A$4,'[1]DATOS PBI Artículos'!$Z$4:$Z$4)*_xlfn.XLOOKUP(_xlfn.XLOOKUP(A26,'[1]DATOS PBI Artículos'!$A$4:$A$4,'[1]DATOS PBI Artículos'!$Y$4:$Y$4),[1]CRITERIOS!$P$79:$P$123,[1]CRITERIOS!$S$79:$S$123)),0)*[1]CRITERIOS!$M$80*([1]CRITERIOS!$M$110/[1]CRITERIOS!$M$86)+(_xlfn.XLOOKUP(A26,'[1]DATOS PBI Artículos'!$A$4:$A$4,'[1]DATOS PBI Artículos'!$AA$4:$AA$4)*([1]CRITERIOS!$M$95+[1]CRITERIOS!$M$98)))/N26) -> #N/A | AD26: =IF(N26=0,"",(ROUNDUP((N26/2)/(_xlfn.XLOOKUP(A26,'[1]DATOS PBI Artículos'!$A$4:$A$4,'[1]DATOS PBI Artículos'!$Z$4:$Z$4)*_xlfn.XLOOKUP(_xlfn.XLOOKUP(A26,'[1]DATOS PBI Artículos'!$A$4:$A$4,'[1]DATOS PBI Artículos'!$Y$4:$Y$4),[1]CRITERIOS!$P$79:$P$123,[1]CRITERIOS!$S$79:$S$123)),0)*[1]CRITERIOS!$M$80*([1]CRITERIOS!$M$89*[1]CRITERIOS!$M$92)+((_xlfn.XLOOKUP(A26,'[1]DATOS PBI Artículos'!$A$4:$A$4,'[1]DATOS PBI Artículos'!$AA$4:$AA$4)/2)*([1]CRITERIOS!$M$95+[1]CRITERIOS!$M$98)))/N26) -> #N/A | AE26: =IF($R26="MTO","", IF($H26=0,ROUNDUP(((_xlfn.XLOOKUP($A26,'[1]DATOS PBI Artículos'!$A:$A,'[1]DATOS PBI Artículos'!$AL:$AL))/(_xlfn.XLOOKUP($AF$1,[1]CRITERIOS!$S$16:$S$39,[1]CRITERIOS!$Y$16:$Y$39))*$J26+$Z26)/$G26,0)*$G26, ((_xlfn.XLOOKUP($A26,'[1]DATOS PBI Artículos'!$A:$A,'[1]DATOS PBI Artículos'!$AL:$AL))/(_xlfn.XLOOKUP($AF$1,[1]CRITERIOS!$S$16:$S$39,[1]CRITERIOS!$Y$16:$Y$39))*$J26+$Z26))) -> 127710.59 | AG26: =IF($R26="MTO","", IF($H26=0,ROUNDUP(((_xlfn.XLOOKUP($A26,'[1]DATOS PBI Artículos'!$A:$A,'[1]DATOS PBI Artículos'!$AM:$AM))/(_xlfn.XLOOKUP($AH$1,[1]CRITERIOS!$S$16:$S$39,[1]CRITERIOS!$Y$16:$Y$39))*$J26+$Z26)/$G26,0)*$G26, ((_xlfn.XLOOKUP($A26,'[1]DATOS PBI Artículos'!$A:$A,'[1]DATOS PBI Artículos'!$AM:$AM))/(_xlfn.XLOOKUP($AH$1,[1]CRITERIOS!$S$16:$S$39,[1]CRITERIOS!$Y$16:$Y$39))*$J26+$Z26))) -> 97772.092 | AI26: =IF($R26="MTO","", IF($H26=0,ROUNDUP(((_xlfn.XLOOKUP($A26,'[1]DATOS PBI Artículos'!$A:$A,'[1]DATOS PBI Artículos'!$AN:$AN))/(_xlfn.XLOOKUP($AJ$1,[1]CRITERIOS!$S$16:$S$39,[1]CRITERIOS!$Y$16:$Y$39))*$J26+$Z26)/$G26,0)*$G26, ((_xlfn.XLOOKUP($A26,'[1]DATOS PBI Artículos'!$A:$A,'[1]DATOS PBI Artículos'!$AN:$AN))/(_xlfn.XLOOKUP($AJ$1,[1]CRITERIOS!$S$16:$S$39,[1]CRITERIOS!$Y$16:$Y$39))*$J26+$Z26))) -> 112869.61 | AK26: =IF($R26="MTO","", IF($H26=0,ROUNDUP(((_xlfn.XLOOKUP($A26,'[1]DATOS PBI Artículos'!$A:$A,'[1]DATOS PBI Artículos'!$AO:$AO))/(_xlfn.XLOOKUP($AL$1,[1]CRITERIOS!$S$16:$S$39,[1]CRITERIOS!$Y$16:$Y$39))*$J26+$Z26)/$G26,0)*$G26, ((_xlfn.XLOOKUP($A26,'[1]DATOS PBI Artículos'!$A:$A,'[1]DATOS PBI Artículos'!$AO:$AO))/(_xlfn.XLOOKUP($AL$1,[1]CRITERIOS!$S$16:$S$39,[1]CRITERIOS!$Y$16:$Y$39))*$J26+$Z26))) -> 121017.28
A27: 421075A | B27: =_xlfn.XLOOKUP($A27,'[1]DATOS PBI Artículos'!A:A,'[1]DATOS PBI Artículos'!B:B) -> 0 | C27: =_xlfn.XLOOKUP($A27,'[1]DATOS PBI Artículos'!A:A,'[1]DATOS PBI Artículos'!C:C) -> UA01 | D27: =_xlfn.XLOOKUP(A27,'[1]DATOS PBI Artículos'!A:A,'[1]DATOS PBI Artículos'!T:T) -> 4 | E27: =IF(_xlfn.XLOOKUP($A27,'[1]DATOS PBI Artículos'!A:A,'[1]DATOS PBI Artículos'!AK:AK)="",_xlfn.XLOOKUP($A27,'[1]DATOS PBI Artículos'!A:A,'[1]DATOS PBI Artículos'!AJ:AJ),_xlfn.XLOOKUP($A27,'[1]DATOS PBI Artículos'!A:A,'[1]DATOS PBI Artículos'!AK:AK)) -> 420000 | F27: =_xlfn.XLOOKUP($A27,'[1]DATOS PBI Artículos'!A:A,'[1]DATOS PBI Artículos'!AP:AP) -> 20.666667 | G27: =_xlfn.XLOOKUP($A27,'[1]DATOS PBI Artículos'!A:A,'[1]DATOS PBI Artículos'!AR:AR) -> 100000 | H27: =_xlfn.XLOOKUP($A27,'[1]DATOS PBI Artículos'!A:A,'[1]DATOS PBI Artículos'!AT:AT) -> 10000 | I27: =_xlfn.XLOOKUP($A27,'[1]DATOS PBI Artículos'!A:A,'[1]DATOS PBI Artículos'!AS:AS) -> 20000 | J27: =IF(COUNTIF([1]CRITERIOS!$F$179:$F$199,$A27)>=1, IF(O27<>"", (O27/_xlfn.XLOOKUP(CONCATENATE(A27,L27),[1]MÁQUINAS!A:A,[1]MÁQUINAS!D:D))/24, (N27/_xlfn.XLOOKUP(CONCATENATE(A27,L27),[1]MÁQUINAS!A:A,[1]MÁQUINAS!D:D))/24), _xlfn.XLOOKUP($A27,'[1]DATOS PBI Artículos'!A:A,'[1]DATOS PBI Artículos'!AU:AU)) -> 24.666667 | K27: =_xlfn.XLOOKUP($A27,'[1]DATOS PBI Artículos'!A:A,'[1]DATOS PBI Artículos'!AV:AV) -> 8.6590511 | L27: =_xlfn.XLOOKUP(A27,[1]MÁQUINAS!B:B,[1]MÁQUINAS!C:C) -> 501 | M27: {=_xlfn.XLOOKUP(A27,'[1]DATOS PBI Artículos'!A:A,'[1]DATOS PBI Artículos'!AX:$AX)} -> 110145.29 | N27: =IF(I27="DV", E27, IF(COUNTIF([1]CRITERIOS!$I$179:$I$199,$A27)>=1, _xlfn.XLOOKUP($A27,[1]CRITERIOS!$I$179:$I$199,[1]CRITERIOS!$J$179:$J$199), IF(COUNTIF([1]CRITERIOS!$L$179:$L$199,$A27)>=1, _xlfn.CEILING.MATH(IF($M27>$E27, $E27, IF($M27<$E27/ROUNDDOWN([1]CRITERIOS!$M$16/_xlfn.XLOOKUP($C27,[1]CRITERIOS!$K$25:$K$42,[1]CRITERIOS!$M$25:$M$42), 1), E27/ROUNDDOWN([1]CRITERIOS!$M$16/_xlfn.XLOOKUP($C27,[1]CRITERIOS!$K$25:$K$42,[1]CRITERIOS!$M$25:$M$42), 1), $M27)), _xlfn.XLOOKUP($A27,[1]CRITERIOS!$L$179:$L$200,[1]CRITERIOS!$M$179:$M$200)), _xlfn.CEILING.MATH(IF($M27>$E27, $E27, IF($M27<$E27/ROUNDDOWN([1]CRITERIOS!$M$16/_xlfn.XLOOKUP($C27,[1]CRITERIOS!$K$25:$K$42,[1]CRITERIOS!$M$25:$M$42), 1), E27/ROUNDDOWN([1]CRITERIOS!$M$16/_xlfn.XLOOKUP($C27,[1]CRITERIOS!$K$25:$K$42,[1]CRITERIOS!$M$25:$M$42), 1), $M27)),_xlfn.XLOOKUP(A27,'[1]DATOS PBI Artículos'!A:A,'[1]DATOS PBI Artículos'!Z:Z ))))) -> 114000 | Q27: =IF(AND(O27="",N27=0), 0, IF(COUNTIF([1]CRITERIOS!$F$179:$F$199,$A27)>=1, 1, IF(R27="MTO", $D27, ROUNDUP( IF(($E27-SUMIF('[1]DATOS PBI Artículos'!A:A,A27,'[1]DATOS PBI Artículos'!X:X)+($V27-_xlfn.XLOOKUP(A27,'[1]DATOS PBI Artículos'!A:A,'[1]DATOS PBI Artículos'!W:W)))<0, 0, IF(($E27-SUMIF('[1]DATOS PBI Artículos'!A:A,A27,'[1]DATOS PBI Artículos'!X:X)+$V27-_xlfn.XLOOKUP($A27,'[1]DATOS PBI Artículos'!A:A,'[1]DATOS PBI Artículos'!W:W))/IF($O27="",$N27,$O27)>ROUNDUP([1]CRITERIOS!$M$16/(IF(COUNTIF([1]CRITERIOS!$BG$11:$BG$201,L27)>=1,_xlfn.XLOOKUP($C27,[1]CRITERIOS!$K$25:$K$42,[1]CRITERIOS!$M$25:$M$42),_xlfn.XLOOKUP($C27,[1]CRITERIOS!$K$25:$K$42,[1]CRITERIOS!$M$25:$M$42))),0), ROUNDUP([1]CRITERIOS!$M$16/(IF(COUNTIF([1]CRITERIOS!$BG$11:$BG$201,$L27)>=1,_xlfn.XLOOKUP($C27,[1]CRITERIOS!$K$25:$K$42,[1]CRITERIOS!$M$25:$M$42),_xlfn.XLOOKUP($C27,[1]CRITERIOS!$K$25:$K$42,[1]CRITERIOS!$M$25:$M$42))),0), (E27+V27-SUMIF('[1]DATOS PBI Artículos'!A:A,A27,'[1]DATOS PBI Artículos'!X:X)-_xlfn.XLOOKUP(A27,'[1]DATOS PBI Artículos'!A:A,'[1]DATOS PBI Artículos'!W:W))/IF($O27="",$N27,$O27))),0)))) -> 2 | R27: =IF(U27<>"",U27,IF(F27="DV","MTO",IF(N27=0,"MTO",_xlfn.XLOOKUP(CONCATENATE(S27,T27),[1]CRITERIOS!$K$160:$K$168,[1]CRITERIOS!$N$160:$N$168)))) -> MTS | S27: =IF(G27="DV","MTO",IF(N27=0,"MTO",IF(OR(AND(N27=0,O27=""),IF(O27="",G27/N27,G27/O27)>[1]CRITERIOS!$G$163),"MTO",IF(IF(O27="",G27/N27,G27/O27)<[1]CRITERIOS!$H$161,"MTS","MTOS")))) -> MTO | T27: =IF(F27="DV","MTO",IF(OR(AND($N27=0,O27=""),$F27/$J27>[1]CRITERIOS!$G$170,$F27="DV"),"MTO",IF($F27/$J27<[1]CRITERIOS!$H$168,"MTS","MTOS"))) -> MTS | V27: =IF(R27="MTO","", IF($H27=0,(((($G27/$F27)*$J27)+$Z27)/$G27)*$G27, (($G27/$F27)*$J27)+$Z27)) -> 168097.08 | X27: =IF(R27="MTO",0,V27+N27) -> 282097.08 | Y27: =IF(R27="MTO",0,Z27+(N27/2)) -> 105742.24 | Z27: =IF($R27="MTO", 0, ($H27+$K27*($E27/[1]CRITERIOS!$M$16))/[1]CRITERIOS!$X$48) -> 48742.239 | AA27: =ROUNDUP(($Y27/_xlfn.XLOOKUP($A27,'[1]DATOS PBI Artículos'!$A$4:$A$4,'[1]DATOS PBI Artículos'!$Z$4:$Z$4))/_xlfn.XLOOKUP(_xlfn.XLOOKUP($A27,'[1]DATOS PBI Artículos'!$A$4:$A$4,'[1]DATOS PBI Artículos'!$Y$4:$Y$4),[1]CRITERIOS!$P$79:$P$123,[1]CRITERIOS!$S$79:$S$123,),0) -> #N/A | AB27: {=IF((E27+V27-_xlfn.XLOOKUP(A27,'[1]DATOS PBI Artículos'!$A$4:$A$4,'[1]DATOS PBI Artículos'!$W$4:$W$4))/N27>ROUNDUP([1]CRITERIOS!$M$16/(IF(COUNTIF([1]CRITERIOS!$BG$11:$BG$201,L27)>=1,_xlfn.XLOOKUP(ARTÍCULOS!L27,[1]CRITERIOS!$BG$11:$BG$201,[1]CRITERIOS!$BJ$11:$BJ$201),_xlfn.XLOOKUP(ARTÍCULOS!C27,[1]CRITERIOS!$K$25:$K$42,[1]CRITERIOS!$M$25:$M$42))),0),ROUNDUP([1]CRITERIOS!$M$16/(IF(COUNTIF([1]CRITERIOS!$BG$11:$BG$201,L27)>=1,_xlfn.XLOOKUP(ARTÍCULOS!L27,[1]CRITERIOS!$BG$11:$BG$201:#REF!,[1]CRITERIOS!$BJ$11:$BJ$201),_xlfn.XLOOKUP(ARTÍCULOS!C27,[1]CRITERIOS!$K$25:$K$42,[1]CRITERIOS!$M$25:$M$42))),0),(E27+V27-_xlfn.XLOOKUP(A27,'[1]DATOS PBI Artículos'!$A$4:$A$4,'[1]DATOS PBI Artículos'!$W$4:$W$4))/N27)} -> #N/A | AC27: =IF(N27=0,"",(ROUNDUP((N27/2)/(_xlfn.XLOOKUP(A27,'[1]DATOS PBI Artículos'!$A$4:$A$4,'[1]DATOS PBI Artículos'!$Z$4:$Z$4)*_xlfn.XLOOKUP(_xlfn.XLOOKUP(A27,'[1]DATOS PBI Artículos'!$A$4:$A$4,'[1]DATOS PBI Artículos'!$Y$4:$Y$4),[1]CRITERIOS!$P$79:$P$123,[1]CRITERIOS!$S$79:$S$123)),0)*[1]CRITERIOS!$M$80*([1]CRITERIOS!$M$110/[1]CRITERIOS!$M$86)+(_xlfn.XLOOKUP(A27,'[1]DATOS PBI Artículos'!$A$4:$A$4,'[1]DATOS PBI Artículos'!$AA$4:$AA$4)*([1]CRITERIOS!$M$95+[1]CRITERIOS!$M$98)))/N27) -> #N/A | AD27: =IF(N27=0,"",(ROUNDUP((N27/2)/(_xlfn.XLOOKUP(A27,'[1]DATOS PBI Artículos'!$A$4:$A$4,'[1]DATOS PBI Artículos'!$Z$4:$Z$4)*_xlfn.XLOOKUP(_xlfn.XLOOKUP(A27,'[1]DATOS PBI Artículos'!$A$4:$A$4,'[1]DATOS PBI Artículos'!$Y$4:$Y$4),[1]CRITERIOS!$P$79:$P$123,[1]CRITERIOS!$S$79:$S$123)),0)*[1]CRITERIOS!$M$80*([1]CRITERIOS!$M$89*[1]CRITERIOS!$M$92)+((_xlfn.XLOOKUP(A27,'[1]DATOS PBI Artículos'!$A$4:$A$4,'[1]DATOS PBI Artículos'!$AA$4:$AA$4)/2)*([1]CRITERIOS!$M$95+[1]CRITERIOS!$M$98)))/N27) -> #N/A | AE27: =IF($R27="MTO","", IF($H27=0,ROUNDUP(((_xlfn.XLOOKUP($A27,'[1]DATOS PBI Artículos'!$A:$A,'[1]DATOS PBI Artículos'!$AL:$AL))/(_xlfn.XLOOKUP($AF$1,[1]CRITERIOS!$S$16:$S$39,[1]CRITERIOS!$Y$16:$Y$39))*$J27+$Z27)/$G27,0)*$G27, ((_xlfn.XLOOKUP($A27,'[1]DATOS PBI Artículos'!$A:$A,'[1]DATOS PBI Artículos'!$AL:$AL))/(_xlfn.XLOOKUP($AF$1,[1]CRITERIOS!$S$16:$S$39,[1]CRITERIOS!$Y$16:$Y$39))*$J27+$Z27))) -> 208502.83 | AG27: =IF($R27="MTO","", IF($H27=0,ROUNDUP(((_xlfn.XLOOKUP($A27,'[1]DATOS PBI Artículos'!$A:$A,'[1]DATOS PBI Artículos'!$AM:$AM))/(_xlfn.XLOOKUP($AH$1,[1]CRITERIOS!$S$16:$S$39,[1]CRITERIOS!$Y$16:$Y$39))*$J27+$Z27)/$G27,0)*$G27, ((_xlfn.XLOOKUP($A27,'[1]DATOS PBI Artículos'!$A:$A,'[1]DATOS PBI Artículos'!$AM:$AM))/(_xlfn.XLOOKUP($AH$1,[1]CRITERIOS!$S$16:$S$39,[1]CRITERIOS!$Y$16:$Y$39))*$J27+$Z27))) -> 163501.39 | AI27: =IF($R27="MTO","", IF($H27=0,ROUNDUP(((_xlfn.XLOOKUP($A27,'[1]DATOS PBI Artículos'!$A:$A,'[1]DATOS PBI Artículos'!$AN:$AN))/(_xlfn.XLOOKUP($AJ$1,[1]CRITERIOS!$S$16:$S$39,[1]CRITERIOS!$Y$16:$Y$39))*$J27+$Z27)/$G27,0)*$G27, ((_xlfn.XLOOKUP($A27,'[1]DATOS PBI Artículos'!$A:$A,'[1]DATOS PBI Artículos'!$AN:$AN))/(_xlfn.XLOOKUP($AJ$1,[1]CRITERIOS!$S$16:$S$39,[1]CRITERIOS!$Y$16:$Y$39))*$J27+$Z27))) -> 186194.91 | AK27: =IF($R27="MTO","", IF($H27=0,ROUNDUP(((_xlfn.XLOOKUP($A27,'[1]DATOS PBI Artículos'!$A:$A,'[1]DATOS PBI Artículos'!$AO:$AO))/(_xlfn.XLOOKUP($AL$1,[1]CRITERIOS!$S$16:$S$39,[1]CRITERIOS!$Y$16:$Y$39))*$J27+$Z27)/$G27,0)*$G27, ((_xlfn.XLOOKUP($A27,'[1]DATOS PBI Artículos'!$A:$A,'[1]DATOS PBI Artículos'!$AO:$AO))/(_xlfn.XLOOKUP($AL$1,[1]CRITERIOS!$S$16:$S$39,[1]CRITERIOS!$Y$16:$Y$39))*$J27+$Z27))) -> 198441.92
